Time (sec),Mach Number,Weight (kg),Stability Margin (cal),Altitude (m)
0,0,24.04493153,2.124359,0
0.01,0.01,24.04493153,2.12747,0.001578355
0.02,0.01,24.04227802,2.130582,0.00837242
0.03,0.01,24.03432201,2.133693,0.024502012
0.04,0.01,24.02106804,2.136805,0.054091942
0.05,0.01117201,24.00250704,2.139916,0.100033287
0.05999999,0.01631012,23.98023565,2.143028,0.163353994
0.06999999,0.02156837,23.9565037,2.14614,0.244299151
0.07999999,0.02685314,23.93264021,2.149251,0.342957607
0.08999999,0.03216451,23.90868599,2.152363,0.45941803
0.09999999,0.03750252,23.88464106,2.155474,0.593769907
0.11,0.04286724,23.86050541,2.158586,0.746050426
0.12,0.04822769,23.83633801,2.161697,0.916239468
0.13,0.05358041,23.81222958,2.164809,1.104311126
0.14,0.05892533,23.78817557,2.16792,1.310238883
0.15,0.06426241,23.76418054,2.171031,1.533996526
0.16,0.06959162,23.74023993,2.174143,1.775557231
0.17,0.07491291,23.71635829,2.177254,2.034894787
0.18,0.08022624,23.69253109,2.180366,2.311982066
0.19,0.08553156,23.66876285,2.183477,2.606791942
0.2,0.09082884,23.64505357,2.186589,2.919316488
0.21,0.09612948,23.62137605,2.1897,3.249567288
0.22,0.1014335,23.59770306,2.192812,3.5975544
0.23,0.1067409,23.57404369,2.195924,3.963290016
0.24,0.1120517,23.55038884,2.199035,4.34678328
0.25,0.1173657,23.52674307,2.202147,4.756934352
0.26,0.1226828,23.50310638,2.205258,5.184870504
0.27,0.1280033,23.47947875,2.208369,5.63060088
0.28,0.1333271,23.45585566,2.211481,6.094137672
0.29,0.1386541,23.43224618,2.214592,6.575493072
0.3,0.1439844,23.40864123,2.217704,7.074676224
0.31,0.149318,23.38504535,2.220815,7.59169932
0.32,0.1546549,23.36145855,2.223927,8.126568456
0.33,0.159995,23.33788082,2.227038,8.679298872
0.3399999,0.1653383,23.31430762,2.23015,9.249896664
0.3499999,0.1706849,23.29074804,2.233261,9.838377072
0.3599999,0.1760347,23.26719298,2.236373,10.44474619
0.3699999,0.1813877,23.243647,2.239484,11.06901926
0.3799999,0.1867439,23.2201101,2.242596,11.71120238
0.3899999,0.1921033,23.19658226,2.245707,12.37131689
0.3999999,0.1974691,23.17305442,2.248819,13.04938411
0.4099999,0.2028412,23.14952205,2.25193,13.74542539
0.4199999,0.2082197,23.12598514,2.255042,14.45945902
0.4299999,0.2136046,23.1024437,2.258153,15.19151242
0.4399998,0.2189957,23.07889772,2.261265,15.94159778
0.4499998,0.2243933,23.0553472,2.264376,16.70974255
0.4599998,0.2297972,23.03179215,2.267488,17.49596501
0.4699998,0.2352075,23.00822803,2.270599,18.30028649
0.4799998,0.2406241,22.9846639,2.273711,19.12272528
0.4899998,0.2460471,22.96109071,2.276822,19.96330577
0.4999998,0.2514764,22.93751751,2.279934,20.82204624
0.5099998,0.2569121,22.91393525,2.283045,21.69896498
0.5199998,0.2623542,22.89034844,2.286157,22.59408943
0.5299998,0.2678026,22.8667571,2.289268,23.50743178
0.5399998,0.2732573,22.84316576,2.29238,24.43901945
0.5499998,0.2787184,22.81956535,2.295491,25.38887074
0.5599998,0.2841858,22.79596041,2.298603,26.35700698
0.5699998,0.2896596,22.77235092,2.301714,27.34344646
0.5799997,0.2951396,22.74873237,2.304826,28.34821356
0.5899997,0.3006261,22.72511381,2.307937,29.37132658
0.5999997,0.3061188,22.70149072,2.311049,30.41280379
0.6099997,0.311618,22.6778631,2.31416,31.47267264
0.6199997,0.3171234,22.6542264,2.317272,32.55093312
0.6299997,0.3226352,22.6305897,2.320383,33.647634
0.6399997,0.3281532,22.60694393,2.323495,34.76277528
0.6499997,0.3336775,22.58329362,2.326606,35.89641792
0.6599997,0.339208,22.55964332,2.329718,37.04850096
0.6699997,0.3447449,22.53598394,2.332829,38.21911584
0.6799996,0.350288,22.51232003,2.335941,39.40826256
0.6899996,0.3558373,22.48865158,2.339052,40.61594112
0.6999996,0.3613929,22.46497859,2.342164,41.84221248
0.7099996,0.3669548,22.44130107,2.345275,43.08704616
0.7199996,0.3725229,22.41761901,2.348387,44.35050312
0.7299996,0.3780973,22.39392788,2.351498,45.63258336
0.7399996,0.3836779,22.37023675,2.35461,46.93331736
0.7499996,0.3892647,22.34654109,2.357721,48.2527356
0.7599996,0.3948578,22.32283635,2.360833,49.5908076
0.7699996,0.4004571,22.29913161,2.363944,50.9476248
0.7799996,0.4060625,22.2754178,2.367056,52.32312624
0.7899995,0.4116742,22.25169946,2.370167,53.71740336
0.7999995,0.4172921,22.22798111,2.373279,55.13045616
0.8099995,0.4229163,22.2042537,2.37639,56.56228464
0.8199995,0.4285466,22.18052174,2.379502,58.01291928
0.8299995,0.4341831,22.15678525,2.382613,59.48239056
0.8399995,0.4398258,22.13304423,2.385725,60.97069848
0.8499995,0.4454746,22.10929867,2.388836,62.47787352
0.8599995,0.4511297,22.08554404,2.391948,64.00394616
0.8699995,0.4567909,22.0617894,2.395059,65.5489164
0.8799995,0.4624583,22.03803024,2.398171,67.11281472
0.8899994,0.4681318,22.014262,2.401282,68.69564112
0.8999994,0.4738114,21.99049376,2.404394,70.29745656
0.9099994,0.4794973,21.96671644,2.407505,71.91823056
0.9199994,0.4851892,21.9429346,2.410617,73.55802408
0.9299994,0.4908873,21.91915275,2.413728,75.21683712
0.9399994,0.4965914,21.89536183,2.41684,76.89466968
0.9499994,0.5023018,21.87156637,2.419951,78.59158272
0.9599994,0.5080181,21.84776638,2.423063,80.30757624
0.9699994,0.5137407,21.82396185,2.426174,82.04268072
0.9799994,0.5194701,21.80015279,2.429286,83.79689616
0.9899994,0.5252073,21.77633012,2.432397,85.57028352
0.9999993,0.5309522,21.75249838,2.435508,87.36281232
1.009999,0.5367047,21.72865302,2.43862,89.174574
1.019999,0.542465,21.7047986,2.441731,91.00553808
1.029999,0.5482331,21.68093511,2.444843,92.85576552
1.039999,0.5540088,21.657058,2.447954,94.72525632
1.049999,0.5597922,21.63316729,2.451066,96.61407144
1.059999,0.5655833,21.60926751,2.454178,98.5221804
1.069999,0.5713822,21.58535866,2.457289,100.4496442
1.079999,0.5771887,21.5614362,2.460401,102.3964627
1.089999,0.583003,21.53750013,2.463512,104.362697
1.099999,0.5888249,21.51355952,2.466624,106.3483471
1.109999,0.5946547,21.48960077,2.469735,108.3534434
1.119999,0.6004921,21.46563295,2.472847,110.3780165
1.129999,0.6063374,21.44165606,2.475958,112.4220662
1.139999,0.6121904,21.41766556,2.479069,114.4856537
1.149999,0.618051,21.39366599,2.482181,116.5687788
1.159999,0.6239194,21.36965281,2.485292,118.6714416
1.169999,0.6297954,21.34563056,2.488404,120.7937335
1.179999,0.6356791,21.3215947,2.491515,122.9356241
1.189999,0.6415704,21.29754976,2.494627,125.0971438
1.199999,0.6474695,21.27349576,2.497738,127.278323
1.209999,0.6533762,21.24942815,2.50085,129.4791924
1.219999,0.6592906,21.22534693,2.503961,131.6997823
1.229999,0.6652126,21.20125664,2.507073,133.9401233
1.239999,0.6711423,21.17715274,2.510185,136.2001848
1.249999,0.6770796,21.15304431,2.513296,138.4800583
1.259999,0.6830246,21.12891773,2.516407,140.7797438
1.269999,0.6889772,21.10478208,2.519519,143.0992414
1.279999,0.6949375,21.08063736,2.52263,145.4385814
1.289999,0.7009054,21.05647903,2.525742,147.7978248
1.299999,0.7068809,21.03230709,2.528853,150.1769717
1.309999,0.7128641,21.00812608,2.531965,152.576022
1.319999,0.7188549,20.983936,2.535076,154.9950367
1.329999,0.7248533,20.95973231,2.538188,157.4340158
1.339999,0.7308593,20.93551501,2.541299,159.8929898
1.349999,0.7368729,20.91129318,2.544411,162.3719892
1.359999,0.7428941,20.88705774,2.547522,164.8710444
1.369999,0.7489229,20.86280869,2.550634,167.3901554
1.379999,0.7549593,20.83855057,2.553745,169.9293528
1.389999,0.7610034,20.81427885,2.556857,172.4886974
1.399999,0.7670549,20.78999805,2.559968,175.0681284
1.409999,0.7731141,20.76570817,2.56308,177.6677676
1.419999,0.7791808,20.7414047,2.566191,180.2875541
1.429999,0.7852551,20.71708761,2.569303,182.9275793
1.439999,0.791337,20.69276145,2.572414,185.5878127
1.449999,0.7974263,20.66842168,2.575526,188.2683154
1.459999,0.8035233,20.64407284,2.578637,190.9690567
1.469999,0.8096278,20.6197104,2.581749,193.6901587
1.479999,0.8157398,20.59533888,2.58486,196.4315299
1.489999,0.8218595,20.57095829,2.587972,199.1932922
1.499999,0.8279865,20.54656409,2.591083,201.9754152
1.509999,0.8341211,20.52215629,2.594195,204.7779293
1.519999,0.8402632,20.49774395,2.597306,207.6008345
1.529999,0.8464129,20.47331346,2.600418,210.4441918
1.539999,0.85257,20.4488739,2.603529,213.3080316
1.549999,0.8587347,20.42442074,2.606641,216.1923235
1.559999,0.8649067,20.39996304,2.609752,219.097159
1.569999,0.8710863,20.37549173,2.612864,222.0225074
1.579999,0.8772733,20.35100681,2.615975,224.9683994
1.589999,0.8834679,20.32651283,2.619087,227.9348959
1.599999,0.8896699,20.30200523,2.622198,230.9219664
1.609999,0.8958793,20.27748856,2.62531,233.9296718
1.619999,0.9020962,20.25295829,2.619996,236.9580122
1.629999,0.9083204,20.22841894,2.598093,240.0070181
1.639999,0.9145508,20.20386599,2.576164,243.0766894
1.649999,0.9207854,20.17930396,2.554219,246.1670261
1.659999,0.9270223,20.15473286,2.532265,249.2780892
1.669999,0.9332615,20.13014815,2.5103,252.4098178
1.679999,0.9395061,20.10554984,2.488315,255.5622727
1.689999,0.9457561,20.08094245,2.466307,258.7354541
1.699999,0.9520111,20.056326,2.44428,261.9293923
1.709999,0.9582715,20.03169593,2.42223,265.1440874
1.719999,0.9645369,20.00705679,2.400162,268.3795394
1.729999,0.9708074,19.98240405,2.378072,271.6357788
1.739999,0.9770827,19.95773769,2.355963,274.9128665
1.749999,0.9833632,19.9330668,2.333833,278.2107415
1.759999,0.9896484,19.90837777,2.311684,281.5294344
1.769999,0.9959384,19.88367967,2.289516,284.8690061
1.779999,1.002233,19.85896795,2.26733,288.2293956
1.789999,1.008532,19.83425171,2.245125,291.6106639
1.799999,1.014836,19.80951731,2.222901,295.012811
1.809999,1.021145,19.78477839,2.200657,298.4358674
1.819999,1.027458,19.76002132,2.178396,301.8798331
1.829999,1.033775,19.73525971,2.15612,305.3446776
1.839999,1.040096,19.71047996,2.133827,308.8303704
1.849999,1.046422,19.68569113,2.111514,312.3370944
1.859999,1.052752,19.66089324,2.100856,315.8648496
1.869999,1.059087,19.63608174,2.105337,319.413636
1.879999,1.065429,19.61126116,2.109777,322.9831488
1.889999,1.071777,19.58643152,2.114178,326.5739976
1.899999,1.078133,19.56158826,2.118549,330.1855728
1.909999,1.084494,19.5367314,2.122895,333.8181792
1.919999,1.090863,19.51186547,2.127214,337.4721216
1.929999,1.097238,19.48699046,2.131513,341.1470952
1.939999,1.103619,19.46210185,2.135795,344.8431
1.949998,1.110008,19.43719963,2.140062,348.560136
1.959998,1.116402,19.41228833,2.144312,352.298508
1.969998,1.122803,19.38736797,2.148551,356.0579112
1.979998,1.129211,19.362434,2.152777,359.8386504
1.989998,1.135625,19.33749095,2.156992,363.6404208
1.999998,1.142045,19.3125343,2.161197,367.4635272
2.009999,1.148472,19.28756404,2.165395,371.3079696
2.019999,1.154905,19.26258924,2.169583,375.1734432
2.029999,1.161344,19.2375963,2.173765,379.0602528
2.039999,1.167791,19.21259883,2.177941,382.9683984
2.049999,1.174244,19.18758321,2.182111,386.89788
2.059999,1.180703,19.16256305,2.186275,390.8486976
2.069999,1.18717,19.13752475,2.190434,394.8208512
2.079998,1.193643,19.11247738,2.194587,398.8143408
2.089998,1.200123,19.08742094,2.198738,402.8291664
2.099998,1.206609,19.06235089,2.202886,406.8656328
2.109998,1.213102,19.03727177,2.207029,410.9234352
2.119998,1.219603,19.01217904,2.211169,415.0025736
2.129998,1.226109,18.98707724,2.215306,419.103048
2.139998,1.232623,18.96196636,2.219441,423.225468
2.149998,1.239143,18.93684188,2.223575,427.3689192
2.159998,1.24567,18.91170379,2.227705,431.534316
2.169998,1.252204,18.88655663,2.231835,435.7210488
2.179998,1.258744,18.8614004,2.235961,439.9294224
2.189998,1.265288,18.83623056,2.240088,444.159132
2.199998,1.271833,18.81106525,2.244212,448.4104824
2.209998,1.278379,18.78590902,2.248334,452.6834736
2.219998,1.284925,18.76076186,2.252455,456.9781056
2.229998,1.291473,18.73562377,2.256574,461.2940736
2.239998,1.29802,18.71049022,2.260691,465.6316824
2.249998,1.304569,18.68536574,2.264806,469.990932
2.259998,1.311117,18.66025033,2.268921,474.3715176
2.269998,1.317666,18.63514399,2.273034,478.773744
2.279998,1.324216,18.61004219,2.277147,483.1976112
2.289998,1.330765,18.58495399,2.275814,487.6431192
2.299998,1.337316,18.5598658,2.245692,492.1099632
2.309998,1.343868,18.53479121,2.220661,496.598448
2.319998,1.350424,18.50972116,2.200266,501.1082688
2.329998,1.356983,18.48466472,2.184095,505.6397304
2.339998,1.363544,18.45961281,2.171739,510.1928328
2.349998,1.370108,18.43456998,2.162813,514.767576
2.359998,1.376674,18.40953168,2.156967,519.36396
2.369998,1.383244,18.38450699,2.153864,523.98168
2.379998,1.389816,18.35948683,2.153197,528.6210408
2.389998,1.39639,18.33447575,2.15507,533.2823472
2.399998,1.402968,18.3094692,2.159265,537.9646848
2.409998,1.409548,18.28447626,2.165133,542.668968
2.419998,1.416131,18.25948786,2.172461,547.394892
2.429998,1.422717,18.23450853,2.18105,552.1424568
2.439998,1.429306,18.20953827,2.190718,556.9113576
2.449998,1.435897,18.18457254,2.201313,561.702204
2.459998,1.442492,18.15961589,2.212684,566.5143864
2.469998,1.449089,18.13466831,2.224711,571.3485144
2.479998,1.455689,18.1097298,2.237272,576.2039784
2.489998,1.462291,18.08480037,2.250267,581.081388
2.499998,1.468897,18.05987547,2.263609,585.9801336
2.509998,1.475505,18.03495964,2.277207,590.9008248
2.519998,1.482116,18.01005288,2.291002,595.8431568
2.529998,1.48873,17.98515066,2.304927,600.8071296
2.539998,1.495347,17.96026205,2.318922,605.7927432
2.549998,1.501967,17.93537797,2.332942,610.7999976
2.559998,1.50859,17.91050296,2.346946,615.8288928
2.569998,1.515216,17.88563703,2.360895,620.8794288
2.579998,1.521845,17.86077563,2.374754,625.9519104
2.589998,1.528476,17.83592784,2.388494,631.0460328
2.599998,1.535111,17.81108459,2.402098,636.161796
2.609998,1.541748,17.7862504,2.41554,641.2992
2.619998,1.548389,17.76142076,2.4288,646.4585496
2.629998,1.555032,17.73660472,2.441866,651.63954
2.639998,1.561679,17.71179322,2.454726,656.8421712
2.649998,1.568329,17.68698625,2.467369,662.0664432
2.659998,1.574981,17.66219289,2.479783,667.3126608
2.669998,1.581637,17.63740407,2.491962,672.5805192
2.679998,1.588296,17.61262432,2.503902,677.8703232
2.689998,1.594958,17.58785364,2.5156,683.181768
2.699998,1.601623,17.56309203,2.527049,688.5151584
2.709998,1.608292,17.53833496,2.538249,693.8701896
2.719998,1.614963,17.5135915,2.5492,699.2468616
2.729998,1.621637,17.48884803,2.559897,704.6454792
2.739998,1.628316,17.46411818,2.570347,710.0657376
2.749998,1.634997,17.43939739,2.580545,715.5079416
2.759998,1.641681,17.41468114,2.590493,720.9720912
2.769998,1.648369,17.38997397,2.600196,726.4578816
2.779998,1.65506,17.36527586,2.609653,731.9656176
2.789998,1.661754,17.34058683,2.618868,737.4949944
2.799998,1.668451,17.31590233,2.627844,743.0463168
2.809998,1.675152,17.29122691,2.636584,748.6195848
2.819998,1.681857,17.26656055,2.645088,754.2144936
2.829998,1.688565,17.24190327,2.653365,759.831348
2.839998,1.695276,17.21725053,2.661414,765.470148
2.849998,1.70199,17.19260685,2.66924,771.1305888
2.859998,1.708708,17.16797225,2.676848,776.81328
2.869998,1.71543,17.14334672,2.684239,782.517612
2.879998,1.722155,17.11872573,2.691417,788.2438896
2.889998,1.728884,17.09411381,2.698389,793.991808
2.899998,1.735614,17.06951549,2.705156,799.7619768
2.909998,1.742343,17.04493079,2.711718,805.5540912
2.919998,1.749069,17.02037783,2.718084,811.3678464
2.929998,1.755793,16.99584756,2.724254,817.2032424
2.939998,1.762515,16.9713445,2.730235,823.0608888
2.949998,1.769235,16.94686412,2.73603,828.940176
2.959998,1.775953,16.92241095,2.741643,834.841104
2.969998,1.782668,16.89798047,2.747078,840.7639776
2.979998,1.789382,16.8735772,2.752339,846.7087968
2.989998,1.796093,16.84920114,2.757433,852.6752568
2.999998,1.802802,16.8248523,2.762359,858.6633576
3.009998,1.80951,16.80052161,2.767123,864.673404
3.019998,1.816215,16.77622267,2.77173,870.7050912
3.029998,1.822918,16.7519464,2.776182,876.758724
3.039998,1.829619,16.72770189,2.780483,882.8336928
3.049998,1.836318,16.70347552,2.784639,888.9306072
3.059998,1.843015,16.67927637,2.788648,895.0491624
3.069998,1.84971,16.65510443,2.792518,901.1896632
3.079998,1.856402,16.63095517,2.796247,907.3515
3.089998,1.863093,16.60683313,2.799847,913.5349776
3.099998,1.869782,16.58273377,2.803317,919.7404008
3.109998,1.876469,16.55866616,2.806653,925.96716
3.119998,1.883154,16.53461669,2.809869,932.2158648
3.129997,1.889837,16.51059897,2.812964,938.4859056
3.139997,1.896518,16.48660394,2.815936,944.7775872
3.149997,1.903197,16.46263158,2.818794,951.0909096
3.159997,1.909874,16.43868644,2.82154,957.4258728
3.169997,1.916549,16.41476851,2.824171,963.7824768
3.179997,1.923223,16.3908778,2.826699,970.1604168
3.189997,1.929894,16.36700977,2.829118,976.5599976
3.199997,1.936563,16.34316442,2.831434,982.9812192
3.209997,1.943231,16.31934629,2.833651,989.4237768
3.219997,1.949897,16.29555537,2.835768,995.8879752
3.229997,1.956561,16.27179166,2.83779,1002.37351
3.239997,1.963223,16.24805064,2.839718,1008.880685
3.249997,1.969883,16.22433229,2.841555,1015.409196
3.259997,1.976542,16.20064116,2.843299,1021.959348
3.269997,1.983199,16.17697725,2.844956,1028.530836
3.279997,1.989855,16.15334055,2.846529,1035.123965
3.289997,1.996509,16.12973107,2.848019,1041.73843
3.299997,2.003162,16.10614427,2.849427,1048.37423
3.309997,2.009814,16.08258014,2.850752,1055.031672
3.319997,2.016464,16.05904323,2.852,1061.71045
3.329997,2.023112,16.03552901,2.853173,1068.410258
3.339997,2.029758,16.01204653,2.854273,1075.132013
3.349997,2.036403,15.9885822,2.855299,1081.874798
3.359997,2.043047,15.96514961,2.856252,1088.63892
3.369997,2.049688,15.94173971,2.857135,1095.424682
3.379997,2.056328,15.91835249,2.857955,1102.231476
3.389997,2.062967,15.89499702,2.858704,1109.05991
3.399997,2.069604,15.87166423,2.859389,1115.909376
3.409997,2.076239,15.84835411,2.860011,1122.780482
3.419997,2.082873,15.82507122,2.86057,1129.67262
3.429997,2.089505,15.80181554,2.861069,1136.586094
3.439997,2.096136,15.77858707,2.861509,1143.520903
3.449997,2.102765,15.75537675,2.86189,1150.477049
3.459997,2.109392,15.73219818,2.862214,1157.454226
3.469997,2.116018,15.70904229,2.862481,1164.453043
3.479997,2.122643,15.68591362,2.862695,1171.472587
3.489997,2.129266,15.66281216,2.862856,1178.513772
3.499997,2.135887,15.63973338,2.862967,1185.575988
3.509997,2.142508,15.61667728,2.863022,1192.65954
3.519997,2.149126,15.59364839,2.863032,1199.764123
3.529997,2.155744,15.57064672,2.862993,1206.890042
3.539997,2.162359,15.54767227,2.862905,1214.036993
3.549997,2.168974,15.52472049,2.862772,1221.205279
3.559997,2.175587,15.50179594,2.862591,1228.394597
3.569997,2.182199,15.47889406,2.862368,1235.604946
3.579997,2.188809,15.45601939,2.862098,1242.83663
3.589997,2.195418,15.43316741,2.861789,1250.089346
3.599997,2.202025,15.41034718,2.861438,1257.363398
3.609997,2.208632,15.38754963,2.861043,1264.658177
3.619997,2.215237,15.36477475,2.86061,1271.974291
3.629997,2.221841,15.3420271,2.860139,1279.311437
3.639997,2.228443,15.31930212,2.85963,1286.669614
3.649997,2.235044,15.29660889,2.859079,1294.049126
3.659997,2.241644,15.27393381,2.858495,1301.449366
3.669997,2.248234,15.25129048,2.857881,1308.870636
3.679997,2.254778,15.22875601,2.857255,1316.312328
3.689997,2.261278,15.20635762,2.856622,1323.775051
3.699997,2.267733,15.18410891,2.855979,1331.257891
3.709997,2.274141,15.16200082,2.855335,1338.761153
3.719997,2.280504,15.14003788,2.854686,1346.284226
3.729997,2.286822,15.11821555,2.854032,1353.827417
3.739997,2.293093,15.09653837,2.853381,1361.390419
3.749997,2.299318,15.07500634,2.852727,1368.973234
3.759997,2.305497,15.05361492,2.852073,1376.57525
3.769997,2.31163,15.03236866,2.851422,1384.19647
3.779997,2.317716,15.01126754,2.850776,1391.837196
3.789997,2.323755,14.99030704,2.850131,1399.496515
3.799997,2.329748,14.96949168,2.849496,1407.174732
3.809997,2.335694,14.94881694,2.848868,1414.871846
3.819997,2.341593,14.92828735,2.848245,1422.587249
3.829997,2.347444,14.90789837,2.847631,1430.321244
3.839997,2.353248,14.88765908,2.847028,1438.073222
3.849997,2.359005,14.8675604,2.846432,1445.843184
3.859997,2.364713,14.84760234,2.845852,1453.631129
3.869997,2.370375,14.82779396,2.845283,1461.436752
3.879997,2.375988,14.80812166,2.844728,1469.259749
3.889997,2.381553,14.78859904,2.844186,1477.100424
3.899997,2.38707,14.76921704,2.843662,1484.958168
3.909997,2.392539,14.74998019,2.843151,1492.832981
3.919997,2.397959,14.73088395,2.842659,1500.724558
3.929997,2.403331,14.7119374,2.842182,1508.632898
3.939997,2.408654,14.69312692,2.841722,1516.557698
3.949997,2.413928,14.6744616,2.841288,1524.498958
3.959997,2.419152,14.65594596,2.840868,1532.456676
3.969997,2.424328,14.63756639,2.840466,1540.429939
3.979997,2.429455,14.61933198,2.840091,1548.419357
3.989997,2.434532,14.60124272,2.839736,1556.424624
3.999997,2.439559,14.58329407,2.839402,1564.445131
4.009997,2.444537,14.56549057,2.839088,1572.481488
4.019997,2.449465,14.54783221,2.838803,1580.53278
4.029997,2.454344,14.53031448,2.838536,1588.599007
4.039998,2.45917,14.51294189,2.8383,1596.68017
4.049998,2.463945,14.49570992,2.838089,1604.775962
4.059998,2.468668,14.47862309,2.837903,1612.886386
4.069998,2.473339,14.46168142,2.837744,1621.011134
4.079998,2.477958,14.44488035,2.837613,1629.149904
4.089999,2.482524,14.42822898,2.837512,1637.302694
4.099999,2.487039,14.41171368,2.83744,1645.469201
4.109999,2.491501,14.39534807,2.837393,1653.649728
4.119999,2.49591,14.37911853,2.837383,1661.843362
4.13,2.500267,14.36303868,2.837398,1670.050406
4.14,2.50457,14.34709945,2.837446,1678.270558
4.15,2.508821,14.33130536,2.837522,1686.50351
4.16,2.513019,14.31565189,2.837632,1694.749265
4.170001,2.517164,14.30014357,2.837775,1703.007516
4.180001,2.521255,14.28478039,2.837948,1711.278569
4.190001,2.525331,14.26951247,2.838128,1719.561814
4.200001,2.52939,14.25428991,2.83831,1727.857555
4.210001,2.533434,14.23912178,2.838503,1736.165489
4.220002,2.537462,14.22399901,2.8387,1744.485919
4.230002,2.541475,14.20892614,2.838902,1752.818542
4.240002,2.545471,14.19390316,2.839113,1761.163051
4.250002,2.549452,14.17893008,2.839329,1769.520058
4.260003,2.553416,14.16400235,2.83955,1777.888951
4.270003,2.557365,14.14912906,2.839779,1786.269732
4.280003,2.561297,14.13430112,2.840017,1794.662705
4.290003,2.565214,14.11952308,2.840257,1803.067565
4.300004,2.569115,14.10479494,2.84051,1811.484007
4.310004,2.572999,14.09011215,2.840767,1819.912337
4.320004,2.576868,14.07547926,2.841033,1828.352249
4.330004,2.58072,14.06089627,2.841304,1836.804048
4.340004,2.584556,14.04636317,2.841584,1845.26743
4.350005,2.588376,14.03187997,2.841873,1853.742394
4.360005,2.59218,14.01744666,2.842172,1862.228635
4.370005,2.595968,14.00305871,2.842475,1870.726459
4.380005,2.599739,13.98872065,2.842787,1879.235866
4.390006,2.603494,13.97443249,2.843108,1887.756245
4.400006,2.607232,13.96019423,2.843437,1896.288206
4.410006,2.610955,13.94600586,2.843776,1904.831141
4.420006,2.614661,13.93186285,2.844124,1913.385353
4.430007,2.618351,13.91776973,2.844481,1921.950538
4.440007,2.622023,13.90372651,2.844843,1930.527
4.450007,2.62568,13.88973319,2.845218,1939.11413
4.460007,2.62932,13.87578976,2.8456,1947.712234
4.470007,2.632944,13.86189623,2.845991,1956.32131
4.480008,2.636551,13.84804805,2.846394,1964.941358
4.490008,2.640142,13.83424977,2.846803,1973.57177
4.500008,2.643716,13.82050139,2.847224,1982.213155
4.510008,2.64725,13.80682104,2.847671,1990.864598
4.520009,2.650734,13.79326316,2.848154,1999.52671
4.530009,2.654167,13.77984137,2.848672,2008.198879
4.540009,2.657551,13.76654657,2.849224,2016.880802
4.550009,2.660885,13.75338332,2.849815,2025.572479
4.560009,2.664167,13.74034708,2.85044,2034.27391
4.57001,2.6674,13.72744237,2.851099,2042.984789
4.58001,2.670582,13.71466468,2.851796,2051.704812
4.59001,2.673713,13.70201852,2.85253,2060.433979
4.60001,2.676793,13.68950391,2.8533,2069.17229
4.610011,2.679823,13.67712084,2.854107,2077.919136
4.620011,2.682802,13.66486024,2.854949,2086.674516
4.630011,2.68573,13.65273571,2.855831,2095.43843
4.640011,2.688607,13.64073819,2.856748,2104.210574
4.650012,2.691432,13.62887222,2.857704,2112.990948
4.660012,2.694207,13.61713325,2.858698,2121.778942
4.670012,2.69693,13.60552582,2.859727,2130.57486
4.680012,2.699602,13.59404539,2.860795,2139.378398
4.690012,2.702222,13.58270105,2.861904,2148.189252
4.700013,2.704791,13.57147917,2.863047,2157.007421
4.710013,2.707309,13.56039338,2.864231,2165.8326
4.720013,2.709774,13.54943459,2.865452,2174.66479
4.730013,2.712189,13.5386028,2.866711,2183.50338
4.740014,2.714551,13.52790709,2.86801,2192.348676
4.750014,2.716862,13.51733385,2.869349,2201.200373
4.760014,2.719121,13.50689669,2.870724,2210.05847
4.770014,2.721328,13.49658654,2.872139,2218.922359
4.780015,2.723482,13.48640339,2.873595,2227.792039
4.790015,2.725585,13.47635632,2.875092,2236.66751
4.800015,2.727636,13.46643172,2.876623,2245.548773
4.810015,2.729635,13.45664319,2.878195,2254.434912
4.820015,2.731581,13.44698168,2.879808,2263.326538
4.830016,2.733476,13.43744717,2.88146,2272.22304
4.840016,2.735317,13.42804873,2.883154,2281.124419
4.850016,2.737107,13.4187773,2.884886,2290.030675
4.860016,2.738844,13.40963288,2.886657,2298.941198
4.870017,2.740529,13.40062,2.888466,2307.855989
4.880017,2.742161,13.39173866,2.890319,2316.774742
4.890017,2.743741,13.38298433,2.89221,2325.697762
4.900017,2.745292,13.37433432,2.894123,2334.624744
4.910017,2.746818,13.36575236,2.896054,2343.555689
4.920018,2.748318,13.35723843,2.898007,2352.490596
4.930018,2.749793,13.348788,2.899979,2361.428856
4.940018,2.751242,13.34041015,2.901969,2370.371078
4.950018,2.752665,13.33209127,2.903982,2379.316654
4.960019,2.754062,13.32384496,2.906013,2388.265582
4.970019,2.755434,13.31566669,2.908062,2397.218167
4.980019,2.75678,13.30755192,2.910131,2406.173801
4.990019,2.758101,13.29950065,2.912219,2415.132787
5.00002,2.759395,13.29152196,2.914329,2424.094517
5.01002,2.760664,13.28360678,2.916455,2433.059599
5.02002,2.761906,13.27576416,2.918605,2442.027425
5.03002,2.763124,13.26798052,2.920776,2450.998298
5.04002,2.764315,13.26026945,2.922962,2459.971915
5.050021,2.76548,13.25262188,2.925169,2468.948275
5.060021,2.76662,13.24504235,2.927399,2477.927074
5.070021,2.767733,13.23752633,2.929646,2486.90831
5.080021,2.768821,13.23008288,2.931912,2495.89229
5.090022,2.769882,13.22270293,2.934203,2504.878404
5.100022,2.770919,13.21538648,2.936508,2513.866956
5.110022,2.771928,13.20814261,2.938834,2522.857642
5.120022,2.772912,13.20096678,2.941185,2531.850461
5.130023,2.77387,13.19384992,2.943554,2540.844804
5.140023,2.774802,13.18680563,2.945941,2549.841586
5.150023,2.775708,13.17982938,2.948346,2558.840196
5.160023,2.776588,13.17291663,2.950772,2567.84033
5.170023,2.777442,13.16606739,2.953222,2576.842294
5.180024,2.778269,13.15929072,2.955691,2585.845781
5.190024,2.779071,13.15258208,2.958177,2594.850792
5.200024,2.779847,13.14593696,2.960687,2603.857327
5.210024,2.780596,13.13935533,2.963215,2612.865082
5.220025,2.78132,13.13284628,2.965766,2621.87375
5.230025,2.782018,13.12640073,2.968332,2630.883943
5.240025,2.782689,13.12002322,2.970924,2639.89505
5.250025,2.783334,13.11371375,2.973534,2648.907377
5.260026,2.783953,13.10746779,2.976164,2657.920313
5.270026,2.784546,13.10128986,2.978815,2666.934163
5.280026,2.785113,13.09517997,2.981483,2675.948623
5.290026,2.785654,13.08913812,2.984176,2684.963998
5.300026,2.786169,13.08315977,2.986887,2693.979677
5.310027,2.786657,13.077254,2.989617,2702.995966
5.320027,2.787119,13.07140719,2.992371,2712.012559
5.330027,2.787555,13.06563296,2.995144,2721.029458
5.340027,2.787964,13.05992224,2.997933,2730.046661
5.350028,2.788348,13.05427955,3.000748,2739.063864
5.360028,2.788705,13.0487049,3.003582,2748.081067
5.370028,2.789036,13.04319375,3.006436,2757.09827
5.380028,2.789341,13.03775064,3.009306,2766.115474
5.390028,2.78962,13.03237557,3.012202,2775.132372
5.400029,2.789872,13.02706854,3.015116,2784.148966
5.410029,2.790098,13.02182501,3.018054,2793.165254
5.420029,2.790298,13.01664952,3.02101,2802.180934
5.430029,2.790472,13.01154207,3.023986,2811.196003
5.44003,2.790619,13.00650266,3.026981,2820.210463
5.45003,2.79074,13.00152675,3.029998,2829.224314
5.46003,2.790835,12.99661888,3.033036,2838.237554
5.47003,2.790903,12.99177452,3.036096,2847.249576
5.480031,2.790945,12.98700273,3.039176,2856.260988
5.490031,2.790961,12.98229444,3.042274,2865.270876
5.500031,2.790956,12.97764965,3.045388,2874.280154
5.510031,2.790931,12.9730593,3.048519,2883.287909
5.520031,2.790888,12.9685143,3.051667,2892.294749
5.530032,2.790825,12.96402374,3.054827,2901.300065
5.540032,2.790743,12.95958307,3.058003,2910.304162
5.550032,2.790641,12.95519229,3.061192,2919.306734
5.560032,2.790521,12.95085141,3.064398,2928.308088
5.570033,2.790381,12.94656497,3.067618,2937.307613
5.580033,2.790222,12.94232841,3.070853,2946.305309
5.590033,2.790044,12.93814176,3.074104,2955.301786
5.600033,2.789846,12.93400499,3.077372,2964.296434
5.610034,2.78963,12.92992266,3.08065,2973.289253
5.620034,2.789394,12.92588569,3.083947,2982.280243
5.630034,2.789139,12.92190315,3.087255,2991.2691
5.640034,2.788865,12.9179705,3.090581,3000.256128
5.650034,2.788571,12.91409229,3.09392,3009.241327
5.660035,2.788259,12.91025943,3.097275,3018.224393
5.670035,2.787927,12.90647647,3.100643,3027.20502
5.680035,2.787576,12.90274794,3.104031,3036.183514
5.690035,2.787206,12.89907385,3.10743,3045.160178
5.700036,2.786816,12.89544511,3.110846,3054.132576
5.710036,2.786407,12.89186626,3.114273,3063.105888
5.720036,2.785979,12.88834185,3.117717,3072.076152
5.730036,2.785532,12.88486733,3.121176,3081.04032
5.740036,2.785066,12.88144271,3.124655,3090.004488
5.750037,2.78458,12.87806798,3.128143,3098.965608
5.760037,2.784076,12.87474769,3.131645,3107.92368
5.770037,2.783552,12.87147729,3.135167,3116.881752
5.780037,2.783009,12.86825678,3.1387,3125.833728
5.790038,2.782446,12.86508617,3.142249,3134.782656
5.800038,2.781864,12.86196545,3.145813,3143.731584
5.810038,2.781264,12.85889917,3.149391,3152.674416
5.820038,2.780643,12.85588278,3.152986,3161.617248
5.830039,2.780005,12.85291629,3.156594,3170.553984
5.840039,2.779346,12.84999969,3.160217,3179.49072
5.850039,2.778668,12.84713298,3.163857,3188.42136
5.860039,2.777971,12.84432071,3.16751,3197.348952
5.870039,2.777255,12.84155833,3.171178,3206.273496
5.88004,2.77652,12.83884585,3.17486,3215.194992
5.89004,2.775765,12.83618326,3.178558,3224.11344
5.90004,2.774992,12.83357511,3.18227,3233.025792
5.91004,2.774199,12.83101231,3.185997,3241.938144
5.920041,2.773387,12.82850394,3.189739,3250.8444
5.930041,2.772556,12.82604547,3.193498,3259.747608
5.940041,2.771705,12.8236369,3.197268,3268.647768
5.950041,2.770835,12.82128275,3.201055,3277.541832
5.960042,2.769947,12.81897397,3.204857,3286.435896
5.970042,2.769039,12.81671961,3.208672,3295.320816
5.980042,2.768111,12.81451516,3.212504,3304.205736
5.990042,2.767165,12.81236513,3.21635,3313.08456
6.000042,2.7662,12.81026046,3.22021,3321.960336
6.010043,2.765215,12.80821022,3.224086,3330.830016
6.020043,2.764211,12.80620988,3.227978,3339.699696
6.030043,2.763189,12.80425943,3.23188,3348.560232
6.040043,2.762146,12.80235888,3.2358,3357.41772
6.050044,2.761085,12.80051276,3.239734,3366.27216
6.060044,2.760005,12.79871653,3.243682,3375.120504
6.070044,2.758905,12.7969702,3.247645,3383.9658
6.080044,2.757787,12.79527377,3.251623,3392.805
6.090044,2.756649,12.79362723,3.255617,3401.641152
6.100045,2.755492,12.79203512,3.259626,3410.471208
6.110045,2.754316,12.7904929,3.263645,3419.295168
6.120045,2.753121,12.78900058,3.267681,3428.11608
6.130045,2.751907,12.78755816,3.27173,3436.933944
6.140046,2.750674,12.78616563,3.275799,3445.742664
6.150046,2.749419,12.78482753,3.279878,3454.548336
6.160046,2.748135,12.78355748,3.283983,3463.347912
6.170046,2.746822,12.78235546,3.28811,3472.14444
6.180047,2.745481,12.78122601,3.292258,3480.934872
6.190047,2.744111,12.78017368,3.296428,3489.719208
6.200047,2.742712,12.77918938,3.30062,3498.497448
6.210047,2.741286,12.77827766,3.304835,3507.269592
6.220047,2.73983,12.77743398,3.309069,3516.03564
6.230048,2.738346,12.77666741,3.313322,3524.79864
6.240048,2.736833,12.77596888,3.317602,3533.552496
6.250048,2.735292,12.77534292,3.321903,3542.303304
6.260048,2.733722,12.77478954,3.326226,3551.044968
6.270049,2.732123,12.77430873,3.330567,3559.783584
6.280049,2.730497,12.77390049,3.334934,3568.513056
6.290049,2.728841,12.77356484,3.339321,3577.23948
6.300049,2.727157,12.77329722,3.343727,3585.95676
6.31005,2.725445,12.77310217,3.348156,3594.667944
6.32005,2.723704,12.77298424,3.352605,3603.373032
6.33005,2.721935,12.77293434,3.354574,3612.068976
6.34005,2.719385,12.77292981,3.356533,3620.755776
6.35005,2.71684,12.77292981,3.358488,3629.433432
6.360051,2.7143,12.77292981,3.360438,3638.101944
6.370051,2.711765,12.77292981,3.362384,3646.761312
6.380051,2.709235,12.77292981,3.364324,3655.411536
6.390051,2.70671,12.77292981,3.366258,3664.052616
6.400052,2.70419,12.77292981,3.36819,3672.684552
6.410052,2.701674,12.77292981,3.370113,3681.307344
6.420052,2.699165,12.77292981,3.372036,3689.920992
6.430052,2.69666,12.77292981,3.37395,3698.528544
6.440053,2.69416,12.77292981,3.375859,3707.123904
6.450053,2.691664,12.77292981,3.377767,3715.713168
6.460053,2.689175,12.77292981,3.379665,3724.29024
6.470053,2.686689,12.77292981,3.381564,3732.861216
6.480053,2.684209,12.77292981,3.383451,3741.423048
6.490054,2.681734,12.77292981,3.385337,3749.972688
6.500054,2.679263,12.77292981,3.387219,3758.516232
6.510054,2.676798,12.77292981,3.389093,3767.050632
6.520054,2.674337,12.77292981,3.390964,3775.578936
6.530055,2.671881,12.77292981,3.39283,3784.095048
6.540055,2.66943,12.77292981,3.394692,3792.602016
6.550055,2.666984,12.77292981,3.396548,3801.102888
6.560055,2.664542,12.77292981,3.398398,3809.594616
6.570055,2.662106,12.77292981,3.400244,3818.0772
6.580056,2.659674,12.77292981,3.402086,3826.547592
6.590056,2.657247,12.77292981,3.403919,3835.014936
6.600056,2.654825,12.77292981,3.405754,3843.470088
6.610056,2.652407,12.77292981,3.407581,3851.916096
6.620057,2.649994,12.77292981,3.409402,3860.356008
6.630057,2.647586,12.77292981,3.411222,3868.786776
6.640057,2.645183,12.77292981,3.41303,3877.2084
6.650057,2.642784,12.77292981,3.414839,3885.62088
6.660058,2.64039,12.77292981,3.416642,3894.027264
6.670058,2.638001,12.77292981,3.418438,3902.421456
6.680058,2.635617,12.77292981,3.420232,3910.809552
6.690058,2.633236,12.77292981,3.422019,3919.188504
6.700058,2.630861,12.77292981,3.423802,3927.56136
6.710059,2.628491,12.77292981,3.42558,3935.922024
6.720059,2.626124,12.77292981,3.427356,3944.276592
6.730059,2.623763,12.77292981,3.429125,3952.622016
6.740059,2.621406,12.77292981,3.430887,3960.958296
6.75006,2.619054,12.77292981,3.432649,3969.28848
6.76006,2.616706,12.77292981,3.434401,3977.60952
6.77006,2.614363,12.77292981,3.436149,3985.921416
6.78006,2.612024,12.77292981,3.437895,3994.224168
6.790061,2.60969,12.77292981,3.439634,4002.520824
6.800061,2.607361,12.77292981,3.44137,4010.805288
6.810061,2.605036,12.77292981,3.443103,4019.086704
6.820061,2.602715,12.77292981,3.444828,4027.355928
6.830061,2.600399,12.77292981,3.446547,4035.619056
6.840062,2.598087,12.77292981,3.448265,4043.87304
6.850062,2.59578,12.77292981,3.449976,4052.11788
6.860062,2.593477,12.77292981,3.451683,4060.356624
6.870062,2.591179,12.77292981,3.453386,4068.586224
6.880063,2.588886,12.77292981,3.455084,4076.80668
6.890063,2.586596,12.77292981,3.456777,4085.02104
6.900063,2.584311,12.77292981,3.458464,4093.226256
6.910063,2.58203,12.77292981,3.460146,4101.422328
6.920063,2.579754,12.77292981,3.461824,4109.612304
6.930064,2.577482,12.77292981,3.4635,4117.793136
6.940064,2.575215,12.77292981,3.465169,4125.964824
6.950064,2.572952,12.77292981,3.466835,4134.130416
6.960064,2.570693,12.77292981,3.468494,4142.286864
6.970065,2.568438,12.77292981,3.470151,4150.434168
6.980065,2.566188,12.77292981,3.471801,4158.575376
6.990065,2.563942,12.77292981,3.473447,4166.70744
7.000065,2.561701,12.77292981,3.475085,4174.833408
7.010066,2.559463,12.77292981,3.476724,4182.950232
7.020066,2.55723,12.77292981,3.478357,4191.057912
7.030066,2.555002,12.77292981,3.479982,4199.159496
7.040066,2.552777,12.77292981,3.481606,4207.251936
7.050066,2.550557,12.77292981,3.483221,4215.33828
7.060067,2.548341,12.77292981,3.484837,4223.41548
7.070067,2.546129,12.77292981,3.486447,4231.483536
7.080067,2.543921,12.77292981,3.488053,4239.545496
7.090067,2.541718,12.77292981,3.489649,4247.598312
7.100068,2.539519,12.77292981,3.491246,4255.645032
7.110068,2.537324,12.77292981,3.492835,4263.682608
7.120068,2.535133,12.77292981,3.494421,4271.714088
7.130068,2.532946,12.77292981,3.496002,4279.736424
7.140069,2.530763,12.77292981,3.49758,4287.749616
7.150069,2.528585,12.77292981,3.499151,4295.756712
7.160069,2.52641,12.77292981,3.500722,4303.757712
7.170069,2.52424,12.77292981,3.502284,4311.749568
7.180069,2.522074,12.77292981,3.503843,4319.73228
7.19007,2.519912,12.77292981,3.505395,4327.708896
7.20007,2.517754,12.77292981,3.506944,4335.679416
7.21007,2.5156,12.77292981,3.508491,4343.637744
7.22007,2.51345,12.77292981,3.51003,4351.593024
7.230071,2.511305,12.77292981,3.511565,4359.53916
7.240071,2.509163,12.77292981,3.513097,4367.476152
7.250071,2.507025,12.77292981,3.514621,4375.407048
7.260071,2.504892,12.77292981,3.516146,4383.3288
7.270072,2.502762,12.77292981,3.517662,4391.244456
7.280072,2.500636,12.77292981,3.519176,4399.154016
7.290072,2.498514,12.77292981,3.520685,4407.054432
7.300072,2.496397,12.77292981,3.52219,4414.945704
7.310072,2.494283,12.77292981,3.523685,4422.83088
7.320073,2.492173,12.77292981,3.525184,4430.70996
7.330073,2.490067,12.77292981,3.526673,4438.579896
7.340073,2.487965,12.77292981,3.528162,4446.443736
7.350073,2.485868,12.77292981,3.529641,4454.298432
7.360074,2.483773,12.77292981,3.531118,4462.147032
7.370074,2.481683,12.77292981,3.532592,4469.986488
7.380074,2.479597,12.77292981,3.534059,4477.819848
7.390074,2.477515,12.77292981,3.535524,4485.647112
7.400074,2.475436,12.77292981,3.536984,4493.465232
7.410075,2.473362,12.77292981,3.538439,4501.277256
7.420075,2.471291,12.77292981,3.539888,4509.080136
7.430075,2.469224,12.77292981,3.541333,4516.87692
7.440075,2.467161,12.77292981,3.542775,4524.667608
7.450076,2.465101,12.77292981,3.544214,4532.449152
7.460076,2.463046,12.77292981,3.545648,4540.221552
7.470076,2.460994,12.77292981,3.547077,4547.990904
7.480076,2.458947,12.77292981,3.548499,4555.751112
7.490077,2.456903,12.77292981,3.549917,4563.502176
7.500077,2.454862,12.77292981,3.551333,4571.250192
7.510077,2.452826,12.77292981,3.552745,4578.986016
7.520077,2.450793,12.77292981,3.55415,4586.718792
7.530077,2.448765,12.77292981,3.555552,4594.442424
7.540078,2.446739,12.77292981,3.55695,4602.15996
7.550078,2.444718,12.77292981,3.558343,4609.8714
7.560078,2.4427,12.77292981,3.559733,4617.573696
7.570078,2.440686,12.77292981,3.561116,4625.266848
7.580079,2.438676,12.77292981,3.562498,4632.956952
7.590079,2.436669,12.77292981,3.563874,4640.637912
7.600079,2.434666,12.77292981,3.565244,4648.312776
7.610079,2.432667,12.77292981,3.566611,4655.978496
7.62008,2.430671,12.77292981,3.567975,4663.63812
7.63008,2.428679,12.77292981,3.569333,4671.291648
7.64008,2.426692,12.77292981,3.570686,4678.93908
7.65008,2.424707,12.77292981,3.572037,4686.577368
7.66008,2.422726,12.77292981,3.573381,4694.20956
7.670081,2.420749,12.77292981,3.574723,4701.835656
7.680081,2.418775,12.77292981,3.576061,4709.452608
7.690081,2.416805,12.77292981,3.57739,4717.063464
7.700081,2.414839,12.77292981,3.578718,4724.668224
7.710082,2.412876,12.77292981,3.580045,4732.26384
7.720082,2.410916,12.77292981,3.581364,4739.85336
7.730082,2.408961,12.77292981,3.582676,4747.436784
7.740082,2.407008,12.77292981,3.583989,4755.014112
7.750082,2.40506,12.77292981,3.585295,4762.582296
7.760083,2.403115,12.77292981,3.586599,4770.147432
7.770083,2.401173,12.77292981,3.587898,4777.703424
7.780083,2.399235,12.77292981,3.589191,4785.250272
7.790083,2.397301,12.77292981,3.590481,4792.794072
7.800084,2.39537,12.77292981,3.591764,4800.328728
7.810084,2.393442,12.77292981,3.593046,4807.857288
7.820084,2.391519,12.77292981,3.594322,4815.376704
7.830084,2.389598,12.77292981,3.595595,4822.893072
7.840085,2.387681,12.77292981,3.596865,4830.400296
7.850085,2.385767,12.77292981,3.598128,4837.901424
7.860085,2.383857,12.77292981,3.599386,4845.396456
7.870085,2.381951,12.77292981,3.600643,4852.885392
7.880085,2.380048,12.77292981,3.601895,4860.365184
7.890086,2.378148,12.77292981,3.60314,4867.83888
7.900086,2.376251,12.77292981,3.604386,4875.30648
7.910086,2.374358,12.77292981,3.605623,4882.767984
7.920086,2.372469,12.77292981,3.606859,4890.223392
7.930087,2.370583,12.77292981,3.608087,4897.669656
7.940087,2.368701,12.77292981,3.609315,4905.112872
7.950087,2.366821,12.77292981,3.610538,4912.546944
7.960087,2.364945,12.77292981,3.611756,4919.97492
7.970088,2.363073,12.77292981,3.612967,4927.393752
7.980088,2.361203,12.77292981,3.614179,4934.809536
7.990088,2.359338,12.77292981,3.615381,4942.216176
8.000088,2.357475,12.77292981,3.616582,4949.619768
8.010088,2.355616,12.77292981,3.617779,4957.014216
8.020088,2.35376,12.77292981,3.618973,4964.402568
8.030088,2.351908,12.77292981,3.620158,4971.784824
8.040089,2.350059,12.77292981,3.621346,4979.160984
8.050089,2.348213,12.77292981,3.622526,4986.528
8.060089,2.34637,12.77292981,3.623703,4993.88892
8.070089,2.344531,12.77292981,3.624872,5001.246792
8.08009,2.342695,12.77292981,3.626042,5008.59552
8.09009,2.340862,12.77292981,3.627205,5015.938152
8.10009,2.339033,12.77292981,3.628365,5023.274688
8.11009,2.337207,12.77292981,3.62952,5030.605128
8.12009,2.335384,12.77292981,3.630672,5037.926424
8.130091,2.333564,12.77292981,3.631819,5045.244672
8.140091,2.331748,12.77292981,3.63296,5052.553776
8.150091,2.329934,12.77292981,3.634099,5059.859832
8.160091,2.328124,12.77292981,3.635235,5067.156744
8.170092,2.326318,12.77292981,3.636365,5074.44756
8.180092,2.324514,12.77292981,3.637491,5081.73228
8.190092,2.322713,12.77292981,3.638614,5089.010904
8.200092,2.320916,12.77292981,3.639732,5096.283432
8.210093,2.319122,12.77292981,3.640847,5103.549864
8.220093,2.317331,12.77292981,3.641957,5110.8102
8.230093,2.315543,12.77292981,3.643065,5118.06444
8.240093,2.313759,12.77292981,3.644164,5125.312584
8.250093,2.311977,12.77292981,3.645263,5132.551584
8.260094,2.310199,12.77292981,3.646357,5139.787536
8.270094,2.308424,12.77292981,3.647448,5147.014344
8.280094,2.306652,12.77292981,3.648533,5154.238104
8.290094,2.304867,12.77292981,3.649623,5161.45272
8.300095,2.303085,12.77292981,3.650711,5168.664288
8.310095,2.301306,12.77292981,3.651793,5175.866712
8.320095,2.299529,12.77292981,3.652874,5183.06304
8.330095,2.297755,12.77292981,3.653952,5190.253272
8.340096,2.295984,12.77292981,3.655025,5197.440456
8.350096,2.294215,12.77292981,3.656091,5204.618496
8.360096,2.29245,12.77292981,3.657155,5211.79044
8.370096,2.290687,12.77292981,3.658217,5218.956288
8.380096,2.288927,12.77292981,3.659274,5226.11604
8.390097,2.28717,12.77292981,3.660327,5233.269696
8.400097,2.285416,12.77292981,3.661375,5240.417256
8.410097,2.283664,12.77292981,3.662419,5247.55872
8.420097,2.281915,12.77292981,3.663461,5254.69104
8.430098,2.280169,12.77292981,3.664497,5261.820312
8.440098,2.278425,12.77292981,3.665531,5268.943488
8.450098,2.276684,12.77292981,3.666561,5276.060568
8.460098,2.274946,12.77292981,3.667586,5283.171552
8.470098,2.273211,12.77292981,3.668605,5290.27644
8.480099,2.271478,12.77292981,3.669625,5297.375232
8.490099,2.269748,12.77292981,3.670637,5304.467928
8.500099,2.26802,12.77292981,3.671649,5311.554528
8.510099,2.266295,12.77292981,3.672657,5318.631984
8.5201,2.264574,12.77292981,3.673658,5325.706392
8.5301,2.262854,12.77292981,3.674657,5332.774704
8.5401,2.261138,12.77292981,3.675648,5339.83692
8.5501,2.259424,12.77292981,3.67664,5346.89304
8.560101,2.257712,12.77292981,3.677628,5353.943064
8.570101,2.256003,12.77292981,3.678611,5360.986992
8.580101,2.254297,12.77292981,3.679588,5368.024824
8.590101,2.252594,12.77292981,3.680566,5375.05656
8.600101,2.250893,12.77292981,3.681537,5382.0822
8.610102,2.249194,12.77292981,3.682503,5389.104792
8.620102,2.247499,12.77292981,3.68347,5396.11824
8.630102,2.245806,12.77292981,3.684427,5403.125592
8.640102,2.244115,12.77292981,3.685385,5410.126848
8.650103,2.242427,12.77292981,3.68634,5417.122008
8.660103,2.240742,12.77292981,3.687283,5424.11412
8.670103,2.239059,12.77292981,3.688228,5431.097088
8.680103,2.237379,12.77292981,3.689172,5438.077008
8.690104,2.235701,12.77292981,3.690106,5445.050832
8.700104,2.234026,12.77292981,3.69104,5452.01856
8.710104,2.232354,12.77292981,3.69197,5458.977144
8.720104,2.230684,12.77292981,3.692895,5465.93268
8.730104,2.229016,12.77292981,3.693817,5472.88212
8.740105,2.227351,12.77292981,3.694734,5479.825464
8.750105,2.225689,12.77292981,3.695649,5486.762712
8.760105,2.224029,12.77292981,3.696558,5493.696912
8.770105,2.222371,12.77292981,3.697463,5500.621968
8.780106,2.220716,12.77292981,3.698369,5507.540928
8.790106,2.219064,12.77292981,3.699264,5514.45684
8.800106,2.217414,12.77292981,3.700161,5521.363608
8.810106,2.215766,12.77292981,3.701054,5528.267328
8.820107,2.214122,12.77292981,3.701939,5535.164952
8.830107,2.212479,12.77292981,3.702823,5542.05648
8.840107,2.210839,12.77292981,3.703706,5548.941912
8.850107,2.209202,12.77292981,3.704578,5555.821248
8.860107,2.207566,12.77292981,3.705451,5562.694488
8.870108,2.205934,12.77292981,3.706317,5569.56468
8.880108,2.204304,12.77292981,3.707182,5576.425728
8.890108,2.202676,12.77292981,3.708044,5583.283728
8.900108,2.201051,12.77292981,3.708899,5590.135632
8.910109,2.199428,12.77292981,3.709755,5596.978392
8.920109,2.197807,12.77292981,3.710605,5603.821152
8.930109,2.196189,12.77292981,3.711447,5610.654768
8.940109,2.194573,12.77292981,3.712291,5617.482288
8.950109,2.19296,12.77292981,3.71313,5624.30676
8.96011,2.191349,12.77292981,3.713965,5631.122088
8.97011,2.189741,12.77292981,3.714792,5637.934368
8.98011,2.188134,12.77292981,3.715618,5644.740552
8.99011,2.186531,12.77292981,3.716441,5651.54064
9.000111,2.184929,12.77292981,3.71726,5658.33768
9.010111,2.183331,12.77292981,3.718077,5665.125576
9.020111,2.181734,12.77292981,3.718885,5671.907376
9.030111,2.180139,12.77292981,3.719696,5678.686128
9.040112,2.178547,12.77292981,3.720498,5685.458784
9.050112,2.176958,12.77292981,3.721299,5692.225344
9.060112,2.175371,12.77292981,3.722095,5698.988856
9.070112,2.173786,12.77292981,3.722889,5705.743224
9.080112,2.172203,12.77292981,3.723676,5712.494544
9.090113,2.170623,12.77292981,3.724462,5719.239768
9.100113,2.169045,12.77292981,3.725245,5725.978896
9.110113,2.167469,12.77292981,3.726023,5732.711928
9.120113,2.165896,12.77292981,3.726795,5739.438864
9.130114,2.164325,12.77292981,3.727564,5746.162752
9.140114,2.162756,12.77292981,3.72833,5752.880544
9.150114,2.16119,12.77292981,3.729093,5759.59224
9.160114,2.159626,12.77292981,3.729851,5766.29784
9.170115,2.158063,12.77292981,3.730609,5772.997344
9.180115,2.156504,12.77292981,3.731358,5779.6938
9.190115,2.154947,12.77292981,3.732105,5786.38416
9.200115,2.153392,12.77292981,3.732848,5793.068424
9.210115,2.151839,12.77292981,3.733591,5799.746592
9.220116,2.150288,12.77292981,3.734326,5806.421712
9.230116,2.14874,12.77292981,3.735058,5813.087688
9.240116,2.147194,12.77292981,3.735786,5819.750616
9.250116,2.14565,12.77292981,3.736512,5826.410496
9.260117,2.144108,12.77292981,3.737232,5833.061232
9.270117,2.142569,12.77292981,3.737951,5839.70892
9.280117,2.141032,12.77292981,3.738662,5846.350512
9.290117,2.139497,12.77292981,3.739373,5852.986008
9.300117,2.137964,12.77292981,3.74008,5859.615408
9.310118,2.136433,12.77292981,3.740782,5866.24176
9.320118,2.134905,12.77292981,3.741481,5872.862016
9.330118,2.133379,12.77292981,3.742174,5879.476176
9.340118,2.131855,12.77292981,3.742866,5886.08424
9.350119,2.130333,12.77292981,3.743553,5892.689256
9.360119,2.128813,12.77292981,3.744236,5899.288176
9.370119,2.127295,12.77292981,3.744917,5905.881
9.380119,2.12578,12.77292981,3.745592,5912.467728
9.39012,2.124267,12.77292981,3.746266,5919.051408
9.40012,2.122756,12.77292981,3.746935,5925.628992
9.41012,2.121247,12.77292981,3.747597,5932.20048
9.42012,2.119741,12.77292981,3.74826,5938.76892
9.43012,2.118236,12.77292981,3.748916,5945.328216
9.440121,2.116734,12.77292981,3.749568,5951.887512
9.450121,2.115233,12.77292981,3.750222,5958.437664
9.460121,2.113735,12.77292981,3.750866,5964.984768
9.470121,2.112239,12.77292981,3.75151,5971.525776
9.480122,2.110745,12.77292981,3.752148,5978.060688
9.490122,2.109254,12.77292981,3.752784,5984.589504
9.500122,2.107764,12.77292981,3.753414,5991.115272
9.510122,2.106276,12.77292981,3.754043,5997.634944
9.520123,2.104791,12.77292981,3.754666,6004.151568
9.530123,2.103307,12.77292981,3.755284,6010.659048
9.540123,2.101826,12.77292981,3.755902,6017.16348
9.550123,2.100347,12.77292981,3.756514,6023.664864
9.560123,2.09887,12.77292981,3.757124,6030.157104
9.570124,2.097394,12.77292981,3.757728,6036.646296
9.580124,2.095922,12.77292981,3.758328,6043.13244
9.590124,2.09445,12.77292981,3.758926,6049.60944
9.600124,2.092982,12.77292981,3.759519,6056.083392
9.610125,2.091515,12.77292981,3.76011,6062.551248
9.620125,2.09005,12.77292981,3.760697,6069.016056
9.630125,2.088587,12.77292981,3.76128,6075.474768
9.640125,2.087126,12.77292981,3.761857,6081.927384
9.650126,2.085668,12.77292981,3.762434,6088.376952
9.660126,2.084211,12.77292981,3.763005,6094.817376
9.670126,2.082756,12.77292981,3.763572,6101.2578
9.680126,2.081304,12.77292981,3.764136,6107.68908
9.690126,2.079853,12.77292981,3.764695,6114.117312
9.700127,2.078405,12.77292981,3.765253,6120.542496
9.710127,2.076958,12.77292981,3.765804,6126.958536
9.720127,2.075514,12.77292981,3.766354,6133.371528
9.730127,2.074071,12.77292981,3.766898,6139.778424
9.740128,2.07263,12.77292981,3.767439,6146.182272
9.750128,2.071192,12.77292981,3.76798,6152.580024
9.760128,2.069755,12.77292981,3.768514,6158.974728
9.770128,2.068321,12.77292981,3.769043,6165.360288
9.780128,2.066888,12.77292981,3.769568,6171.7428
9.790129,2.065457,12.77292981,3.770094,6178.122264
9.800129,2.064029,12.77292981,3.77061,6184.495632
9.810129,2.062602,12.77292981,3.771129,6190.862904
9.820129,2.061177,12.77292981,3.771638,6197.227128
9.83013,2.059754,12.77292981,3.772145,6203.582208
9.84013,2.058333,12.77292981,3.772649,6209.937288
9.85013,2.056914,12.77292981,3.773151,6216.286272
9.86013,2.055497,12.77292981,3.773648,6222.62916
9.870131,2.054082,12.77292981,3.774141,6228.965952
9.880131,2.052669,12.77292981,3.77463,6235.299696
9.890131,2.051257,12.77292981,3.775115,6241.630392
9.900131,2.049848,12.77292981,3.775598,6247.951944
9.910131,2.048441,12.77292981,3.776076,6254.270448
9.920132,2.047035,12.77292981,3.776549,6260.585904
9.930132,2.045631,12.77292981,3.77702,6266.895264
9.940132,2.04423,12.77292981,3.777488,6273.198528
9.950132,2.04283,12.77292981,3.77795,6279.498744
9.960133,2.041432,12.77292981,3.778409,6285.792864
9.970133,2.040036,12.77292981,3.778865,6292.080888
9.980133,2.038642,12.77292981,3.779317,6298.365864
9.990133,2.03725,12.77292981,3.779764,6304.644744
10.00013,2.035859,12.77292981,3.78021,6310.920576
10.01013,2.034471,12.77292981,3.78065,6317.190312
10.02013,2.033084,12.77292981,3.781088,6323.457
10.03013,2.031699,12.77292981,3.781519,6329.717592
10.04013,2.030317,12.77292981,3.781952,6335.972088
10.05013,2.028935,12.77292981,3.782374,6342.223536
10.06013,2.027556,12.77292981,3.782798,6348.468888
10.07014,2.026179,12.77292981,3.783216,6354.711192
10.08014,2.024803,12.77292981,3.783629,6360.9474
10.09014,2.023429,12.77292981,3.784041,6367.177512
10.10014,2.022058,12.77292981,3.784448,6373.404576
10.11014,2.020688,12.77292981,3.784852,6379.628592
10.12014,2.01932,12.77292981,3.785251,6385.846512
10.13014,2.017953,12.77292981,3.785646,6392.058336
10.14014,2.016588,12.77292981,3.786038,6398.267112
10.15014,2.015226,12.77292981,3.786426,6404.469792
10.16014,2.013865,12.77292981,3.786812,6410.666376
10.17014,2.012506,12.77292981,3.787194,6416.86296
10.18014,2.011148,12.77292981,3.787569,6423.0504
10.19014,2.009793,12.77292981,3.787941,6429.234792
10.20014,2.008439,12.77292981,3.788313,6435.416136
10.21014,2.007087,12.77292981,3.788677,6441.591384
10.22014,2.005737,12.77292981,3.789041,6447.760536
10.23014,2.004389,12.77292981,3.789398,6453.92664
10.24014,2.003042,12.77292981,3.789755,6460.086648
10.25014,2.001697,12.77292981,3.790102,6466.243608
10.26014,2.000354,12.77292981,3.790449,6472.39752
10.27014,1.999013,12.77292981,3.790794,6478.542288
10.28014,1.997673,12.77292981,3.791133,6484.687056
10.29014,1.996336,12.77292981,3.79147,6490.82268
10.30014,1.994999,12.77292981,3.791798,6496.958304
10.31014,1.993665,12.77292981,3.792129,6503.084784
10.32014,1.992332,12.77292981,3.792454,6509.211264
10.33014,1.991001,12.77292981,3.792775,6515.3286
10.34014,1.989672,12.77292981,3.793092,6521.442888
10.35014,1.988344,12.77292981,3.793405,6527.554128
10.36014,1.987018,12.77292981,3.793715,6533.659272
10.37014,1.985694,12.77292981,3.794021,6539.761368
10.38014,1.984371,12.77292981,3.794322,6545.857368
10.39014,1.98305,12.77292981,3.79462,6551.95032
10.40014,1.981731,12.77292981,3.794915,6558.037176
10.41014,1.980413,12.77292981,3.795206,6564.117936
10.42014,1.979097,12.77292981,3.795492,6570.198696
10.43014,1.977783,12.77292981,3.795777,6576.270312
10.44014,1.97647,12.77292981,3.796056,6582.33888
10.45014,1.975159,12.77292981,3.79633,6588.4044
10.46014,1.97385,12.77292981,3.796603,6594.463824
10.47014,1.972542,12.77292981,3.796871,6600.5202
10.48014,1.971236,12.77292981,3.797133,6606.57048
10.49014,1.969931,12.77292981,3.797394,6612.617712
10.50014,1.968628,12.77292981,3.797654,6618.658848
10.51015,1.967327,12.77292981,3.797907,6624.696936
10.52015,1.966027,12.77292981,3.798156,6630.728928
10.53015,1.96473,12.77292981,3.7984,6636.757872
10.54015,1.963433,12.77292981,3.798642,6642.783768
10.55015,1.962139,12.77292981,3.79888,6648.803568
10.56015,1.960845,12.77292981,3.799116,6654.817272
10.57015,1.959554,12.77292981,3.799345,6660.827928
10.58015,1.958264,12.77292981,3.799574,6666.835536
10.59015,1.956976,12.77292981,3.799794,6672.837048
10.60015,1.955689,12.77292981,3.800015,6678.832464
10.61015,1.954404,12.77292981,3.80023,6684.82788
10.62015,1.95312,12.77292981,3.80044,6690.814152
10.63015,1.951838,12.77292981,3.800648,6696.797376
10.64015,1.950558,12.77292981,3.800853,6702.777552
10.65015,1.949279,12.77292981,3.801054,6708.75468
10.66015,1.948002,12.77292981,3.80125,6714.722664
10.67015,1.946727,12.77292981,3.801441,6720.690648
10.68015,1.945452,12.77292981,3.801629,6726.652536
10.69015,1.94418,12.77292981,3.801816,6732.608328
10.70015,1.942909,12.77292981,3.801996,6738.561072
10.71015,1.94164,12.77292981,3.802173,6744.510768
10.72015,1.940372,12.77292981,3.802346,6750.454368
10.73015,1.939106,12.77292981,3.802516,6756.39492
10.74015,1.937841,12.77292981,3.802682,6762.332424
10.75015,1.936578,12.77292981,3.802844,6768.263832
10.76015,1.935317,12.77292981,3.803001,6774.189144
10.77015,1.934057,12.77292981,3.803157,6780.111408
10.78015,1.932798,12.77292981,3.803308,6786.030624
10.79015,1.931541,12.77292981,3.803454,6791.943744
10.80015,1.930286,12.77292981,3.803597,6797.853816
10.81015,1.929032,12.77292981,3.803735,6803.757792
10.82015,1.92778,12.77292981,3.803873,6809.65872
10.83015,1.926529,12.77292981,3.804002,6815.5566
10.84015,1.92528,12.77292981,3.804131,6821.448384
10.85015,1.924032,12.77292981,3.804253,6827.33712
10.86015,1.922786,12.77292981,3.804375,6833.21976
10.87015,1.921541,12.77292981,3.80449,6839.099352
10.88015,1.920298,12.77292981,3.804602,6844.972848
10.89015,1.919056,12.77292981,3.80471,6850.846344
10.90015,1.917816,12.77292981,3.804815,6856.710696
10.91015,1.916577,12.77292981,3.804915,6862.572
10.92015,1.91534,12.77292981,3.805013,6868.430256
10.93015,1.914104,12.77292981,3.805105,6874.285464
10.94016,1.91287,12.77292981,3.805196,6880.134576
10.95016,1.911637,12.77292981,3.80528,6885.98064
10.96016,1.910406,12.77292981,3.80536,6891.820608
10.97016,1.909176,12.77292981,3.805439,6897.657528
10.98016,1.907948,12.77292981,3.805514,6903.488352
10.99016,1.906721,12.77292981,3.805584,6909.319176
11.00016,1.905496,12.77292981,3.80565,6915.140856
11.01016,1.904272,12.77292981,3.805712,6920.962536
11.02016,1.90305,12.77292981,3.805767,6926.77812
11.03016,1.901829,12.77292981,3.805822,6932.587608
11.04016,1.900609,12.77292981,3.805873,6938.397096
11.05016,1.899391,12.77292981,3.805921,6944.19744
11.06016,1.898175,12.77292981,3.805963,6949.997784
11.07016,1.89696,12.77292981,3.806003,6955.792032
11.08016,1.895746,12.77292981,3.806039,6961.583232
11.09016,1.894534,12.77292981,3.80607,6967.368336
11.10016,1.893323,12.77292981,3.806097,6973.150392
11.11016,1.892114,12.77292981,3.806119,6978.9294
11.12016,1.890906,12.77292981,3.806139,6984.70536
11.13016,1.8897,12.77292981,3.806156,6990.472176
11.14016,1.888495,12.77292981,3.806167,6996.238992
11.15016,1.887291,12.77292981,3.806174,7001.999712
11.16016,1.886089,12.77292981,3.80618,7007.757384
11.17016,1.884889,12.77292981,3.806179,7013.512008
11.18016,1.883689,12.77292981,3.806176,7019.260536
11.19016,1.882492,12.77292981,3.806165,7025.006016
11.20016,1.881295,12.77292981,3.806153,7030.7454
11.21016,1.8801,12.77292981,3.806141,7036.481736
11.22016,1.878906,12.77292981,3.806121,7042.215024
11.23016,1.877714,12.77292981,3.806098,7047.942216
11.24016,1.876524,12.77292981,3.80607,7053.66636
11.25016,1.875334,12.77292981,3.80604,7059.387456
11.26016,1.874146,12.77292981,3.806003,7065.102456
11.27016,1.87296,12.77292981,3.805964,7070.814408
11.28016,1.871774,12.77292981,3.805921,7076.523312
11.29016,1.870591,12.77292981,3.805873,7082.22612
11.30016,1.869408,12.77292981,3.805824,7087.92588
11.31016,1.868227,12.77292981,3.805769,7093.622592
11.32016,1.867048,12.77292981,3.805711,7099.313208
11.33016,1.865869,12.77292981,3.805647,7105.003824
11.34016,1.864693,12.77292981,3.805579,7110.685296
11.35016,1.863517,12.77292981,3.805511,7116.366768
11.36016,1.862343,12.77292981,3.805436,7122.042144
11.37016,1.86117,12.77292981,3.805357,7127.711424
11.38017,1.859999,12.77292981,3.805277,7133.380704
11.39017,1.858829,12.77292981,3.805189,7139.043888
11.40017,1.85766,12.77292981,3.805101,7144.704024
11.41017,1.856493,12.77292981,3.805004,7150.358064
11.42017,1.855327,12.77292981,3.804907,7156.009056
11.43017,1.854162,12.77292981,3.804806,7161.657
11.44017,1.852999,12.77292981,3.804697,7167.301896
11.45017,1.851837,12.77292981,3.804587,7172.940696
11.46017,1.850677,12.77292981,3.804475,7178.576448
11.47017,1.849517,12.77292981,3.804357,7184.206104
11.48017,1.84836,12.77292981,3.804236,7189.83576
11.49017,1.847203,12.77292981,3.80411,7195.45932
11.50017,1.846048,12.77292981,3.80398,7201.076784
11.51017,1.844894,12.77292981,3.803846,7206.694248
11.52017,1.843742,12.77292981,3.803709,7212.305616
11.53017,1.84259,12.77292981,3.803564,7217.913936
11.54017,1.841441,12.77292981,3.803421,7223.51616
11.55017,1.840292,12.77292981,3.803272,7229.115336
11.56017,1.839145,12.77292981,3.803115,7234.711464
11.57017,1.837999,12.77292981,3.80296,7240.304544
11.58017,1.836854,12.77292981,3.802796,7245.891528
11.59017,1.835711,12.77292981,3.802632,7251.475464
11.60017,1.834569,12.77292981,3.802461,7257.056352
11.61017,1.833428,12.77292981,3.802288,7262.634192
11.62017,1.832289,12.77292981,3.802109,7268.205936
11.63017,1.831151,12.77292981,3.801927,7273.774632
11.64017,1.830014,12.77292981,3.801744,7279.34028
11.65017,1.828879,12.77292981,3.801553,7284.899832
11.66017,1.827744,12.77292981,3.801358,7290.456336
11.67017,1.826612,12.77292981,3.801163,7296.009792
11.68017,1.82548,12.77292981,3.80096,7301.557152
11.69017,1.82435,12.77292981,3.800756,7307.104512
11.70017,1.823221,12.77292981,3.800545,7312.645776
11.71017,1.822093,12.77292981,3.800329,7318.183992
11.72017,1.820966,12.77292981,3.800112,7323.716112
11.73017,1.819841,12.77292981,3.799894,7329.245184
11.74017,1.818717,12.77292981,3.799668,7334.771208
11.75017,1.817595,12.77292981,3.799436,7340.294184
11.76017,1.816473,12.77292981,3.799202,7345.811064
11.77017,1.815353,12.77292981,3.798967,7351.324896
11.78017,1.814234,12.77292981,3.798723,7356.83568
11.79017,1.813117,12.77292981,3.798476,7362.343416
11.80017,1.812,12.77292981,3.798224,7367.845056
11.81017,1.810885,12.77292981,3.797973,7373.346696
11.82018,1.809771,12.77292981,3.797712,7378.839192
11.83018,1.808659,12.77292981,3.797451,7384.331688
11.84018,1.807547,12.77292981,3.797184,7389.821136
11.85018,1.806437,12.77292981,3.796913,7395.304488
11.86018,1.805329,12.77292981,3.796641,7400.784792
11.87018,1.804221,12.77292981,3.796363,7406.259
11.88018,1.803115,12.77292981,3.796079,7411.733208
11.89018,1.80201,12.77292981,3.795795,7417.20132
11.90018,1.800906,12.77292981,3.795501,7422.666384
11.91018,1.799803,12.77292981,3.795209,7428.1284
11.92018,1.798702,12.77292981,3.794911,7433.58432
11.93018,1.797601,12.77292981,3.794607,7439.037192
11.94018,1.796502,12.77292981,3.794301,7444.490064
11.95018,1.795405,12.77292981,3.793988,7449.933792
11.96018,1.794308,12.77292981,3.793675,7455.37752
11.97018,1.793213,12.77292981,3.793356,7460.815152
11.98018,1.792119,12.77292981,3.793031,7466.249736
11.99018,1.791026,12.77292981,3.792703,7471.681272
12.00018,1.789934,12.77292981,3.792372,7477.10976
12.01018,1.788844,12.77292981,3.792038,7482.532152
12.02018,1.787754,12.77292981,3.791697,7487.954544
12.03018,1.786667,12.77292981,3.791354,7493.367792
12.04018,1.785579,12.77292981,3.791005,7498.78104
12.05018,1.784494,12.77292981,3.790653,7504.19124
12.06018,1.783409,12.77292981,3.790297,7509.595344
12.07018,1.782326,12.77292981,3.789938,7514.9964
12.08018,1.781244,12.77292981,3.789576,7520.394408
12.09018,1.780163,12.77292981,3.789207,7525.789368
12.10018,1.779083,12.77292981,3.788835,7531.18128
12.11018,1.778005,12.77292981,3.788459,7536.567096
12.12018,1.776928,12.77292981,3.788076,7541.949864
12.13018,1.775851,12.77292981,3.787693,7547.329584
12.14018,1.774777,12.77292981,3.787304,7552.703208
12.15018,1.773703,12.77292981,3.78691,7558.076832
12.16018,1.77263,12.77292981,3.786514,7563.44436
12.17018,1.771559,12.77292981,3.786116,7568.80884
12.18018,1.770488,12.77292981,3.785709,7574.170272
12.19018,1.769419,12.77292981,3.785299,7579.528656
12.20018,1.768351,12.77292981,3.784883,7584.880944
12.21018,1.767284,12.77292981,3.784466,7590.233232
12.22018,1.766219,12.77292981,3.784045,7595.579424
12.23018,1.765154,12.77292981,3.783617,7600.922568
12.24018,1.764091,12.77292981,3.78319,7606.259616
12.25019,1.763029,12.77292981,3.782756,7611.596664
12.26019,1.761968,12.77292981,3.782318,7616.927616
12.27019,1.760908,12.77292981,3.781873,7622.258568
12.28019,1.759849,12.77292981,3.781428,7627.583424
12.29019,1.758791,12.77292981,3.780976,7632.902184
12.30019,1.757735,12.77292981,3.780523,7638.220944
12.31019,1.75668,12.77292981,3.780065,7643.533608
12.32019,1.755625,12.77292981,3.779603,7648.843224
12.33019,1.754572,12.77292981,3.779132,7654.149792
12.34019,1.75352,12.77292981,3.778662,7659.453312
12.35019,1.75247,12.77292981,3.778187,7664.753784
12.36019,1.75142,12.77292981,3.777707,7670.04816
12.37019,1.750371,12.77292981,3.777221,7675.342536
12.38019,1.749324,12.77292981,3.776736,7680.630816
12.39019,1.748278,12.77292981,3.776245,7685.916048
12.40019,1.747233,12.77292981,3.775748,7691.198232
12.41019,1.746189,12.77292981,3.775247,7696.47432
12.42019,1.745146,12.77292981,3.774742,7701.750408
12.43019,1.744104,12.77292981,3.774234,7707.0204
12.44019,1.743063,12.77292981,3.773718,7712.287344
12.45019,1.742024,12.77292981,3.773201,7717.55124
12.46019,1.740985,12.77292981,3.772681,7722.812088
12.47019,1.739948,12.77292981,3.772156,7728.069888
12.48019,1.738911,12.77292981,3.771628,7733.321592
12.49019,1.737876,12.77292981,3.771094,7738.573296
12.50019,1.736842,12.77292981,3.770556,7743.818904
12.51019,1.735809,12.77292981,3.770014,7749.061464
12.52019,1.734777,12.77292981,3.769468,7754.300976
12.53019,1.733747,12.77292981,3.768917,7759.53744
12.54019,1.732717,12.77292981,3.768362,7764.770856
12.55019,1.731688,12.77292981,3.767803,7769.998176
12.56019,1.730661,12.77292981,3.767241,7775.222448
12.57019,1.729634,12.77292981,3.766673,7780.44672
12.58019,1.728609,12.77292981,3.766101,7785.664896
12.59019,1.727584,12.77292981,3.765527,7790.880024
12.60019,1.726561,12.77292981,3.764946,7796.089056
12.61019,1.725539,12.77292981,3.764364,7801.298088
12.62019,1.724518,12.77292981,3.763774,7806.501024
12.63019,1.723498,12.77292981,3.763182,7811.70396
12.64019,1.722479,12.77292981,3.762586,7816.9008
12.65019,1.721461,12.77292981,3.761985,7822.094592
12.66019,1.720444,12.77292981,3.761378,7827.285336
12.67019,1.719429,12.77292981,3.760773,7832.473032
12.68019,1.718414,12.77292981,3.760159,7837.65768
12.6902,1.7174,12.77292981,3.75954,7842.836232
12.7002,1.716388,12.77292981,3.758917,7848.014784
12.7102,1.715376,12.77292981,3.758296,7853.18724
12.7202,1.714366,12.77292981,3.757665,7858.356648
12.7302,1.713356,12.77292981,3.757029,7863.523008
12.7402,1.712348,12.77292981,3.756391,7868.68632
12.7502,1.711341,12.77292981,3.755749,7873.846584
12.7602,1.710335,12.77292981,3.755103,7879.0038
12.7702,1.709329,12.77292981,3.754453,7884.15492
12.7802,1.708325,12.77292981,3.7538,7889.30604
12.7902,1.707322,12.77292981,3.753139,7894.451064
12.8002,1.70632,12.77292981,3.752475,7899.59304
12.8102,1.705319,12.77292981,3.751807,7904.731968
12.8202,1.704319,12.77292981,3.751134,7909.867848
12.8302,1.70332,12.77292981,3.750459,7915.00068
12.8402,1.702322,12.77292981,3.749779,7920.130464
12.8502,1.701325,12.77292981,3.749097,7925.2572
12.8602,1.700329,12.77292981,3.748408,7930.37784
12.8702,1.699334,12.77292981,3.747713,7935.49848
12.8802,1.69834,12.77292981,3.747019,7940.613024
12.8902,1.697347,12.77292981,3.746315,7945.72452
12.9002,1.696355,12.77292981,3.745611,7950.832968
12.9102,1.695364,12.77292981,3.744902,7955.938368
12.9202,1.694375,12.77292981,3.744191,7961.04072
12.9302,1.693386,12.77292981,3.743471,7966.140024
12.9402,1.692398,12.77292981,3.742749,7971.23628
12.9502,1.691411,12.77292981,3.742023,7976.32644
12.9602,1.690425,12.77292981,3.741292,7981.4166
12.9702,1.689441,12.77292981,3.740558,7986.500664
12.9802,1.688457,12.77292981,3.73982,7991.584728
12.9902,1.687474,12.77292981,3.739076,7996.662696
13.0002,1.686492,12.77292981,3.73833,8001.737616
13.0102,1.685511,12.77292981,3.737578,8006.809488
13.0202,1.684532,12.77292981,3.736824,8011.878312
13.0302,1.683553,12.77292981,3.736064,8016.944088
13.0402,1.682575,12.77292981,3.735299,8022.006816
13.0502,1.681598,12.77292981,3.734533,8027.063448
13.0602,1.680622,12.77292981,3.733761,8032.12008
13.0702,1.679648,12.77292981,3.732985,8037.173664
13.0802,1.678674,12.77292981,3.732206,8042.221152
13.0902,1.677701,12.77292981,3.73142,8047.265592
13.1002,1.676729,12.77292981,3.730633,8052.310032
13.1102,1.675758,12.77292981,3.72984,8057.348376
13.1202,1.674788,12.77292981,3.729043,8062.383672
13.13021,1.673819,12.77292981,3.728242,8067.41592
13.14021,1.672851,12.77292981,3.727437,8072.44512
13.15021,1.671884,12.77292981,3.726628,8077.471272
13.16021,1.670918,12.77292981,3.725812,8082.494376
13.17021,1.669953,12.77292981,3.724996,8087.511384
13.18021,1.668989,12.77292981,3.724174,8092.528392
13.19021,1.668025,12.77292981,3.72335,8097.539304
13.20021,1.667063,12.77292981,3.72252,8102.550216
13.21021,1.666102,12.77292981,3.721685,8107.55808
13.22021,1.665142,12.77292981,3.720845,8112.559848
13.23021,1.664182,12.77292981,3.720003,8117.558568
13.24021,1.663224,12.77292981,3.719158,8122.557288
13.25021,1.662266,12.77292981,3.718305,8127.549912
13.26021,1.66131,12.77292981,3.717453,8132.539488
13.27021,1.660354,12.77292981,3.716594,8137.526016
13.28021,1.6594,12.77292981,3.715731,8142.509496
13.29021,1.658446,12.77292981,3.714864,8147.489928
13.30021,1.657493,12.77292981,3.713993,8152.467312
13.31021,1.656542,12.77292981,3.71312,8157.441648
13.32021,1.655591,12.77292981,3.71224,8162.412936
13.33021,1.654641,12.77292981,3.711356,8167.381176
13.34021,1.653692,12.77292981,3.710469,8172.34332
13.35021,1.652744,12.77292981,3.709578,8177.305464
13.36021,1.651797,12.77292981,3.708682,8182.26456
13.37021,1.650851,12.77292981,3.707784,8187.21756
13.38021,1.649905,12.77292981,3.706879,8192.17056
13.39021,1.648961,12.77292981,3.705973,8197.117464
13.40021,1.648018,12.77292981,3.705062,8202.064368
13.41021,1.647075,12.77292981,3.704146,8207.005176
13.42021,1.646134,12.77292981,3.703226,8211.942936
13.43021,1.645193,12.77292981,3.702303,8216.880696
13.44021,1.644253,12.77292981,3.701371,8221.81236
13.45021,1.643315,12.77292981,3.700443,8226.740976
13.46021,1.642377,12.77292981,3.69951,8231.666544
13.47021,1.64144,12.77292981,3.698569,8236.589064
13.48021,1.640504,12.77292981,3.697621,8241.508536
13.49021,1.639569,12.77292981,3.696676,8246.42496
13.50021,1.638634,12.77292981,3.695723,8251.338336
13.51021,1.637701,12.77292981,3.694768,8256.248664
13.52021,1.636769,12.77292981,3.693808,8261.155944
13.53021,1.635837,12.77292981,3.692846,8266.060176
13.54021,1.634907,12.77292981,3.69188,8270.96136
13.55021,1.633977,12.77292981,3.690907,8275.859496
13.56021,1.633048,12.77292981,3.689932,8280.754584
13.57022,1.63212,12.77292981,3.68895,8285.646624
13.58022,1.631193,12.77292981,3.687969,8290.532568
13.59022,1.630267,12.77292981,3.68698,8295.418512
13.60022,1.629342,12.77292981,3.685988,8300.301408
13.61022,1.628417,12.77292981,3.684994,8305.181256
13.62022,1.627494,12.77292981,3.683996,8310.055008
13.63022,1.626571,12.77292981,3.682995,8314.92876
13.64022,1.62565,12.77292981,3.681987,8319.799464
13.65022,1.624729,12.77292981,3.680976,8324.664072
13.66022,1.623809,12.77292981,3.67996,8329.52868
13.67022,1.62289,12.77292981,3.678943,8334.387192
13.68022,1.621972,12.77292981,3.67792,8339.245704
13.69022,1.621055,12.77292981,3.676896,8344.101168
13.70022,1.620138,12.77292981,3.675866,8348.950536
13.71022,1.619223,12.77292981,3.674835,8353.799904
13.72022,1.618308,12.77292981,3.673796,8358.643176
13.73022,1.617394,12.77292981,3.672755,8363.486448
13.74022,1.616481,12.77292981,3.671707,8368.323624
13.75022,1.615569,12.77292981,3.670659,8373.1608
13.76022,1.614658,12.77292981,3.669608,8377.99188
13.77022,1.613748,12.77292981,3.668553,8382.82296
13.78022,1.612838,12.77292981,3.667495,8387.647944
13.79022,1.61193,12.77292981,3.666427,8392.472928
13.80022,1.611022,12.77292981,3.665363,8397.291816
13.81022,1.610115,12.77292981,3.664293,8402.110704
13.82022,1.609209,12.77292981,3.663216,8406.923496
13.83022,1.608304,12.77292981,3.662139,8411.736288
13.84022,1.607399,12.77292981,3.661056,8416.542984
13.85022,1.606496,12.77292981,3.659971,8421.34968
13.86022,1.605593,12.77292981,3.658879,8426.15028
13.87022,1.604692,12.77292981,3.657787,8430.95088
13.88022,1.603791,12.77292981,3.656692,8435.745384
13.89022,1.60289,12.77292981,3.655589,8440.53684
13.90022,1.601991,12.77292981,3.654487,8445.328296
13.91022,1.601093,12.77292981,3.653379,8450.113656
13.92022,1.600195,12.77292981,3.652267,8454.899016
13.93022,1.599298,12.77292981,3.651155,8459.681328
13.94022,1.598403,12.77292981,3.650036,8464.457544
13.95022,1.597507,12.77292981,3.648915,8469.23376
13.96022,1.596613,12.77292981,3.647789,8474.00388
13.97022,1.59572,12.77292981,3.646662,8478.774
13.98022,1.594827,12.77292981,3.645531,8483.541072
13.99022,1.593936,12.77292981,3.644392,8488.302048
14.00023,1.593045,12.77292981,3.643255,8493.063024
14.01023,1.592155,12.77292981,3.642113,8497.820952
14.02023,1.591266,12.77292981,3.64097,8502.572784
14.03023,1.590377,12.77292981,3.639819,8507.324616
14.04023,1.58949,12.77292981,3.638668,8512.0734
14.05023,1.588603,12.77292981,3.63751,8516.816088
14.06023,1.587717,12.77292981,3.636354,8521.558776
14.07023,1.586831,12.77292981,3.635187,8526.298416
14.08023,1.585947,12.77292981,3.634025,8531.03196
14.09023,1.585064,12.77292981,3.632854,8535.765504
14.10023,1.584181,12.77292981,3.631684,8540.496
14.11023,1.583299,12.77292981,3.630507,8545.223448
14.12023,1.582418,12.77292981,3.629331,8549.947848
14.13023,1.581538,12.77292981,3.628149,8554.6692
14.14023,1.580658,12.77292981,3.626963,8559.387504
14.15023,1.57978,12.77292981,3.625774,8564.10276
14.16023,1.578902,12.77292981,3.624583,8568.814968
14.17023,1.578025,12.77292981,3.62339,8573.524128
14.18023,1.577148,12.77292981,3.62219,8578.23024
14.19023,1.576273,12.77292981,3.620989,8582.936352
14.20023,1.575398,12.77292981,3.619786,8587.636368
14.21023,1.574524,12.77292981,3.618581,8592.333336
14.22023,1.573651,12.77292981,3.617371,8597.027256
14.23023,1.572779,12.77292981,3.616159,8601.721176
14.24023,1.571907,12.77292981,3.614944,8606.409
14.25023,1.571037,12.77292981,3.613723,8611.093776
14.26023,1.570167,12.77292981,3.612504,8615.775504
14.27023,1.569298,12.77292981,3.61128,8620.457232
14.28023,1.568429,12.77292981,3.61005,8625.135912
14.29023,1.567562,12.77292981,3.608822,8629.808496
14.30023,1.566695,12.77292981,3.607591,8634.48108
14.31023,1.565829,12.77292981,3.606356,8639.147568
14.32023,1.564964,12.77292981,3.605116,8643.814056
14.33023,1.564099,12.77292981,3.603873,8648.477496
14.34023,1.563236,12.77292981,3.60263,8653.13484
14.35023,1.562373,12.77292981,3.601385,8657.792184
14.36023,1.561511,12.77292981,3.600134,8662.44648
14.37023,1.560649,12.77292981,3.598884,8667.097728
14.38023,1.559789,12.77292981,3.597631,8671.745928
14.39023,1.558929,12.77292981,3.596372,8676.39108
14.40023,1.55807,12.77292981,3.595115,8681.033184
14.41023,1.557212,12.77292981,3.593853,8685.675288
14.42023,1.556354,12.77292981,3.592587,8690.311296
14.43023,1.555498,12.77292981,3.591321,8694.944256
14.44024,1.554642,12.77292981,3.590055,8699.577216
14.45024,1.553787,12.77292981,3.58878,8704.20408
14.46024,1.552932,12.77292981,3.587507,8708.827896
14.47024,1.552078,12.77292981,3.586231,8713.451712
14.48024,1.551226,12.77292981,3.584952,8718.07248
14.49024,1.550373,12.77292981,3.58367,8722.687152
14.50024,1.549522,12.77292981,3.582389,8727.301824
14.51024,1.548671,12.77292981,3.581105,8731.913448
14.52024,1.547822,12.77292981,3.579817,8736.518976
14.53024,1.546972,12.77292981,3.578527,8741.124504
14.54024,1.546124,12.77292981,3.577238,8745.726984
14.55024,1.545276,12.77292981,3.575941,8750.326416
14.56024,1.544429,12.77292981,3.574648,8754.925848
14.57024,1.543583,12.77292981,3.57335,8759.519184
14.58024,1.542738,12.77292981,3.57205,8764.109472
14.59024,1.541893,12.77292981,3.570749,8768.696712
14.60024,1.541049,12.77292981,3.569448,8773.283952
14.61024,1.540206,12.77292981,3.568143,8777.865096
14.62024,1.539364,12.77292981,3.566836,8782.44624
14.63024,1.538522,12.77292981,3.565527,8787.021288
14.64024,1.537681,12.77292981,3.564218,8791.596336
14.65024,1.536841,12.77292981,3.562907,8796.168336
14.66024,1.536001,12.77292981,3.561593,8800.737288
14.67024,1.535163,12.77292981,3.560278,8805.303192
14.68024,1.534324,12.77292981,3.558962,8809.866048
14.69024,1.533487,12.77292981,3.557644,8814.425856
14.70024,1.53265,12.77292981,3.556325,8818.982616
14.71024,1.531815,12.77292981,3.555007,8823.539376
14.72024,1.53098,12.77292981,3.553685,8828.09004
14.73024,1.530145,12.77292981,3.552358,8832.637656
14.74024,1.529311,12.77292981,3.551036,8837.185272
14.75024,1.528479,12.77292981,3.549711,8841.726792
14.76024,1.527646,12.77292981,3.548384,8846.268312
14.77024,1.526815,12.77292981,3.547056,8850.806784
14.78024,1.525984,12.77292981,3.545728,8855.342208
14.79024,1.525154,12.77292981,3.544398,8859.874584
14.80024,1.524324,12.77292981,3.543067,8864.403912
14.81024,1.523496,12.77292981,3.541734,8868.930192
14.82024,1.522668,12.77292981,3.540402,8873.453424
14.83024,1.521841,12.77292981,3.539071,8877.976656
14.84024,1.521014,12.77292981,3.537735,8882.493792
14.85024,1.520188,12.77292981,3.536399,8887.010928
14.86024,1.519363,12.77292981,3.535067,8891.521968
14.87024,1.518539,12.77292981,3.53373,8896.033008
14.88025,1.517715,12.77292981,3.532394,8900.541
14.89025,1.516892,12.77292981,3.531054,8905.045944
14.90025,1.51607,12.77292981,3.529718,8909.54784
14.91025,1.515248,12.77292981,3.52838,8914.046688
14.92025,1.514427,12.77292981,3.527044,8918.542488
14.93025,1.513607,12.77292981,3.525704,8923.038288
14.94025,1.512788,12.77292981,3.524365,8927.527992
14.95025,1.511969,12.77292981,3.523028,8932.017696
14.96025,1.511151,12.77292981,3.521688,8936.501304
14.97025,1.510333,12.77292981,3.520348,8940.984912
14.98025,1.509517,12.77292981,3.519011,8945.465472
14.99025,1.508701,12.77292981,3.517675,8949.942984
15.00025,1.507885,12.77292981,3.516335,8954.417448
15.01025,1.507071,12.77292981,3.514998,8958.888864
15.02025,1.506257,12.77292981,3.513659,8963.357232
15.03025,1.505443,12.77292981,3.512324,8967.8256
15.04025,1.504631,12.77292981,3.510987,8972.287872
15.05025,1.503819,12.77292981,3.509648,8976.750144
15.06025,1.503008,12.77292981,3.508317,8981.209368
15.07025,1.502197,12.77292981,3.50698,8985.665544
15.08025,1.501387,12.77292981,3.505646,8990.115624
15.09025,1.500578,12.77292981,3.504313,8994.568752
15.10025,1.49977,12.77292981,3.50298,8999.015784
15.11025,1.498962,12.77292981,3.501651,9003.459768
15.12025,1.498155,12.77292981,3.500318,9007.903752
15.13025,1.497348,12.77292981,3.498987,9012.34164
15.14025,1.496542,12.77292981,3.497661,9016.779528
15.15025,1.495737,12.77292981,3.496333,9021.214368
15.16025,1.494933,12.77292981,3.495011,9025.64616
15.17025,1.494129,12.77292981,3.493684,9030.074904
15.18025,1.493326,12.77292981,3.492361,9034.5006
15.19025,1.492524,12.77292981,3.491043,9038.923248
15.20025,1.491722,12.77292981,3.489722,9043.345896
15.21025,1.490921,12.77292981,3.488406,9047.762448
15.22025,1.49012,12.77292981,3.48709,9052.179
15.23025,1.48932,12.77292981,3.485778,9056.592504
15.24025,1.488521,12.77292981,3.484462,9061.00296
15.25025,1.487723,12.77292981,3.483153,9065.410368
15.26025,1.486925,12.77292981,3.481847,9069.814728
15.27025,1.486128,12.77292981,3.480543,9074.21604
15.28025,1.485331,12.77292981,3.479237,9078.617352
15.29025,1.484535,12.77292981,3.477937,9083.012568
15.30025,1.48374,12.77292981,3.47664,9087.407784
15.31026,1.482946,12.77292981,3.475345,9091.799952
15.32026,1.482152,12.77292981,3.474055,9096.189072
15.33026,1.481359,12.77292981,3.472764,9100.575144
15.34026,1.480566,12.77292981,3.471476,9104.958168
15.35026,1.479774,12.77292981,3.470191,9109.338144
15.36026,1.478983,12.77292981,3.468912,9113.71812
15.37026,1.478192,12.77292981,3.467638,9118.095048
15.38026,1.477402,12.77292981,3.466361,9122.46588
15.39026,1.476613,12.77292981,3.465093,9126.836712
15.40026,1.475824,12.77292981,3.463823,9131.204496
15.41026,1.475036,12.77292981,3.462562,9135.57228
15.42026,1.474249,12.77292981,3.461303,9139.933968
15.43026,1.473462,12.77292981,3.460046,9144.292608
15.44026,1.472676,12.77292981,3.458794,9148.651248
15.45026,1.47189,12.77292981,3.457546,9153.00684
15.46026,1.471105,12.77292981,3.456301,9157.359384
15.47026,1.470321,12.77292981,3.455064,9161.70888
15.48026,1.469537,12.77292981,3.453828,9166.055328
15.49026,1.468754,12.77292981,3.4526,9170.401776
15.50026,1.467972,12.77292981,3.451373,9174.742128
15.51026,1.46719,12.77292981,3.450154,9179.08248
15.52026,1.466409,12.77292981,3.448935,9183.416736
15.53026,1.465629,12.77292981,3.447726,9187.750992
15.54026,1.464849,12.77292981,3.446518,9192.0822
15.55026,1.464069,12.77292981,3.445317,9196.413408
15.56026,1.463291,12.77292981,3.444121,9200.73852
15.57026,1.462513,12.77292981,3.442932,9205.063632
15.58026,1.461736,12.77292981,3.441748,9209.382648
15.59026,1.460959,12.77292981,3.440567,9213.701664
15.60026,1.460183,12.77292981,3.439397,9218.017632
15.61026,1.459407,12.77292981,3.43823,9222.330552
15.62026,1.458632,12.77292981,3.437069,9226.643472
15.63026,1.457858,12.77292981,3.435917,9230.950296
15.64026,1.457085,12.77292981,3.434767,9235.25712
15.65026,1.456312,12.77292981,3.433625,9239.560896
15.66026,1.455539,12.77292981,3.432491,9243.858576
15.67026,1.454767,12.77292981,3.431363,9248.159304
15.68026,1.453996,12.77292981,3.430243,9252.453936
15.69026,1.453226,12.77292981,3.429128,9256.74552
15.70026,1.452456,12.77292981,3.42802,9261.037104
15.71026,1.451686,12.77292981,3.426922,9265.32564
15.72026,1.450918,12.77292981,3.425831,9269.611128
15.73026,1.450149,12.77292981,3.424744,9273.893568
15.74026,1.449382,12.77292981,3.423669,9278.17296
15.75027,1.448615,12.77292981,3.422601,9282.452352
15.76027,1.447849,12.77292981,3.421539,9286.725648
15.77027,1.447083,12.77292981,3.420487,9290.998944
15.78027,1.446318,12.77292981,3.419445,9295.269192
15.79027,1.445553,12.77292981,3.41841,9299.536392
15.80027,1.444789,12.77292981,3.417385,9303.800544
15.81027,1.444026,12.77292981,3.416367,9308.064696
15.82027,1.443263,12.77292981,3.41536,9312.322752
15.83027,1.442501,12.77292981,3.41436,9316.580808
15.84027,1.441739,12.77292981,3.41337,9320.835816
15.85027,1.440979,12.77292981,3.412391,9325.087776
15.86027,1.440218,12.77292981,3.411419,9329.339736
15.87027,1.439458,12.77292981,3.410459,9333.5856
15.88027,1.438699,12.77292981,3.409508,9337.831464
15.89027,1.437941,12.77292981,3.408569,9342.07428
15.90027,1.437183,12.77292981,3.407639,9346.314048
15.91027,1.436425,12.77292981,3.40672,9350.550768
15.92027,1.435668,12.77292981,3.405811,9354.78444
15.93027,1.434912,12.77292981,3.404915,9359.018112
15.94027,1.434157,12.77292981,3.404028,9363.248736
15.95027,1.433401,12.77292981,3.403153,9367.476312
15.96027,1.432647,12.77292981,3.402289,9371.70084
15.97027,1.431893,12.77292981,3.401439,9375.92232
15.98027,1.43114,12.77292981,3.400597,9380.1438
15.99027,1.430387,12.77292981,3.399772,9384.359184
16.00027,1.429635,12.77292981,3.398956,9388.574568
16.01027,1.428883,12.77292981,3.398152,9392.786904
16.02027,1.428132,12.77292981,3.397365,9396.996192
16.03027,1.427382,12.77292981,3.396585,9401.20548
16.04027,1.426632,12.77292981,3.395822,9405.408672
16.05027,1.425882,12.77292981,3.395071,9409.611864
16.06027,1.425134,12.77292981,3.394335,9413.812008
16.07027,1.424386,12.77292981,3.39361,9418.009104
16.08027,1.423638,12.77292981,3.392899,9422.203152
16.09027,1.422891,12.77292981,3.392204,9426.3972
16.10027,1.422144,12.77292981,3.391523,9430.5882
16.11027,1.421399,12.77292981,3.390854,9434.776152
16.12027,1.420653,12.77292981,3.390202,9438.961056
16.13027,1.419909,12.77292981,3.389567,9443.142912
16.14027,1.419164,12.77292981,3.388944,9447.32172
16.15027,1.418421,12.77292981,3.388339,9451.500528
16.16027,1.415921,12.77292981,3.386413,9455.676288
16.17027,1.415089,12.77292981,3.385811,9459.849
16.18027,1.414258,12.77292981,3.385231,9464.021712
16.19028,1.413428,12.77292981,3.384673,9468.188328
16.20028,1.412598,12.77292981,3.384137,9472.354944
16.21028,1.411769,12.77292981,3.383618,9476.515464
16.22028,1.410941,12.77292981,3.383128,9480.675984
16.23028,1.410113,12.77292981,3.382658,9484.836504
16.24028,1.409286,12.77292981,3.382211,9488.990928
16.25028,1.40846,12.77292981,3.381789,9493.145352
16.26028,1.407634,12.77292981,3.381392,9497.296728
16.27028,1.406809,12.77292981,3.381014,9501.445056
16.28028,1.405985,12.77292981,3.380665,9505.590336
16.29028,1.405162,12.77292981,3.380339,9509.735616
16.30028,1.404339,12.77292981,3.380039,9513.8748
16.31028,1.403517,12.77292981,3.379762,9518.013984
16.32028,1.402695,12.77292981,3.379513,9522.15012
16.33028,1.401874,12.77292981,3.379291,9526.283208
16.34028,1.401054,12.77292981,3.379097,9530.416296
16.35028,1.400234,12.77292981,3.378928,9534.546336
16.36028,1.399415,12.77292981,3.378787,9538.673328
16.37028,1.398597,12.77292981,3.378674,9542.797272
16.38028,1.39778,12.77292981,3.37859,9546.918168
16.39028,1.396963,12.77292981,3.378532,9551.039064
16.40028,1.396147,12.77292981,3.378505,9555.153864
16.41028,1.395331,12.77292981,3.378508,9559.268664
16.42028,1.394516,12.77292981,3.378544,9563.383464
16.43028,1.393702,12.77292981,3.378605,9567.492168
16.44028,1.392888,12.77292981,3.378735,9571.600872
16.45028,1.392075,12.77292981,3.378958,9575.706528
16.46028,1.391263,12.77292981,3.379215,9579.809136
16.47028,1.390451,12.77292981,3.379501,9583.908696
16.48028,1.38964,12.77292981,3.37982,9588.005208
16.49028,1.38883,12.77292981,3.380172,9592.10172
16.50028,1.38802,12.77292981,3.380556,9596.195184
16.51028,1.387211,12.77292981,3.380975,9600.2856
16.52028,1.386403,12.77292981,3.381427,9604.376016
16.53028,1.385595,12.77292981,3.381911,9608.460336
16.54028,1.384788,12.77292981,3.382432,9612.544656
16.55028,1.383981,12.77292981,3.382989,9616.625928
16.56028,1.383175,12.77292981,3.383582,9620.7072
16.57028,1.38237,12.77292981,3.384208,9624.782376
16.58028,1.381566,12.77292981,3.384876,9628.857552
16.59028,1.380762,12.77292981,3.385575,9632.92968
16.60028,1.379958,12.77292981,3.386316,9636.99876
16.61028,1.379156,12.77292981,3.387091,9641.064792
16.62029,1.378354,12.77292981,3.38791,9645.130824
16.63029,1.377552,12.77292981,3.388764,9649.193808
16.64029,1.376752,12.77292981,3.389655,9653.253744
16.65029,1.375951,12.77292981,3.39059,9657.310632
16.66029,1.375152,12.77292981,3.391565,9661.364472
16.67029,1.374353,12.77292981,3.39258,9665.418312
16.68029,1.373555,12.77292981,3.39364,9669.469104
16.69029,1.372757,12.77292981,3.39474,9673.516848
16.70029,1.37196,12.77292981,3.39588,9677.564592
16.71029,1.371164,12.77292981,3.397062,9681.60624
16.72029,1.370368,12.77292981,3.398292,9685.647888
16.73029,1.369573,12.77292981,3.399565,9689.686488
16.74029,1.368779,12.77292981,3.400882,9693.72204
16.75029,1.367985,12.77292981,3.402241,9697.757592
16.76029,1.367192,12.77292981,3.40365,9701.787048
16.77029,1.366399,12.77292981,3.405103,9705.816504
16.78029,1.365607,12.77292981,3.406603,9709.84596
16.79029,1.364815,12.77292981,3.40815,9713.86932
16.80029,1.364025,12.77292981,3.409744,9717.89268
16.81029,1.363235,12.77292981,3.411385,9721.912992
16.82029,1.362445,12.77292981,3.41308,9725.930256
16.83029,1.361656,12.77292981,3.414818,9729.944472
16.84029,1.360868,12.77292981,3.416611,9733.958688
16.85029,1.36008,12.77292981,3.41845,9737.969856
16.86029,1.359293,12.77292981,3.420342,9741.977976
16.87029,1.358507,12.77292981,3.422286,9745.983048
16.88029,1.357721,12.77292981,3.42428,9749.98812
16.89029,1.356936,12.77292981,3.426329,9753.990144
16.90029,1.356151,12.77292981,3.428432,9757.98912
16.91029,1.355367,12.77292981,3.430584,9761.985048
16.92029,1.354584,12.77292981,3.432794,9765.980976
16.93029,1.353801,12.77292981,3.435058,9769.970808
16.94029,1.353019,12.77292981,3.437377,9773.96064
16.95029,1.352237,12.77292981,3.439752,9777.947424
16.96029,1.351456,12.77292981,3.442185,9781.934208
16.97029,1.350675,12.77292981,3.444676,9785.917944
16.98029,1.349896,12.77292981,3.447222,9789.898632
16.99029,1.349116,12.77292981,3.449826,9793.876272
17.00029,1.348338,12.77292981,3.45249,9797.853912
17.01029,1.34756,12.77292981,3.455212,9801.825456
17.02029,1.346782,12.77292981,3.457996,9805.797
17.03029,1.346005,12.77292981,3.46084,9809.768544
17.04029,1.345229,12.77292981,3.463744,9813.733992
17.05029,1.344454,12.77292981,3.466709,9817.69944
17.0603,1.343678,12.77292981,3.469743,9821.66184
17.0703,1.342904,12.77292981,3.472831,9825.621192
17.0803,1.34213,12.77292981,3.475986,9829.580544
17.0903,1.341357,12.77292981,3.479206,9833.536848
17.1003,1.340584,12.77292981,3.482491,9837.490104
17.1103,1.339812,12.77292981,3.485839,9841.440312
17.1203,1.33904,12.77292981,3.489257,9845.387472
17.1303,1.338269,12.77292981,3.492735,9849.334632
17.1403,1.337499,12.77292981,3.496286,9853.278744
17.1503,1.336729,12.77292981,3.4999,9857.219808
17.1603,1.33596,12.77292981,3.503582,9861.160872
17.1703,1.335191,12.77292981,3.507334,9865.098888
17.1803,1.334423,12.77292981,3.511155,9869.033856
17.1903,1.333656,12.77292981,3.515044,9872.965776
17.2003,1.332889,12.77292981,3.519006,9876.897696
17.2103,1.332123,12.77292981,3.523037,9880.826568
17.2203,1.331357,12.77292981,3.527145,9884.752392
17.2303,1.330592,12.77292981,3.531318,9888.675168
17.2403,1.329827,12.77292981,3.535568,9892.597944
17.2503,1.329063,12.77292981,3.535554,9896.514624
17.2603,1.3283,12.77292981,3.535438,9900.434352
17.2703,1.327537,12.77292981,3.535322,9904.347984
17.2803,1.326776,12.77292981,3.535205,9908.261616
17.2903,1.326014,12.77292981,3.535089,9912.1722
17.3003,1.325254,12.77292981,3.534973,9916.079736
17.3103,1.324494,12.77292981,3.534857,9919.984224
17.3203,1.323735,12.77292981,3.534742,9923.888712
17.3303,1.322977,12.77292981,3.534624,9927.790152
17.3403,1.322219,12.77292981,3.534508,9931.688544
17.3503,1.321462,12.77292981,3.534393,9935.586936
17.3603,1.320706,12.77292981,3.534277,9939.479232
17.3703,1.31995,12.77292981,3.534163,9943.374576
17.3803,1.319195,12.77292981,3.534047,9947.263824
17.3903,1.318441,12.77292981,3.533931,9951.150024
17.4003,1.317687,12.77292981,3.533815,9955.036224
17.4103,1.316934,12.77292981,3.533701,9958.919376
17.4203,1.316182,12.77292981,3.533587,9962.802528
17.4303,1.315431,12.77292981,3.53347,9966.682632
17.4403,1.31468,12.77292981,3.533355,9970.55664
17.4503,1.31393,12.77292981,3.533241,9974.433696
17.4603,1.31318,12.77292981,3.533127,9978.304656
17.4703,1.312431,12.77292981,3.533013,9982.175616
17.4803,1.311683,12.77292981,3.532896,9986.043528
17.4903,1.310935,12.77292981,3.532783,9989.908392
17.50031,1.310189,12.77292981,3.532668,9993.773256
17.51031,1.309443,12.77292981,3.532553,9997.635072
17.52031,1.308697,12.77292981,3.53244,10001.49384
17.53031,1.307952,12.77292981,3.532326,10005.34956
17.54031,1.307208,12.77292981,3.532212,10009.20528
17.55031,1.306465,12.77292981,3.532097,10013.05795
17.56031,1.305722,12.77292981,3.531984,10016.91062
17.57031,1.30498,12.77292981,3.531871,10020.7572
17.58031,1.304238,12.77292981,3.531756,10024.60378
17.59031,1.303497,12.77292981,3.531644,10028.4473
17.60031,1.302757,12.77292981,3.531529,10032.29083
17.61031,1.302018,12.77292981,3.531416,10036.12826
17.62031,1.301279,12.77292981,3.531303,10039.9657
17.63031,1.30054,12.77292981,3.531189,10043.80313
17.64031,1.299803,12.77292981,3.531076,10047.63446
17.65031,1.299066,12.77292981,3.530964,10051.4658
17.66031,1.29833,12.77292981,3.530851,10055.29409
17.67031,1.297594,12.77292981,3.530738,10059.12238
17.68031,1.296859,12.77292981,3.530626,10062.94457
17.69031,1.296125,12.77292981,3.530513,10066.76676
17.70031,1.295391,12.77292981,3.5304,10070.5859
17.71031,1.294658,12.77292981,3.530286,10074.40505
17.72031,1.293925,12.77292981,3.530174,10078.22114
17.73031,1.293193,12.77292981,3.530063,10082.03419
17.74031,1.292462,12.77292981,3.529949,10085.84724
17.75031,1.291732,12.77292981,3.529839,10089.65419
17.76031,1.291002,12.77292981,3.529724,10093.46419
17.77031,1.290272,12.77292981,3.529612,10097.2681
17.78031,1.289544,12.77292981,3.529502,10101.072
17.79031,1.288816,12.77292981,3.529389,10104.86981
17.80031,1.288088,12.77292981,3.529277,10108.67066
17.81031,1.287362,12.77292981,3.529165,10112.46542
17.82031,1.286635,12.77292981,3.529053,10116.26018
17.83031,1.28591,12.77292981,3.528943,10120.0519
17.84031,1.285185,12.77292981,3.52883,10123.84361
17.85031,1.28446,12.77292981,3.528719,10127.62922
17.86031,1.283737,12.77292981,3.528608,10131.41484
17.87031,1.283013,12.77292981,3.528496,10135.20046
17.88031,1.282291,12.77292981,3.528384,10138.98302
17.89031,1.281569,12.77292981,3.528274,10142.7595
17.90031,1.280847,12.77292981,3.528163,10146.53597
17.91031,1.280127,12.77292981,3.528052,10150.31244
17.92031,1.279406,12.77292981,3.527938,10154.08586
17.93032,1.278687,12.77292981,3.52783,10157.85624
17.94032,1.277968,12.77292981,3.527719,10161.62357
17.95032,1.27725,12.77292981,3.527606,10165.3909
17.96032,1.276532,12.77292981,3.527497,10169.15822
17.97032,1.275815,12.77292981,3.527385,10172.91946
17.98032,1.275098,12.77292981,3.527275,10176.67764
17.99032,1.274382,12.77292981,3.527166,10180.43582
18.00032,1.273667,12.77292981,3.527055,10184.19401
18.01032,1.272952,12.77292981,3.526944,10187.9461
18.02032,1.272238,12.77292981,3.526835,10191.69818
18.03032,1.271524,12.77292981,3.526723,10195.44722
18.04032,1.270811,12.77292981,3.526613,10199.19626
18.05032,1.270098,12.77292981,3.526503,10202.94226
18.06032,1.269386,12.77292981,3.526394,10206.6852
18.07032,1.268675,12.77292981,3.526282,10210.4251
18.08032,1.267964,12.77292981,3.526173,10214.16499
18.09032,1.267254,12.77292981,3.526063,10217.90184
18.10032,1.266544,12.77292981,3.525953,10221.63869
18.11032,1.265835,12.77292981,3.525844,10225.36944
18.12032,1.265127,12.77292981,3.525735,10229.10324
18.13032,1.264419,12.77292981,3.525625,10232.83094
18.14032,1.263712,12.77292981,3.525515,10236.55865
18.15032,1.263005,12.77292981,3.525406,10240.2833
18.16032,1.262299,12.77292981,3.525295,10244.00491
18.17032,1.261593,12.77292981,3.525188,10247.72652
18.18032,1.260888,12.77292981,3.525078,10251.44508
18.19032,1.260184,12.77292981,3.524967,10255.16059
18.20032,1.25948,12.77292981,3.524859,10258.8761
18.21032,1.258777,12.77292981,3.52475,10262.58857
18.22032,1.258074,12.77292981,3.524641,10266.29798
18.23032,1.257372,12.77292981,3.524532,10270.00435
18.24032,1.25667,12.77292981,3.524425,10273.71072
18.25032,1.255969,12.77292981,3.524313,10277.41404
18.26032,1.255268,12.77292981,3.524204,10281.11736
18.27032,1.254568,12.77292981,3.524096,10284.81763
18.28032,1.253869,12.77292981,3.523987,10288.51486
18.29032,1.25317,12.77292981,3.523878,10292.20903
18.30032,1.252472,12.77292981,3.523771,10295.90321
18.31032,1.251774,12.77292981,3.523662,10299.59434
18.32032,1.251077,12.77292981,3.523553,10303.28546
18.33032,1.25038,12.77292981,3.523446,10306.9705
18.34032,1.249684,12.77292981,3.523335,10310.65553
18.35032,1.248988,12.77292981,3.523228,10314.34056
18.36032,1.248293,12.77292981,3.523121,10318.02254
18.37033,1.247599,12.77292981,3.52301,10321.70148
18.38033,1.246905,12.77292981,3.522903,10325.37737
18.39033,1.246212,12.77292981,3.522794,10329.05326
18.40033,1.245519,12.77292981,3.522687,10332.7261
18.41033,1.244826,12.77292981,3.522579,10336.39589
18.42033,1.244135,12.77292981,3.522472,10340.06568
18.43033,1.243443,12.77292981,3.522363,10343.73242
18.44033,1.242753,12.77292981,3.522256,10347.39917
18.45033,1.242063,12.77292981,3.522147,10351.05982
18.46033,1.241373,12.77292981,3.52204,10354.72046
18.47033,1.240684,12.77292981,3.521931,10358.38111
18.48033,1.239995,12.77292981,3.521825,10362.03566
18.49033,1.239307,12.77292981,3.521716,10365.69326
18.50033,1.23862,12.77292981,3.521609,10369.34477
18.51033,1.237933,12.77292981,3.521502,10372.99627
18.52033,1.237247,12.77292981,3.521394,10376.64473
18.53033,1.236561,12.77292981,3.521287,10380.29014
18.54033,1.235875,12.77292981,3.52118,10383.93554
18.55033,1.23519,12.77292981,3.521074,10387.5779
18.56033,1.234506,12.77292981,3.520965,10391.21722
18.57033,1.233822,12.77292981,3.520859,10394.85653
18.58033,1.233139,12.77292981,3.52075,10398.49279
18.59033,1.232456,12.77292981,3.520643,10402.12601
18.60033,1.231774,12.77292981,3.520537,10405.75922
18.61033,1.231092,12.77292981,3.520428,10409.38939
18.62033,1.230411,12.77292981,3.520324,10413.01956
18.63033,1.22973,12.77292981,3.520215,10416.64668
18.64033,1.22905,12.77292981,3.520109,10420.27075
18.65033,1.228371,12.77292981,3.520001,10423.89178
18.66033,1.227692,12.77292981,3.519896,10427.5128
18.67033,1.227013,12.77292981,3.51979,10431.13078
18.68033,1.226335,12.77292981,3.519682,10434.7457
18.69033,1.225657,12.77292981,3.519574,10438.36063
18.70033,1.22498,12.77292981,3.519469,10441.97556
18.71033,1.224304,12.77292981,3.519361,10445.58439
18.72033,1.223628,12.77292981,3.519257,10449.19322
18.73033,1.222952,12.77292981,3.51915,10452.79901
18.74033,1.222277,12.77292981,3.519042,10456.40479
18.75033,1.221603,12.77292981,3.518935,10460.00753
18.76033,1.220929,12.77292981,3.518829,10463.60722
18.77033,1.220255,12.77292981,3.518723,10467.20386
18.78033,1.219582,12.77292981,3.518617,10470.8005
18.79033,1.21891,12.77292981,3.518512,10474.39714
18.80033,1.218237,12.77292981,3.518404,10477.98768
18.81034,1.217566,12.77292981,3.518298,10481.57822
18.82034,1.216895,12.77292981,3.518193,10485.16877
18.83034,1.216224,12.77292981,3.518087,10488.75322
18.84034,1.215554,12.77292981,3.517979,10492.33766
18.85034,1.214885,12.77292981,3.517874,10495.92211
18.86034,1.214216,12.77292981,3.517768,10499.50046
18.87034,1.213547,12.77292981,3.517662,10503.08186
18.88034,1.212879,12.77292981,3.517556,10506.65717
18.89034,1.212212,12.77292981,3.51745,10510.23247
18.90034,1.211545,12.77292981,3.517344,10513.80473
18.91034,1.210878,12.77292981,3.517238,10517.37394
18.92034,1.210212,12.77292981,3.517133,10520.94619
18.93034,1.209546,12.77292981,3.517027,10524.51235
18.94034,1.208881,12.77292981,3.516921,10528.07546
18.95034,1.208217,12.77292981,3.516815,10531.63858
18.96034,1.207552,12.77292981,3.516709,10535.20169
18.97034,1.206889,12.77292981,3.516605,10538.7587
18.98034,1.206226,12.77292981,3.516499,10542.31877
18.99034,1.205563,12.77292981,3.516395,10545.87274
19.00034,1.204901,12.77292981,3.516287,10549.4267
19.01034,1.204239,12.77292981,3.516181,10552.97762
19.02034,1.203578,12.77292981,3.516077,10556.5255
19.03034,1.202917,12.77292981,3.51597,10560.07337
19.04034,1.202257,12.77292981,3.515866,10563.61819
19.05034,1.201597,12.77292981,3.515761,10567.16302
19.06034,1.200938,12.77292981,3.515655,10570.70479
19.07034,1.200279,12.77292981,3.515549,10574.24352
19.08034,1.19962,12.77292981,3.515442,10577.78225
19.09034,1.198962,12.77292981,3.515338,10581.31793
19.10034,1.198305,12.77292981,3.515234,10584.85056
19.11034,1.197648,12.77292981,3.515128,10588.38319
19.12034,1.196991,12.77292981,3.515023,10591.91278
19.13034,1.196335,12.77292981,3.514917,10595.44236
19.14034,1.19568,12.77292981,3.514812,10598.9689
19.15034,1.195025,12.77292981,3.514707,10602.49238
19.16034,1.19437,12.77292981,3.514603,10606.01282
19.17034,1.193716,12.77292981,3.514498,10609.53326
19.18034,1.193062,12.77292981,3.514393,10613.0537
19.19034,1.192409,12.77292981,3.514287,10616.56805
19.20034,1.191756,12.77292981,3.514181,10620.08239
19.21034,1.191104,12.77292981,3.514077,10623.59674
19.22034,1.190452,12.77292981,3.513971,10627.10803
19.23034,1.189801,12.77292981,3.513866,10630.61628
19.24035,1.18915,12.77292981,3.513762,10634.12148
19.25035,1.188499,12.77292981,3.513656,10637.62668
19.26035,1.187849,12.77292981,3.513552,10641.12883
19.27035,1.1872,12.77292981,3.513446,10644.63098
19.28035,1.186551,12.77292981,3.513342,10648.13009
19.29035,1.185902,12.77292981,3.513237,10651.62919
19.30035,1.185254,12.77292981,3.513133,10655.1222
19.31035,1.184606,12.77292981,3.513029,10658.61521
19.32035,1.183959,12.77292981,3.512923,10662.10822
19.33035,1.183312,12.77292981,3.512819,10665.59818
19.34035,1.182666,12.77292981,3.512713,10669.08509
19.35035,1.18202,12.77292981,3.512608,10672.572
19.36035,1.181374,12.77292981,3.512504,10676.05586
19.37035,1.180729,12.77292981,3.512398,10679.53973
19.38035,1.180085,12.77292981,3.512295,10683.0175
19.39035,1.179441,12.77292981,3.512189,10686.49526
19.40035,1.178797,12.77292981,3.512085,10689.97303
19.41035,1.178154,12.77292981,3.511979,10693.44775
19.42035,1.177511,12.77292981,3.511875,10696.91942
19.43035,1.176869,12.77292981,3.511772,10700.3911
19.44035,1.176227,12.77292981,3.511666,10703.85972
19.45035,1.175585,12.77292981,3.511562,10707.3253
19.46035,1.174944,12.77292981,3.511456,10710.79087
19.47035,1.174304,12.77292981,3.511352,10714.2534
19.48035,1.173663,12.77292981,3.511247,10717.71593
19.49035,1.173024,12.77292981,3.511145,10721.17541
19.50035,1.172385,12.77292981,3.511039,10724.63184
19.51035,1.171746,12.77292981,3.510934,10728.08827
19.52035,1.171107,12.77292981,3.510828,10731.54166
19.53035,1.170469,12.77292981,3.510724,10734.99199
19.54035,1.169832,12.77292981,3.51062,10738.44233
19.55035,1.169195,12.77292981,3.510515,10741.89266
19.56035,1.168558,12.77292981,3.510411,10745.3369
19.57035,1.167922,12.77292981,3.510305,10748.78114
19.58035,1.167286,12.77292981,3.510202,10752.22234
19.59035,1.166651,12.77292981,3.510098,10755.66353
19.60035,1.166016,12.77292981,3.509992,10759.10167
19.61035,1.165381,12.77292981,3.509888,10762.53982
19.62035,1.164747,12.77292981,3.509784,10765.97491
19.63035,1.164114,12.77292981,3.509679,10769.40696
19.64035,1.163481,12.77292981,3.509575,10772.83901
19.65035,1.162848,12.77292981,3.509469,10776.26801
19.66035,1.162215,12.77292981,3.509365,10779.69396
19.67035,1.161583,12.77292981,3.50926,10783.11991
19.68036,1.160952,12.77292981,3.509155,10786.54586
19.69036,1.160321,12.77292981,3.509052,10789.96572
19.70036,1.15969,12.77292981,3.508946,10793.38558
19.71036,1.15906,12.77292981,3.508842,10796.80543
19.72036,1.15843,12.77292981,3.508737,10800.21919
19.73036,1.157801,12.77292981,3.508633,10803.636
19.74036,1.157172,12.77292981,3.508528,10807.04671
19.75036,1.156543,12.77292981,3.508423,10810.45742
19.76036,1.155915,12.77292981,3.50832,10813.86814
19.77036,1.155287,12.77292981,3.508214,10817.27275
19.78036,1.15466,12.77292981,3.50811,10820.67737
19.79036,1.154033,12.77292981,3.508004,10824.08198
19.80036,1.153407,12.77292981,3.507899,10827.48355
19.81036,1.152781,12.77292981,3.507795,10830.88207
19.82036,1.152155,12.77292981,3.507691,10834.28059
19.83036,1.15153,12.77292981,3.507586,10837.67606
19.84036,1.150905,12.77292981,3.50748,10841.07154
19.85036,1.15028,12.77292981,3.507376,10844.46396
19.86036,1.149657,12.77292981,3.507272,10847.85334
19.87036,1.149033,12.77292981,3.507166,10851.24271
19.88036,1.14841,12.77292981,3.507063,10854.62904
19.89036,1.147787,12.77292981,3.506957,10858.01232
19.90036,1.147165,12.77292981,3.506853,10861.3956
19.91036,1.146543,12.77292981,3.506747,10864.77583
19.92036,1.145921,12.77292981,3.506643,10868.15606
19.93036,1.145301,12.77292981,3.50654,10871.53325
19.94036,1.14468,12.77292981,3.506434,10874.91043
19.95036,1.14406,12.77292981,3.506328,10878.28457
19.96036,1.14344,12.77292981,3.506224,10881.65566
19.97036,1.142821,12.77292981,3.506118,10885.02674
19.98036,1.142202,12.77292981,3.506012,10888.39478
19.99036,1.141583,12.77292981,3.505908,10891.75978
20.00036,1.140965,12.77292981,3.505805,10895.12477
20.01036,1.140348,12.77292981,3.505698,10898.48976
20.02036,1.139731,12.77292981,3.505595,10901.84866
20.03036,1.139114,12.77292981,3.505489,10905.20755
20.04036,1.138498,12.77292981,3.505385,10908.56645
20.05036,1.137882,12.77292981,3.505279,10911.9223
20.06036,1.137266,12.77292981,3.505174,10915.2751
20.07036,1.136651,12.77292981,3.505069,10918.6279
20.08036,1.136036,12.77292981,3.504963,10921.97765
20.09036,1.135422,12.77292981,3.504858,10925.32435
20.10036,1.134808,12.77292981,3.504753,10928.67106
20.11036,1.134195,12.77292981,3.504648,10932.01776
20.12037,1.133582,12.77292981,3.504542,10935.35837
20.13037,1.132969,12.77292981,3.504436,10938.69898
20.14037,1.132357,12.77292981,3.504332,10942.03958
20.15037,1.131745,12.77292981,3.504226,10945.37714
20.16037,1.131134,12.77292981,3.504121,10948.7147
20.17037,1.130523,12.77292981,3.504016,10952.04617
20.18037,1.129912,12.77292981,3.50391,10955.38068
20.19037,1.129302,12.77292981,3.503804,10958.7091
20.20037,1.128692,12.77292981,3.503699,10962.04056
20.21037,1.128083,12.77292981,3.503593,10965.36593
20.22037,1.127474,12.77292981,3.503487,10968.6913
20.23037,1.126865,12.77292981,3.503383,10972.01362
20.24037,1.126257,12.77292981,3.503275,10975.33594
20.25037,1.125649,12.77292981,3.50317,10978.65521
20.26037,1.125042,12.77292981,3.503065,10981.97448
20.27037,1.124435,12.77292981,3.502959,10985.2907
20.28037,1.123828,12.77292981,3.502853,10988.60388
20.29037,1.123222,12.77292981,3.502748,10991.91706
20.30037,1.122616,12.77292981,3.502642,10995.22718
20.31037,1.122011,12.77292981,3.502534,10998.53731
20.32037,1.121406,12.77292981,3.502429,11001.84439
20.33037,1.120801,12.77292981,3.502324,11005.14842
20.34037,1.120197,12.77292981,3.502217,11008.45246
20.35037,1.119594,12.77292981,3.502111,11011.75344
20.36037,1.11899,12.77292981,3.502005,11015.05442
20.37037,1.118387,12.77292981,3.501899,11018.35236
20.38037,1.117785,12.77292981,3.501794,11021.6503
20.39037,1.117182,12.77292981,3.501685,11024.94518
20.40037,1.11658,12.77292981,3.501579,11028.23702
20.41037,1.115979,12.77292981,3.501473,11031.52886
20.42037,1.115378,12.77292981,3.501366,11034.81766
20.43037,1.114777,12.77292981,3.501258,11038.10645
20.44037,1.114177,12.77292981,3.501153,11041.39219
20.45037,1.113577,12.77292981,3.501047,11044.67489
20.46037,1.112978,12.77292981,3.500939,11047.95758
20.47037,1.112379,12.77292981,3.500834,11051.23723
20.48037,1.11178,12.77292981,3.500726,11054.51688
20.49037,1.111182,12.77292981,3.500619,11057.79348
20.50037,1.110584,12.77292981,3.500512,11061.07008
20.51037,1.109986,12.77292981,3.500404,11064.34363
20.52037,1.109389,12.77292981,3.500299,11067.61414
20.53037,1.108792,12.77292981,3.50019,11070.88464
20.54037,1.108196,12.77292981,3.500084,11074.1521
20.55037,1.107599,12.77292981,3.499975,11077.4165
20.56038,1.107004,12.77292981,3.499868,11080.68396
20.57038,1.106409,12.77292981,3.499762,11083.94532
20.58038,1.105814,12.77292981,3.499653,11087.20668
20.59038,1.105219,12.77292981,3.499544,11090.46499
20.60038,1.104625,12.77292981,3.499437,11093.7233
20.61038,1.104031,12.77292981,3.49933,11096.97857
20.62038,1.103438,12.77292981,3.499221,11100.23383
20.63038,1.102845,12.77292981,3.499113,11103.48605
20.64038,1.102252,12.77292981,3.499006,11106.73826
20.65038,1.10166,12.77292981,3.498897,11109.98743
20.66038,1.101068,12.77292981,3.498788,11113.23355
20.67038,1.100476,12.77292981,3.49868,11116.47967
20.68038,1.099885,12.77292981,3.498571,11119.72274
20.69038,1.099295,12.77292981,3.498463,11122.96277
20.70038,1.098704,12.77292981,3.498356,11126.20279
20.71038,1.098114,12.77292981,3.498247,11129.44282
20.72038,1.097524,12.77292981,3.498137,11132.67979
20.73038,1.096935,12.77292981,3.498028,11135.91372
20.74038,1.096346,12.77292981,3.497918,11139.14765
20.75038,1.095757,12.77292981,3.497811,11142.37853
20.76038,1.095169,12.77292981,3.497702,11145.60941
20.77038,1.094581,12.77292981,3.497591,11148.83724
20.78038,1.093994,12.77292981,3.497481,11152.06202
20.79038,1.093407,12.77292981,3.497372,11155.28681
20.80038,1.09282,12.77292981,3.497262,11158.51159
20.81038,1.092234,12.77292981,3.497153,11161.73028
20.82038,1.091648,12.77292981,3.497043,11164.94897
20.83038,1.091062,12.77292981,3.496933,11168.16766
20.84038,1.090477,12.77292981,3.496822,11171.3833
20.85038,1.089892,12.77292981,3.496713,11174.59894
20.86038,1.089307,12.77292981,3.496603,11177.81153
20.87038,1.088723,12.77292981,3.496491,11181.02107
20.88038,1.088139,12.77292981,3.496381,11184.23062
20.89038,1.087555,12.77292981,3.496271,11187.43711
20.90038,1.086972,12.77292981,3.49616,11190.64361
20.91038,1.086389,12.77292981,3.49605,11193.84706
20.92038,1.085807,12.77292981,3.495938,11197.04746
20.93038,1.085225,12.77292981,3.495828,11200.24786
20.94038,1.084643,12.77292981,3.495715,11203.44826
20.95038,1.084062,12.77292981,3.495603,11206.64561
20.96038,1.083481,12.77292981,3.495492,11209.83991
20.97038,1.0829,12.77292981,3.495379,11213.03422
20.98038,1.08232,12.77292981,3.495267,11216.22547
20.99039,1.08174,12.77292981,3.495156,11219.41673
21.00039,1.08116,12.77292981,3.495044,11222.60494
21.01039,1.080581,12.77292981,3.494931,11225.7901
21.02039,1.080002,12.77292981,3.494819,11228.97526
21.03039,1.079423,12.77292981,3.494707,11232.15737
21.04039,1.078845,12.77292981,3.494594,11235.33948
21.05039,1.078267,12.77292981,3.49448,11238.52159
21.06039,1.07769,12.77292981,3.494367,11241.69761
21.07039,1.077113,12.77292981,3.494254,11244.87362
21.08039,1.076531,12.77292981,3.494139,11248.04964
21.09039,1.075949,12.77292981,3.494024,11251.22261
21.10039,1.075368,12.77292981,3.493909,11254.39253
21.11039,1.074787,12.77292981,3.493795,11257.56245
21.12039,1.074207,12.77292981,3.49368,11260.73237
21.13039,1.073627,12.77292981,3.493564,11263.89619
21.14039,1.073047,12.77292981,3.493449,11267.06306
21.15039,1.072467,12.77292981,3.493333,11270.22384
21.16039,1.071888,12.77292981,3.493216,11273.38462
21.17039,1.07131,12.77292981,3.4931,11276.54539
21.18039,1.070731,12.77292981,3.492984,11279.70312
21.19039,1.070153,12.77292981,3.492869,11282.8578
21.20039,1.069576,12.77292981,3.492751,11286.01248
21.21039,1.068998,12.77292981,3.492633,11289.16716
21.22039,1.068421,12.77292981,3.492517,11292.31574
21.23039,1.067845,12.77292981,3.492401,11295.46433
21.24039,1.067268,12.77292981,3.49228,11298.61291
21.25039,1.066692,12.77292981,3.492164,11301.75845
21.26039,1.066117,12.77292981,3.492045,11304.90094
21.27039,1.065541,12.77292981,3.491927,11308.04342
21.28039,1.064966,12.77292981,3.491808,11311.18591
21.29039,1.064392,12.77292981,3.49169,11314.3223
21.30039,1.063818,12.77292981,3.491571,11317.46174
21.31039,1.063244,12.77292981,3.491451,11320.59814
21.32039,1.06267,12.77292981,3.491332,11323.73148
21.33039,1.062097,12.77292981,3.491211,11326.86178
21.34039,1.061524,12.77292981,3.491091,11329.99207
21.35039,1.060951,12.77292981,3.490971,11333.12237
21.36039,1.060379,12.77292981,3.490851,11336.24962
21.37039,1.059807,12.77292981,3.490728,11339.37382
21.38039,1.059236,12.77292981,3.490609,11342.49802
21.39039,1.058664,12.77292981,3.490487,11345.61917
21.40039,1.058094,12.77292981,3.490365,11348.74032
21.41039,1.057523,12.77292981,3.490242,11351.85842
21.42039,1.056953,12.77292981,3.49012,11354.97653
21.4304,1.056383,12.77292981,3.489998,11358.09158
21.4404,1.055813,12.77292981,3.489874,11361.20664
21.4504,1.055244,12.77292981,3.489752,11364.31865
21.4604,1.054675,12.77292981,3.489627,11367.42761
21.4704,1.054107,12.77292981,3.489503,11370.53657
21.4804,1.053539,12.77292981,3.489381,11373.64248
21.4904,1.052971,12.77292981,3.489254,11376.74839
21.5004,1.052403,12.77292981,3.48913,11379.85126
21.5104,1.051836,12.77292981,3.489004,11382.95412
21.5204,1.051269,12.77292981,3.488878,11386.05394
21.5304,1.050702,12.77292981,3.488753,11389.1507
21.5404,1.050136,12.77292981,3.488625,11392.24747
21.5504,1.04957,12.77292981,3.490324,11395.34424
21.5604,1.049005,12.77292981,3.492595,11398.43796
21.5704,1.04844,12.77292981,3.494866,11401.52863
21.5804,1.047875,12.77292981,3.497137,11404.6193
21.5904,1.047311,12.77292981,3.499403,11407.70693
21.6004,1.046748,12.77292981,3.501665,11410.79455
21.6104,1.046184,12.77292981,3.503933,11413.87913
21.6204,1.045622,12.77292981,3.506191,11416.9637
21.6304,1.04506,12.77292981,3.508449,11420.04523
21.6404,1.044498,12.77292981,3.510709,11423.12676
21.6504,1.043936,12.77292981,3.512968,11426.20524
21.6604,1.043376,12.77292981,3.515218,11429.28067
21.6704,1.042815,12.77292981,3.517473,11432.3561
21.6804,1.042255,12.77292981,3.519723,11435.43154
21.6904,1.041696,12.77292981,3.52197,11438.50087
21.7004,1.041137,12.77292981,3.524216,11441.57326
21.7104,1.040578,12.77292981,3.526463,11444.64259
21.7204,1.04002,12.77292981,3.528706,11447.70888
21.7304,1.039463,12.77292981,3.530945,11450.77517
21.7404,1.038906,12.77292981,3.533183,11453.83841
21.7504,1.038349,12.77292981,3.535422,11456.8986
21.7604,1.037793,12.77292981,3.537656,11459.95879
21.7704,1.037237,12.77292981,3.539891,11463.01898
21.7804,1.036682,12.77292981,3.542121,11466.07613
21.7904,1.036127,12.77292981,3.544352,11469.13022
21.8004,1.035572,12.77292981,3.546582,11472.18432
21.8104,1.035018,12.77292981,3.548809,11475.23842
21.8204,1.034465,12.77292981,3.551032,11478.28946
21.8304,1.033911,12.77292981,3.553257,11481.33746
21.8404,1.033359,12.77292981,3.555477,11484.38546
21.8504,1.032807,12.77292981,3.557695,11487.43042
21.8604,1.032255,12.77292981,3.559913,11490.47537
21.87041,1.031703,12.77292981,3.562131,11493.51727
21.88041,1.031152,12.77292981,3.564346,11496.55918
21.89041,1.030602,12.77292981,3.566557,11499.59803
21.90041,1.030052,12.77292981,3.568768,11502.63384
21.91041,1.029502,12.77292981,3.570978,11505.6727
21.92041,1.028953,12.77292981,3.573184,11508.70546
21.93041,1.028404,12.77292981,3.575391,11511.73822
21.94041,1.027856,12.77292981,3.577592,11514.77098
21.95041,1.027308,12.77292981,3.579796,11517.80069
21.96041,1.026761,12.77292981,3.581995,11520.82735
21.97041,1.026214,12.77292981,3.584192,11523.85402
21.98041,1.025667,12.77292981,3.58639,11526.87763
21.99041,1.025121,12.77292981,3.588585,11529.90125
22.00041,1.024575,12.77292981,3.590779,11532.92486
22.01041,1.02403,12.77292981,3.59297,11535.94238
22.02041,1.023485,12.77292981,3.59516,11538.9599
22.03041,1.022941,12.77292981,3.597347,11541.97742
22.04041,1.022397,12.77292981,3.599532,11544.9919
22.05041,1.021853,12.77292981,3.601719,11548.00637
22.06041,1.02131,12.77292981,3.603901,11551.01779
22.07041,1.020767,12.77292981,3.606084,11554.02922
22.08041,1.020225,12.77292981,3.608261,11557.03759
22.09041,1.019683,12.77292981,3.610441,11560.04597
22.10041,1.019141,12.77292981,3.612619,11563.0513
22.11041,1.0186,12.77292981,3.614794,11566.05358
22.12041,1.01806,12.77292981,3.616964,11569.05586
22.13041,1.017519,12.77292981,3.619137,11572.05814
22.14041,1.01698,12.77292981,3.621303,11575.05737
22.15041,1.01644,12.77292981,3.623474,11578.05355
22.16041,1.015901,12.77292981,3.62564,11581.04974
22.17041,1.015363,12.77292981,3.627803,11584.04287
22.18041,1.014824,12.77292981,3.629969,11587.03601
22.19041,1.014287,12.77292981,3.632127,11590.02914
22.20041,1.013749,12.77292981,3.634289,11593.01923
22.21041,1.013212,12.77292981,3.636447,11596.00627
22.22041,1.012676,12.77292981,3.638601,11598.99331
22.23041,1.01214,12.77292981,3.640757,11601.9773
22.24041,1.011604,12.77292981,3.64291,11604.9613
22.25041,1.011068,12.77292981,3.645065,11607.94224
22.26041,1.010534,12.77292981,3.64721,11610.92318
22.27041,1.009999,12.77292981,3.649361,11613.90108
22.28041,1.009465,12.77292981,3.651507,11616.87898
22.29041,1.008931,12.77292981,3.653652,11619.85382
22.30042,1.008398,12.77292981,3.655794,11622.82867
22.31042,1.007865,12.77292981,3.657936,11625.80047
22.32042,1.007332,12.77292981,3.660079,11628.76922
22.33042,1.0068,12.77292981,3.662218,11631.74102
22.34042,1.006269,12.77292981,3.664351,11634.70673
22.35042,1.005737,12.77292981,3.66649,11637.67243
22.36042,1.005206,12.77292981,3.668623,11640.63814
22.37042,1.004676,12.77292981,3.670753,11643.60079
22.38042,1.004146,12.77292981,3.672883,11646.5604
22.39042,1.003616,12.77292981,3.675014,11649.52001
22.40042,1.003087,12.77292981,3.677139,11652.47962
22.41042,1.002558,12.77292981,3.679266,11655.43618
22.42042,1.002029,12.77292981,3.681392,11658.38969
22.43042,1.001501,12.77292981,3.683513,11661.3432
22.44042,1.000973,12.77292981,3.685636,11664.29671
22.45042,1.000445,12.77292981,3.687759,11667.24718
22.46042,0.9999185,12.77292981,3.689874,11670.19459
22.47042,0.9993919,12.77292981,3.691991,11673.14201
22.48042,0.9988655,12.77292981,3.694106,11676.08942
22.49042,0.9983397,12.77292981,3.69622,11679.03379
22.50042,0.9978141,12.77292981,3.698332,11681.97511
22.51042,0.9972891,12.77292981,3.700441,11684.91643
22.52042,0.9967643,12.77292981,3.702551,11687.8547
22.53042,0.99624,12.77292981,3.704658,11690.79298
22.54042,0.995716,12.77292981,3.706765,11693.7282
22.55042,0.9951924,12.77292981,3.708868,11696.66342
22.56042,0.9946692,12.77292981,3.710971,11699.59865
22.57042,0.9941463,12.77292981,3.713073,11702.52778
22.58042,0.9936239,12.77292981,3.715172,11705.45995
22.59042,0.9931018,12.77292981,3.717271,11708.38908
22.60042,0.9925801,12.77292981,3.719367,11711.31516
22.61042,0.9920588,12.77292981,3.721463,11714.24124
22.62042,0.9915377,12.77292981,3.723557,11717.16427
22.63042,0.9910172,12.77292981,3.725648,11720.0873
22.64042,0.990497,12.77292981,3.72774,11723.01034
22.65042,0.9899772,12.77292981,3.729828,11725.92727
22.66042,0.9894577,12.77292981,3.731917,11728.84726
22.67042,0.9889386,12.77292981,3.734002,11731.76419
22.68042,0.9884198,12.77292981,3.736088,11734.67808
22.69042,0.9879014,12.77292981,3.738172,11737.59197
22.70042,0.9873834,12.77292981,3.740252,11740.50281
22.71042,0.9868658,12.77292981,3.742333,11743.41365
22.72042,0.9863486,12.77292981,3.744411,11746.32144
22.73042,0.9858316,12.77292981,3.74649,11749.22923
22.74043,0.9853151,12.77292981,3.748566,11752.13702
22.75043,0.9847989,12.77292981,3.750639,11755.04177
22.76043,0.9842831,12.77292981,3.752713,11757.94346
22.77043,0.9837676,12.77292981,3.754785,11760.84516
22.78043,0.9832526,12.77292981,3.756854,11763.74381
22.79043,0.9827378,12.77292981,3.758923,11766.64246
22.80043,0.9822235,12.77292981,3.760991,11769.53806
22.81043,0.9817094,12.77292981,3.763057,11772.43366
22.82043,0.9811958,12.77292981,3.765121,11775.32621
22.83043,0.9806825,12.77292981,3.767184,11778.21876
22.84043,0.9801695,12.77292981,3.769246,11781.11131
22.85043,0.9796569,12.77292981,3.771306,11784.00082
22.86043,0.9791447,12.77292981,3.773365,11786.88727
22.87043,0.9786328,12.77292981,3.775422,11789.77373
22.88043,0.9781213,12.77292981,3.777478,11792.65714
22.89043,0.9776101,12.77292981,3.779531,11795.54054
22.90043,0.9770993,12.77292981,3.781584,11798.4209
22.91043,0.9765888,12.77292981,3.783637,11801.30126
22.92043,0.9760787,12.77292981,3.785686,11804.18162
22.93043,0.975569,12.77292981,3.787735,11807.05894
22.94043,0.9750595,12.77292981,3.789783,11809.9332
22.95043,0.9745504,12.77292981,3.791828,11812.80746
22.96043,0.9740417,12.77292981,3.793873,11815.68173
22.97043,0.9735333,12.77292981,3.795917,11818.5499
22.98043,0.9730253,12.77292981,3.797958,11821.42111
22.99043,0.9725176,12.77292981,3.799999,11824.28928
23.00043,0.9720103,12.77292981,3.802038,11827.1544
23.01043,0.9715033,12.77292981,3.804075,11830.01952
23.02043,0.9709966,12.77292981,3.806112,11832.88464
23.03043,0.9704903,12.77292981,3.808146,11835.74671
23.04043,0.9699843,12.77292981,3.81018,11838.60574
23.05043,0.9694787,12.77292981,3.812212,11841.46476
23.06043,0.9689733,12.77292981,3.814243,11844.32378
23.07043,0.9684684,12.77292981,3.816272,11847.17976
23.08043,0.9679638,12.77292981,3.818301,11850.03574
23.09043,0.9674596,12.77292981,3.820327,11852.88866
23.10043,0.9669556,12.77292981,3.822352,11855.73854
23.11043,0.966452,12.77292981,3.824377,11858.58842
23.12043,0.9659488,12.77292981,3.826398,11861.4383
23.13043,0.9654458,12.77292981,3.828419,11864.28514
23.14043,0.9649432,12.77292981,3.830441,11867.13197
23.15043,0.9644409,12.77292981,3.832459,11869.97575
23.16043,0.963939,12.77292981,3.834476,11872.81954
23.17043,0.9634374,12.77292981,3.836491,11875.66027
23.18044,0.9629361,12.77292981,3.838507,11878.49796
23.19044,0.9624352,12.77292981,3.840519,11881.3387
23.20044,0.9619346,12.77292981,3.842532,11884.17334
23.21044,0.9614343,12.77292981,3.844543,11887.01102
23.22044,0.9609343,12.77292981,3.846552,11889.84262
23.23044,0.9604347,12.77292981,3.84856,11892.67421
23.24044,0.9599355,12.77292981,3.850566,11895.5058
23.25044,0.9594365,12.77292981,3.852571,11898.33739
23.26044,0.9589378,12.77292981,3.854576,11901.16289
23.27044,0.9584396,12.77292981,3.856578,11903.99143
23.28044,0.9579415,12.77292981,3.85858,11906.81693
23.29044,0.9574439,12.77292981,3.860581,11909.63938
23.30044,0.9569466,12.77292981,3.862578,11912.46182
23.31044,0.9564495,12.77292981,3.864577,11915.28122
23.32044,0.9559528,12.77292981,3.866573,11918.10062
23.33044,0.9554564,12.77292981,3.868567,11920.92002
23.34044,0.9549603,12.77292981,3.870562,11923.73638
23.35044,0.9544647,12.77292981,3.872554,11926.54968
23.36044,0.9539692,12.77292981,3.874545,11929.36298
23.37044,0.9534742,12.77292981,3.876534,11932.17629
23.38044,0.9529794,12.77292981,3.878522,11934.98654
23.39044,0.9524849,12.77292981,3.880511,11937.79375
23.40044,0.9519908,12.77292981,3.882496,11940.60096
23.41044,0.951497,12.77292981,3.88448,11943.40817
23.42044,0.9510034,12.77292981,3.886465,11946.21233
23.43044,0.9505102,12.77292981,3.888447,11949.01649
23.44044,0.9500174,12.77292981,3.890427,11951.8176
23.45044,0.9495248,12.77292981,3.892406,11954.61871
23.46044,0.9490325,12.77292981,3.894386,11957.41678
23.47044,0.9485406,12.77292981,3.896363,11960.21484
23.48044,0.9480489,12.77292981,3.898339,11963.00986
23.49044,0.9475576,12.77292981,3.900313,11965.80487
23.50044,0.9470667,12.77292981,3.902287,11968.59684
23.51044,0.9465759,12.77292981,3.904258,11971.38881
23.52044,0.9460856,12.77292981,3.906229,11974.17773
23.53044,0.9455954,12.77292981,3.908198,11976.96665
23.54044,0.9451057,12.77292981,3.910168,11979.75557
23.55044,0.9446163,12.77292981,3.912134,11982.54144
23.56044,0.944127,12.77292981,3.9141,11985.32426
23.57044,0.9436382,12.77292981,3.916065,11988.10709
23.58044,0.9431496,12.77292981,3.918029,11990.88991
23.59044,0.9426614,12.77292981,3.919991,11993.66969
23.60044,0.9421735,12.77292981,3.921951,11996.44946
23.61045,0.9416859,12.77292981,3.923912,11999.22619
23.62045,0.9411985,12.77292981,3.92587,12001.99987
23.63045,0.9407115,12.77292981,3.927828,12004.77355
23.64045,0.9402247,12.77292981,3.929783,12007.54723
23.65045,0.9397383,12.77292981,3.931739,12010.31786
23.66045,0.9392522,12.77292981,3.933692,12013.0885
23.67045,0.9387664,12.77292981,3.935645,12015.85608
23.68045,0.9382809,12.77292981,3.937596,12018.62366
23.69045,0.9377956,12.77292981,3.939547,12021.3882
23.70045,0.9373106,12.77292981,3.941495,12024.15274
23.71045,0.9368261,12.77292981,3.943442,12026.91727
23.72045,0.9363417,12.77292981,3.945389,12029.67876
23.73045,0.9358576,12.77292981,3.947336,12032.4372
23.74045,0.9353739,12.77292981,3.94928,12035.19564
23.75045,0.9348904,12.77292981,3.951222,12037.95408
23.76045,0.9344073,12.77292981,3.953164,12040.70947
23.77045,0.9339244,12.77292981,3.955105,12043.46182
23.78045,0.9334418,12.77292981,3.957045,12046.21416
23.79045,0.9329596,12.77292981,3.958982,12048.9665
23.80045,0.9324776,12.77292981,3.96092,12051.7158
23.81045,0.9319959,12.77292981,3.962855,12054.4651
23.82045,0.9315144,12.77292981,3.96479,12057.21134
23.83045,0.9310333,12.77292981,3.966725,12059.95759
23.84045,0.9305525,12.77292981,3.968657,12062.70079
23.85045,0.930072,12.77292981,3.970587,12065.44399
23.86045,0.9295918,12.77292981,3.972518,12068.18719
23.87045,0.9291118,12.77292981,3.974447,12070.92734
23.88045,0.9286321,12.77292981,3.976374,12073.66445
23.89045,0.9281527,12.77292981,3.978302,12076.40155
23.90045,0.9276736,12.77292981,3.980227,12079.13866
23.91045,0.9271948,12.77292981,3.982152,12081.87271
23.92045,0.9267163,12.77292981,3.984075,12084.60677
23.93045,0.9262381,12.77292981,3.985996,12087.33778
23.94045,0.9257601,12.77292981,3.987918,12090.06574
23.95045,0.9252824,12.77292981,3.989838,12092.79674
23.96045,0.924805,12.77292981,3.991756,12095.5247
23.97045,0.9243279,12.77292981,3.993673,12098.24962
23.98045,0.9238513,12.77292981,3.995589,12100.97453
23.99045,0.9233751,12.77292981,3.997503,12103.69639
24.00045,0.9228993,12.77292981,3.999415,12106.41826
24.01045,0.922424,12.77292981,4.001325,12109.14012
24.02045,0.9219489,12.77292981,4.003234,12111.85894
24.03045,0.9214743,12.77292981,4.005142,12114.5747
24.04045,0.9210002,12.77292981,4.007048,12117.29047
24.05046,0.9205264,12.77292981,4.008951,12120.00624
24.06046,0.9200529,12.77292981,4.010855,12122.71896
24.07046,0.9195799,12.77292981,4.012755,12125.43168
24.08046,0.9191073,12.77292981,4.014654,12128.1444
24.09046,0.918635,12.77292981,4.016553,12130.85102
24.10046,0.918163,12.77292981,4.01845,12133.5607
24.11046,0.9176915,12.77292981,4.020346,12136.26427
24.12046,0.9172202,12.77292981,4.022239,12138.9709
24.13046,0.9167494,12.77292981,4.024132,12141.67447
24.14046,0.9162788,12.77292981,4.026022,12144.37805
24.15046,0.9158086,12.77292981,4.027912,12147.07858
24.16046,0.9153388,12.77292981,4.029801,12149.77606
24.17046,0.9148692,12.77292981,4.031688,12152.47354
24.18046,0.9144,12.77292981,4.033574,12155.17102
24.19046,0.9139311,12.77292981,4.035458,12157.8685
24.20046,0.9134625,12.77292981,4.037341,12160.56293
24.21046,0.9129943,12.77292981,4.039224,12163.25431
24.22046,0.9125263,12.77292981,4.041105,12165.9457
24.23046,0.9120587,12.77292981,4.042983,12168.63403
24.24046,0.9115912,12.77292981,4.044863,12171.32237
24.25046,0.9111242,12.77292981,4.04674,12174.0107
24.26046,0.9106573,12.77292981,4.048616,12176.69599
24.27046,0.9101909,12.77292981,4.05049,12179.37823
24.28046,0.9097246,12.77292981,4.052364,12182.06047
24.29046,0.9092587,12.77292981,4.054236,12184.74271
24.30046,0.9087929,12.77292981,4.056108,12187.4219
24.31046,0.9083275,12.77292981,4.057979,12190.1011
24.32046,0.9078623,12.77292981,4.059848,12192.78029
24.33046,0.9073974,12.77292981,4.061718,12195.45643
24.34046,0.9069327,12.77292981,4.063585,12198.12953
24.35046,0.9064683,12.77292981,4.065452,12200.80262
24.36046,0.9060041,12.77292981,4.067317,12203.47572
24.37046,0.90554,12.77292981,4.069181,12206.14577
24.38046,0.9050763,12.77292981,4.071046,12208.81582
24.39046,0.9046129,12.77292981,4.072908,12211.48282
24.40046,0.9041496,12.77292981,4.07477,12214.14982
24.41046,0.9036865,12.77292981,4.076632,12216.81377
24.42046,0.9032237,12.77292981,4.078491,12219.47772
24.43046,0.902761,12.77292981,4.080351,12222.14167
24.44046,0.9022986,12.77292981,4.08221,12224.80258
24.45046,0.9018365,12.77292981,4.084066,12227.46043
24.46046,0.9013744,12.77292981,4.085923,12230.12134
24.47046,0.9009126,12.77292981,4.087779,12232.77919
24.48046,0.9004509,12.77292981,4.089635,12235.434
24.49047,0.8999895,12.77292981,4.091447,12238.08576
24.50047,0.8995282,12.77292981,4.091447,12240.74057
24.51047,0.8990671,12.77292981,4.091447,12243.39233
24.52047,0.8986062,12.77292981,4.091447,12246.04104
24.53047,0.8981455,12.77292981,4.091447,12248.68975
24.54047,0.8976849,12.77292981,4.091447,12251.33846
24.55047,0.8972246,12.77292981,4.091447,12253.98413
24.56047,0.8967644,12.77292981,4.091447,12256.62979
24.57047,0.8963044,12.77292981,4.091447,12259.27241
24.58047,0.8958446,12.77292981,4.091447,12261.91502
24.59047,0.895385,12.77292981,4.091447,12264.55459
24.60047,0.8949256,12.77292981,4.091447,12267.19416
24.61047,0.8944663,12.77292981,4.091447,12269.83373
24.62047,0.8940072,12.77292981,4.091447,12272.4672
24.63047,0.8935484,12.77292981,4.091447,12275.10372
24.64047,0.8930896,12.77292981,4.091447,12277.73719
24.65047,0.8926311,12.77292981,4.091447,12280.37066
24.66047,0.8921727,12.77292981,4.091447,12283.00109
24.67047,0.8917145,12.77292981,4.091447,12285.63151
24.68047,0.8912565,12.77292981,4.091447,12288.25889
24.69047,0.8907987,12.77292981,4.091447,12290.88626
24.70047,0.890341,12.77292981,4.091447,12293.51059
24.71047,0.8898836,12.77292981,4.091447,12296.13492
24.72047,0.8894263,12.77292981,4.091447,12298.75925
24.73047,0.8889692,12.77292981,4.091447,12301.38053
24.74047,0.8885123,12.77292981,4.091447,12304.00181
24.75047,0.8880555,12.77292981,4.091447,12306.62004
24.76047,0.8875989,12.77292981,4.091447,12309.23827
24.77047,0.8871425,12.77292981,4.091447,12311.85346
24.78047,0.8866863,12.77292981,4.091447,12314.46864
24.79047,0.8862303,12.77292981,4.091447,12317.08382
24.80047,0.8857744,12.77292981,4.091447,12319.69596
24.81047,0.8853187,12.77292981,4.091447,12322.30505
24.82047,0.8848631,12.77292981,4.091447,12324.91414
24.83047,0.8844079,12.77292981,4.091447,12327.52322
24.84047,0.8839527,12.77292981,4.091447,12330.12926
24.85047,0.8834977,12.77292981,4.091447,12332.7353
24.86047,0.8830429,12.77292981,4.091447,12335.3383
24.87047,0.8825883,12.77292981,4.091447,12337.94129
24.88047,0.8821338,12.77292981,4.091447,12340.54428
24.89047,0.8816795,12.77292981,4.091447,12343.14422
24.90047,0.8812254,12.77292981,4.091447,12345.74417
24.91047,0.8807715,12.77292981,4.091447,12348.34106
24.92048,0.8803177,12.77292981,4.091447,12350.93796
24.93048,0.8798641,12.77292981,4.091447,12353.53181
24.94048,0.8794107,12.77292981,4.091447,12356.12261
24.95048,0.8789575,12.77292981,4.091447,12358.71646
24.96048,0.8785044,12.77292981,4.091447,12361.30726
24.97048,0.8780515,12.77292981,4.091447,12363.89501
24.98048,0.8775988,12.77292981,4.091447,12366.48581
24.99048,0.8771462,12.77292981,4.091447,12369.07356
25.00048,0.8766938,12.77292981,4.091447,12371.65826
25.01048,0.8762416,12.77292981,4.091447,12374.24297
25.02048,0.8757895,12.77292981,4.091447,12376.82462
25.03048,0.8753377,12.77292981,4.091447,12379.40628
25.04048,0.874886,12.77292981,4.091447,12381.98489
25.05048,0.8744344,12.77292981,4.091447,12384.5635
25.06048,0.873983,12.77292981,4.091447,12387.1421
25.07048,0.8735319,12.77292981,4.091447,12389.71766
25.08048,0.8730809,12.77292981,4.091447,12392.29322
25.09048,0.87263,12.77292981,4.091447,12394.86574
25.10048,0.8721793,12.77292981,4.091447,12397.43825
25.11048,0.8717288,12.77292981,4.091447,12400.01076
25.12048,0.8712785,12.77292981,4.091447,12402.58022
25.13048,0.8708283,12.77292981,4.091447,12405.14664
25.14048,0.8703783,12.77292981,4.091447,12407.71306
25.15048,0.8699285,12.77292981,4.091447,12410.27947
25.16048,0.8694788,12.77292981,4.091447,12412.84284
25.17048,0.8690293,12.77292981,4.091447,12415.40621
25.18048,0.86858,12.77292981,4.091447,12417.96958
25.19048,0.8681308,12.77292981,4.091447,12420.5299
25.20048,0.8676819,12.77292981,4.091447,12423.08717
25.21048,0.867233,12.77292981,4.091447,12425.64444
25.22048,0.8667843,12.77292981,4.091447,12428.20171
25.23048,0.8663359,12.77292981,4.091447,12430.75594
25.24048,0.8658875,12.77292981,4.091447,12433.31016
25.25048,0.8654394,12.77292981,4.091447,12435.86134
25.26048,0.8649913,12.77292981,4.091447,12438.41556
25.27048,0.8645436,12.77292981,4.091447,12440.96369
25.28048,0.8640959,12.77292981,4.091447,12443.51182
25.29048,0.8636484,12.77292981,4.091447,12446.0569
25.30048,0.863201,12.77292981,4.091447,12448.60502
25.31048,0.8627538,12.77292981,4.091447,12451.14706
25.32048,0.8623069,12.77292981,4.091447,12453.69214
25.33048,0.86186,12.77292981,4.091447,12456.23417
25.34048,0.8614134,12.77292981,4.091447,12458.77315
25.35048,0.8609668,12.77292981,4.091447,12461.31214
25.36049,0.8605204,12.77292981,4.091447,12463.85112
25.37049,0.8600743,12.77292981,4.091447,12466.38706
25.38049,0.8596282,12.77292981,4.091447,12468.92299
25.39049,0.8591824,12.77292981,4.091447,12471.45588
25.40049,0.8587367,12.77292981,4.091447,12473.98877
25.41049,0.8582911,12.77292981,4.091447,12476.51861
25.42049,0.8578458,12.77292981,4.091447,12479.04845
25.43049,0.8574006,12.77292981,4.091447,12481.57829
25.44049,0.8569556,12.77292981,4.091447,12484.10508
25.45049,0.8565106,12.77292981,4.091447,12486.63187
25.46049,0.8560659,12.77292981,4.091447,12489.15562
25.47049,0.8556214,12.77292981,4.091447,12491.67936
25.48049,0.8551769,12.77292981,4.091447,12494.20006
25.49049,0.8547327,12.77292981,4.091447,12496.72075
25.50049,0.8542886,12.77292981,4.091447,12499.24145
25.51049,0.8538447,12.77292981,4.091447,12501.7591
25.52049,0.8534009,12.77292981,4.091447,12504.27674
25.53049,0.8529574,12.77292981,4.091447,12506.79134
25.54049,0.8525139,12.77292981,4.091447,12509.30594
25.55049,0.8520706,12.77292981,4.091447,12511.82054
25.56049,0.8516275,12.77292981,4.091447,12514.3321
25.57049,0.8511845,12.77292981,4.091447,12516.8406
25.58049,0.8507417,12.77292981,4.091447,12519.3491
25.59049,0.8502991,12.77292981,4.091447,12521.85761
25.60049,0.8498566,12.77292981,4.091447,12524.36306
25.61049,0.8494143,12.77292981,4.091447,12526.86852
25.62049,0.8489721,12.77292981,4.091447,12529.37093
25.63049,0.8485301,12.77292981,4.091447,12531.87334
25.64049,0.8480883,12.77292981,4.091447,12534.37574
25.65049,0.8476466,12.77292981,4.091447,12536.8751
25.66049,0.847205,12.77292981,4.091447,12539.37446
25.67049,0.8467636,12.77292981,4.091447,12541.87078
25.68049,0.8463224,12.77292981,4.091447,12544.36709
25.69049,0.8458813,12.77292981,4.091447,12546.86035
25.70049,0.8454404,12.77292981,4.091447,12549.35362
25.71049,0.8449996,12.77292981,4.091447,12551.84688
25.72049,0.8445591,12.77292981,4.091447,12554.3371
25.73049,0.8441187,12.77292981,4.091447,12556.82731
25.74049,0.8436783,12.77292981,4.091447,12559.31448
25.75049,0.8432382,12.77292981,4.091447,12561.80165
25.76049,0.8427982,12.77292981,4.091447,12564.28882
25.77049,0.8423584,12.77292981,4.091447,12566.77294
25.78049,0.8419187,12.77292981,4.091447,12569.25401
25.79049,0.8414792,12.77292981,4.091447,12571.73508
25.8005,0.8410398,12.77292981,4.091447,12574.21615
25.8105,0.8406006,12.77292981,4.091447,12576.69418
25.8205,0.8401616,12.77292981,4.091447,12579.1722
25.8305,0.8397226,12.77292981,4.091447,12581.65022
25.8405,0.8392839,12.77292981,4.091447,12584.1252
25.8505,0.8388453,12.77292981,4.091447,12586.59713
25.8605,0.8384069,12.77292981,4.091447,12589.0721
25.8705,0.8379686,12.77292981,4.091447,12591.54403
25.8805,0.8375305,12.77292981,4.091447,12594.01291
25.8905,0.8370925,12.77292981,4.091447,12596.48179
25.9005,0.8366547,12.77292981,4.091447,12598.94762
25.9105,0.836217,12.77292981,4.091447,12601.41346
25.9205,0.8357795,12.77292981,4.091447,12603.87624
25.9305,0.8353421,12.77292981,4.091447,12606.34207
25.9405,0.8349048,12.77292981,4.091447,12608.80181
25.9505,0.8344678,12.77292981,4.091447,12611.26459
25.9605,0.8340309,12.77292981,4.091447,12613.72433
25.9705,0.8335941,12.77292981,4.091447,12616.18406
25.9805,0.8331575,12.77292981,4.091447,12618.64075
25.9905,0.8327211,12.77292981,4.091447,12621.09744
26.0005,0.8322847,12.77292981,4.091447,12623.55108
26.0105,0.8318486,12.77292981,4.091447,12626.00472
26.0205,0.8314126,12.77292981,4.091447,12628.45531
26.0305,0.8309767,12.77292981,4.091447,12630.9059
26.0405,0.830541,12.77292981,4.091447,12633.3565
26.0505,0.8301054,12.77292981,4.091447,12635.80404
26.0605,0.82967,12.77292981,4.091447,12638.24854
26.0705,0.8292347,12.77292981,4.091447,12640.69608
26.0805,0.8287995,12.77292981,4.091447,12643.14058
26.0905,0.8283646,12.77292981,4.091447,12645.58202
26.1005,0.8279298,12.77292981,4.091447,12648.02347
26.1105,0.827495,12.77292981,4.091447,12650.46492
26.1205,0.8270606,12.77292981,4.091447,12652.90637
26.1305,0.8266262,12.77292981,4.091447,12655.34172
26.1405,0.826192,12.77292981,4.091447,12657.77707
26.1505,0.8257579,12.77292981,4.091447,12660.21242
26.1605,0.8253239,12.77292981,4.091447,12662.64778
26.1705,0.8248901,12.77292981,4.091447,12665.08008
26.1805,0.8244565,12.77292981,4.091447,12667.50934
26.1905,0.824023,12.77292981,4.091447,12669.94164
26.2005,0.8235896,12.77292981,4.091447,12672.3709
26.2105,0.8231564,12.77292981,4.091447,12674.7971
26.2205,0.8227233,12.77292981,4.091447,12677.22331
26.2305,0.8222904,12.77292981,4.091447,12679.64952
26.24051,0.8218576,12.77292981,4.091447,12682.07268
26.25051,0.821425,12.77292981,4.091447,12684.49584
26.26051,0.8209925,12.77292981,4.091447,12686.919
26.27051,0.8205602,12.77292981,4.091447,12689.33606
26.28051,0.820128,12.77292981,4.091447,12691.75618
26.29051,0.8196959,12.77292981,4.091447,12694.17324
26.30051,0.8192641,12.77292981,4.091447,12696.58726
26.31051,0.8188323,12.77292981,4.091447,12699.00127
26.32051,0.8184007,12.77292981,4.091447,12701.41529
26.33051,0.8179693,12.77292981,4.091447,12703.8293
26.34051,0.8175379,12.77292981,4.091447,12706.24027
26.35051,0.8171067,12.77292981,4.091447,12708.64819
26.36051,0.8166757,12.77292981,4.091447,12711.05916
26.37051,0.8162448,12.77292981,4.091447,12713.46403
26.38051,0.815814,12.77292981,4.091447,12715.87195
26.39051,0.8153834,12.77292981,4.091447,12718.27682
26.40051,0.814953,12.77292981,4.091447,12720.6817
26.41051,0.8145226,12.77292981,4.091447,12723.08047
26.42051,0.8140924,12.77292981,4.091447,12725.4823
26.43051,0.8136624,12.77292981,4.091447,12727.88107
26.44051,0.8132325,12.77292981,4.091447,12730.27985
26.45051,0.8128027,12.77292981,4.091447,12732.67558
26.46051,0.8123731,12.77292981,4.091447,12735.0713
26.47051,0.8119436,12.77292981,4.091447,12737.46703
26.48051,0.8115143,12.77292981,4.091447,12739.85971
26.49051,0.811085,12.77292981,4.091447,12742.25239
26.50051,0.810656,12.77292981,4.091447,12744.64202
26.51051,0.8102271,12.77292981,4.091447,12747.03166
26.52051,0.8097984,12.77292981,4.091447,12749.41824
26.53051,0.8093697,12.77292981,4.091447,12751.80787
26.54051,0.8089412,12.77292981,4.091447,12754.19141
26.55051,0.8085129,12.77292981,4.091447,12756.57799
26.56051,0.8080846,12.77292981,4.091447,12758.96153
26.57051,0.8076566,12.77292981,4.091447,12761.34202
26.58051,0.8072287,12.77292981,4.091447,12763.7225
26.59051,0.8068008,12.77292981,4.091447,12766.10299
26.60051,0.8063731,12.77292981,4.091447,12768.48043
26.61051,0.8059457,12.77292981,4.091447,12770.85482
26.62051,0.8055183,12.77292981,4.091447,12773.23226
26.63051,0.805091,12.77292981,4.091447,12775.60361
26.64051,0.804664,12.77292981,4.091447,12777.978
26.65051,0.8042369,12.77292981,4.091447,12780.34934
26.66051,0.8038101,12.77292981,4.091447,12782.72069
26.67052,0.8033834,12.77292981,4.091447,12785.08898
26.68052,0.8029569,12.77292981,4.091447,12787.45728
26.69052,0.8025305,12.77292981,4.091447,12789.82558
26.70052,0.8021041,12.77292981,4.091447,12792.19082
26.71052,0.8016781,12.77292981,4.091447,12794.55607
26.72052,0.801252,12.77292981,4.091447,12796.91827
26.73052,0.8008261,12.77292981,4.091447,12799.28047
26.74052,0.8004004,12.77292981,4.091447,12801.64267
26.75052,0.7999747,12.77292981,4.091447,12804.00182
26.76052,0.7995493,12.77292981,4.091447,12806.35793
26.77052,0.799124,12.77292981,4.091447,12808.71403
26.78052,0.7986988,12.77292981,4.091447,12811.07014
26.79052,0.7982737,12.77292981,4.091447,12813.42319
26.80052,0.7978488,12.77292981,4.091447,12815.77625
26.81052,0.797424,12.77292981,4.091447,12818.12626
26.82052,0.7969994,12.77292981,4.091447,12820.47626
26.83052,0.7965748,12.77292981,4.091447,12822.82627
26.84052,0.7961504,12.77292981,4.091447,12825.17323
26.85052,0.7957262,12.77292981,4.091447,12827.52019
26.86052,0.7953021,12.77292981,4.091447,12829.86715
26.87052,0.7948781,12.77292981,4.091447,12832.21106
26.88052,0.7944543,12.77292981,4.091447,12834.55498
26.89052,0.7940305,12.77292981,4.091447,12836.89584
26.90052,0.793607,12.77292981,4.091447,12839.2367
26.91052,0.7931835,12.77292981,4.091447,12841.57757
26.92052,0.7927602,12.77292981,4.091447,12843.91538
26.93052,0.7923371,12.77292981,4.091447,12846.2532
26.94052,0.791914,12.77292981,4.091447,12848.58797
26.95052,0.791491,12.77292981,4.091447,12850.91969
26.96052,0.7910683,12.77292981,4.091447,12853.25141
26.97052,0.7906456,12.77292981,4.091447,12855.58313
26.98052,0.7902231,12.77292981,4.091447,12857.91485
26.99052,0.7898007,12.77292981,4.091447,12860.24352
27.00052,0.7893785,12.77292981,4.091447,12862.57219
27.01052,0.7889563,12.77292981,4.091447,12864.89782
27.02052,0.7885343,12.77292981,4.091447,12867.22344
27.03052,0.7881125,12.77292981,4.091447,12869.54602
27.04052,0.7876908,12.77292981,4.091447,12871.86859
27.05052,0.7872691,12.77292981,4.091447,12874.19117
27.06052,0.7868477,12.77292981,4.091447,12876.5107
27.07052,0.7864263,12.77292981,4.091447,12878.83022
27.08052,0.786005,12.77292981,4.091447,12881.14975
27.09052,0.785584,12.77292981,4.091447,12883.46623
27.10052,0.785163,12.77292981,4.091447,12885.78271
27.11053,0.7847422,12.77292981,4.091447,12888.09614
27.12053,0.7843215,12.77292981,4.091447,12890.40958
27.13053,0.783901,12.77292981,4.091447,12892.72301
27.14053,0.7834805,12.77292981,4.091447,12895.03339
27.15053,0.7830602,12.77292981,4.091447,12897.34378
27.16053,0.78264,12.77292981,4.091447,12899.65111
27.17053,0.78222,12.77292981,4.091447,12901.95845
27.18053,0.7818001,12.77292981,4.091447,12904.26274
27.19053,0.7813802,12.77292981,4.091447,12906.56702
27.20053,0.7809606,12.77292981,4.091447,12908.86826
27.21053,0.7805411,12.77292981,4.091447,12911.1695
27.22053,0.7801217,12.77292981,4.091447,12913.47074
27.23053,0.7797024,12.77292981,4.091447,12915.76894
27.24053,0.7792832,12.77292981,4.091447,12918.06713
27.25053,0.7788642,12.77292981,4.091447,12920.36532
27.26053,0.7784453,12.77292981,4.091447,12922.66046
27.27053,0.7780265,12.77292981,4.091447,12924.95561
27.28053,0.7776079,12.77292981,4.091447,12927.2477
27.29053,0.7771894,12.77292981,4.091447,12929.5398
27.30053,0.7767709,12.77292981,4.091447,12931.8319
27.31053,0.7763527,12.77292981,4.091447,12934.12094
27.32053,0.7759346,12.77292981,4.091447,12936.40999
27.33053,0.7755166,12.77292981,4.091447,12938.69599
27.34053,0.7750987,12.77292981,4.091447,12940.98199
27.35053,0.7746809,12.77292981,4.091447,12943.26799
27.36053,0.7742633,12.77292981,4.091447,12945.55094
27.37053,0.7738458,12.77292981,4.091447,12947.8339
27.38053,0.7734284,12.77292981,4.091447,12950.1138
27.39053,0.7730111,12.77292981,4.091447,12952.3937
27.40053,0.772594,12.77292981,4.091447,12954.67361
27.41053,0.772177,12.77292981,4.091447,12956.95046
27.42053,0.7717601,12.77292981,4.091447,12959.22732
27.43053,0.7713433,12.77292981,4.091447,12961.50113
27.44053,0.7709267,12.77292981,4.091447,12963.77494
27.45053,0.7705101,12.77292981,4.091447,12966.0457
27.46053,0.7700938,12.77292981,4.091447,12968.31646
27.47053,0.7696775,12.77292981,4.091447,12970.58722
27.48053,0.7692614,12.77292981,4.091447,12972.85493
27.49053,0.7688453,12.77292981,4.091447,12975.12264
27.50053,0.7684295,12.77292981,4.091447,12977.3873
27.51053,0.7680137,12.77292981,4.091447,12979.65197
27.52053,0.767598,12.77292981,4.091447,12981.91663
27.53053,0.7671825,12.77292981,4.091447,12984.17825
27.54053,0.7667671,12.77292981,4.091447,12986.43986
27.55054,0.7663518,12.77292981,4.091447,12988.69843
27.56054,0.7659366,12.77292981,4.091447,12990.957
27.57054,0.7655216,12.77292981,4.091447,12993.21557
27.58054,0.7651067,12.77292981,4.091447,12995.47109
27.59054,0.7646919,12.77292981,4.091447,12997.72661
27.60054,0.7642772,12.77292981,4.091447,12999.97908
27.61054,0.7638627,12.77292981,4.091447,13002.23155
27.62054,0.7634482,12.77292981,4.091447,13004.48402
27.63054,0.763034,12.77292981,4.091447,13006.73345
27.64054,0.7626197,12.77292981,4.091447,13008.98287
27.65054,0.7622057,12.77292981,4.091447,13011.2323
27.66054,0.7617918,12.77292981,4.091447,13013.47867
27.67054,0.7613779,12.77292981,4.091447,13015.722
27.68054,0.7609642,12.77292981,4.091447,13017.96838
27.69054,0.7605506,12.77292981,4.091447,13020.2117
27.70054,0.7601371,12.77292981,4.091447,13022.45198
27.71054,0.7597238,12.77292981,4.091447,13024.69226
27.72054,0.7593106,12.77292981,4.091447,13026.93254
27.73054,0.7588975,12.77292981,4.091447,13029.16978
27.74054,0.7584845,12.77292981,4.091447,13031.40701
27.75054,0.7580716,12.77292981,4.091447,13033.64424
27.76054,0.7576589,12.77292981,4.091447,13035.87842
27.77054,0.7572462,12.77292981,4.091447,13038.11261
27.78054,0.7568337,12.77292981,4.091447,13040.34679
27.79054,0.7564213,12.77292981,4.091447,13042.57793
27.80054,0.756009,12.77292981,4.091447,13044.80602
27.81054,0.7555969,12.77292981,4.091447,13047.0341
27.82054,0.7551849,12.77292981,4.091447,13049.26219
27.83054,0.7547729,12.77292981,4.091447,13051.48723
27.84054,0.7543612,12.77292981,4.091447,13053.71227
27.85054,0.7539494,12.77292981,4.091447,13055.93426
27.86054,0.7535379,12.77292981,4.091447,13058.15626
27.87054,0.7531264,12.77292981,4.091447,13060.3752
27.88054,0.7527151,12.77292981,4.091447,13062.59719
27.89054,0.7523039,12.77292981,4.091447,13064.81309
27.90054,0.7518927,12.77292981,4.091447,13067.03203
27.91054,0.7514818,12.77292981,4.091447,13069.24793
27.92054,0.7510709,12.77292981,4.091447,13071.46078
27.93054,0.7506602,12.77292981,4.091447,13073.67362
27.94054,0.7502496,12.77292981,4.091447,13075.88647
27.95054,0.7498391,12.77292981,4.091447,13078.09627
27.96054,0.7494287,12.77292981,4.091447,13080.30607
27.97054,0.7490183,12.77292981,4.091447,13082.51587
27.98055,0.7486082,12.77292981,4.091447,13084.72262
27.99055,0.7481982,12.77292981,4.091447,13086.92938
28.00055,0.7477882,12.77292981,4.091447,13089.13613
28.01055,0.7473783,12.77292981,4.091447,13091.33983
28.02055,0.7469687,12.77292981,4.091447,13093.54049
28.03055,0.7465591,12.77292981,4.091447,13095.74419
28.04055,0.7461496,12.77292981,4.091447,13097.9418
28.05055,0.7457402,12.77292981,4.091447,13100.14246
28.06055,0.7453309,12.77292981,4.091447,13102.34006
28.07055,0.7449218,12.77292981,4.091447,13104.53767
28.08055,0.7445129,12.77292981,4.091447,13106.73223
28.09055,0.744104,12.77292981,4.091447,13108.92679
28.10055,0.7436951,12.77292981,4.091447,13111.1183
28.11055,0.7432864,12.77292981,4.091447,13113.31286
28.12055,0.7428779,12.77292981,4.091447,13115.50133
28.13055,0.7424695,12.77292981,4.091447,13117.69284
28.14055,0.7420611,12.77292981,4.091447,13119.8813
28.15055,0.7416528,12.77292981,4.091447,13122.06672
28.16055,0.7412448,12.77292981,4.091447,13124.25214
28.17055,0.7408367,12.77292981,4.091447,13126.43755
28.18055,0.7404289,12.77292981,4.091447,13128.62297
28.19055,0.7400211,12.77292981,4.091447,13130.80534
28.20055,0.7396135,12.77292981,4.091447,13132.98466
28.21055,0.7392059,12.77292981,4.091447,13135.16702
28.22055,0.7387985,12.77292981,4.091447,13137.3433
28.23055,0.7383911,12.77292981,4.091447,13139.52262
28.24055,0.7379839,12.77292981,4.091447,13141.69889
28.25055,0.7375768,12.77292981,4.091447,13143.87516
28.26055,0.7371699,12.77292981,4.091447,13146.04838
28.27055,0.7367629,12.77292981,4.091447,13148.22161
28.28055,0.7363562,12.77292981,4.091447,13150.39178
28.29055,0.7359495,12.77292981,4.091447,13152.56196
28.30055,0.735543,12.77292981,4.091447,13154.73214
28.31055,0.7351366,12.77292981,4.091447,13156.89926
28.32055,0.7347302,12.77292981,4.091447,13159.06639
28.33055,0.734324,12.77292981,4.091447,13161.23352
28.34055,0.7339179,12.77292981,4.091447,13163.3976
28.35055,0.7335119,12.77292981,4.091447,13165.56168
28.36055,0.7331061,12.77292981,4.091447,13167.72271
28.37055,0.7327003,12.77292981,4.091447,13169.88374
28.38055,0.7322946,12.77292981,4.091447,13172.04478
28.39055,0.731889,12.77292981,4.091447,13174.20276
28.40055,0.7314836,12.77292981,4.091447,13176.36074
28.41055,0.7310783,12.77292981,4.091447,13178.51568
28.42056,0.7306731,12.77292981,4.091447,13180.67062
28.43056,0.7302679,12.77292981,4.091447,13182.82555
28.44056,0.7298629,12.77292981,4.091447,13184.97744
28.45056,0.729458,12.77292981,4.091447,13187.12933
28.46056,0.7290533,12.77292981,4.091447,13189.27817
28.47056,0.7286485,12.77292981,4.091447,13191.42701
28.48056,0.728244,12.77292981,4.091447,13193.57585
28.49056,0.7278395,12.77292981,4.091447,13195.72164
28.50056,0.7274352,12.77292981,4.091447,13197.86743
28.51056,0.7270309,12.77292981,4.091447,13200.01322
28.52056,0.7266268,12.77292981,4.091447,13202.15597
28.53056,0.7262228,12.77292981,4.091447,13204.29871
28.54056,0.7258188,12.77292981,4.091447,13206.43841
28.55056,0.725415,12.77292981,4.091447,13208.5781
28.56056,0.7250113,12.77292981,4.091447,13210.7178
28.57056,0.7246077,12.77292981,4.091447,13212.85445
28.58056,0.7242042,12.77292981,4.091447,13214.9911
28.59056,0.7238008,12.77292981,4.091447,13217.1247
28.60056,0.7233976,12.77292981,4.091447,13219.2583
28.61056,0.7229943,12.77292981,4.091447,13221.3919
28.62056,0.7225913,12.77292981,4.091447,13223.52245
28.63056,0.7221883,12.77292981,4.091447,13225.653
28.64056,0.7217855,12.77292981,4.091447,13227.7805
28.65056,0.7213827,12.77292981,4.091447,13229.90801
28.66056,0.7209801,12.77292981,4.091447,13232.03551
28.67056,0.7205775,12.77292981,4.091447,13234.15997
28.68056,0.7201751,12.77292981,4.091447,13236.28442
28.69056,0.7197728,12.77292981,4.091447,13238.40583
28.70056,0.7193705,12.77292981,4.091447,13240.52724
28.71056,0.7189685,12.77292981,4.091447,13242.64865
28.72056,0.7185664,12.77292981,4.091447,13244.76701
28.73056,0.7181645,12.77292981,4.091447,13246.88537
28.74056,0.7177628,12.77292981,4.091447,13249.00373
28.75056,0.717361,12.77292981,4.091447,13251.11904
28.76056,0.7169594,12.77292981,4.091447,13253.23435
28.77056,0.7165579,12.77292981,4.091447,13255.34662
28.78056,0.7161565,12.77292981,4.091447,13257.45888
28.79056,0.7157553,12.77292981,4.091447,13259.57114
28.80056,0.7153541,12.77292981,4.091447,13261.68036
28.81056,0.714953,12.77292981,4.091447,13263.78958
28.82056,0.7145521,12.77292981,4.091447,13265.89574
28.83056,0.7141512,12.77292981,4.091447,13268.00191
28.84056,0.7137504,12.77292981,4.091447,13270.10808
28.85056,0.7133498,12.77292981,4.091447,13272.2112
28.86057,0.7129493,12.77292981,4.091447,13274.31432
28.87057,0.7125487,12.77292981,4.091447,13276.41439
28.88057,0.7121484,12.77292981,4.091447,13278.51446
28.89057,0.7117482,12.77292981,4.091447,13280.61454
28.90057,0.7113481,12.77292981,4.091447,13282.71156
28.91057,0.710948,12.77292981,4.091447,13284.80858
28.92057,0.7105481,12.77292981,4.091447,13286.90561
28.93057,0.7101482,12.77292981,4.091447,13288.99958
28.94057,0.7097485,12.77292981,4.091447,13291.09356
28.95057,0.7093489,12.77292981,4.091447,13293.18449
28.96057,0.7089493,12.77292981,4.091447,13295.27542
28.97057,0.7085499,12.77292981,4.091447,13297.3633
28.98057,0.7081506,12.77292981,4.091447,13299.45422
28.99057,0.7077513,12.77292981,4.091447,13301.53906
29.00057,0.7073522,12.77292981,4.091447,13303.62694
29.01057,0.7069532,12.77292981,4.091447,13305.71177
29.02057,0.7065543,12.77292981,4.091447,13307.79355
29.03057,0.7061554,12.77292981,4.091447,13309.87534
29.04057,0.7057567,12.77292981,4.091447,13311.95712
29.05057,0.7053581,12.77292981,4.091447,13314.0389
29.06057,0.7049596,12.77292981,4.091447,13316.11764
29.07057,0.7045612,12.77292981,4.091447,13318.19333
29.08057,0.7041629,12.77292981,4.091447,13320.27206
29.09057,0.7037647,12.77292981,4.091447,13322.3447
29.10057,0.7033665,12.77292981,4.091447,13324.42039
29.11057,0.7029685,12.77292981,4.091447,13326.49303
29.12057,0.7025706,12.77292981,4.091447,13328.56567
29.13057,0.7021728,12.77292981,4.091447,13330.63526
29.14057,0.701775,12.77292981,4.091447,13332.70486
29.15057,0.7013774,12.77292981,4.091447,13334.7714
29.16057,0.7009799,12.77292981,4.091447,13336.84099
29.17057,0.7005825,12.77292981,4.091447,13338.90449
29.18057,0.7001852,12.77292981,4.091447,13340.97103
29.19057,0.699788,12.77292981,4.091447,13343.03453
29.20057,0.6993908,12.77292981,4.091447,13345.09498
29.21057,0.6989938,12.77292981,4.091447,13347.15542
29.22057,0.6985969,12.77292981,4.091447,13349.21587
29.23057,0.6982,12.77292981,4.091447,13351.27327
29.24057,0.6978033,12.77292981,4.091447,13353.33067
29.25057,0.6974066,12.77292981,4.091447,13355.38807
29.26057,0.6970101,12.77292981,4.091447,13357.44242
29.27057,0.6966137,12.77292981,4.091447,13359.49678
29.28057,0.6962174,12.77292981,4.091447,13361.55113
29.29058,0.6958211,12.77292981,4.091447,13363.60243
29.30058,0.6954249,12.77292981,4.091447,13365.65069
29.31058,0.6950289,12.77292981,4.091447,13367.70199
29.32058,0.6946329,12.77292981,4.091447,13369.7472
29.33058,0.6942371,12.77292981,4.091447,13371.79546
29.34058,0.6938413,12.77292981,4.091447,13373.84066
29.35058,0.6934457,12.77292981,4.091447,13375.88587
29.36058,0.6930501,12.77292981,4.091447,13377.93108
29.37058,0.6926547,12.77292981,4.091447,13379.97324
29.38058,0.6922593,12.77292981,4.091447,13382.0154
29.39058,0.691864,12.77292981,4.091447,13384.05756
29.40058,0.6914688,12.77292981,4.091447,13386.09667
29.41058,0.6910738,12.77292981,4.091447,13388.13578
29.42058,0.6906788,12.77292981,4.091447,13390.17185
29.43058,0.6902839,12.77292981,4.091447,13392.20791
29.44058,0.6898891,12.77292981,4.091447,13394.24398
29.45058,0.6894944,12.77292981,4.091447,13396.27699
29.46058,0.6890998,12.77292981,4.091447,13398.31001
29.47058,0.6887053,12.77292981,4.091447,13400.33998
29.48058,0.6883109,12.77292981,4.091447,13402.36994
29.49058,0.6879166,12.77292981,4.091447,13404.39991
29.50058,0.6875224,12.77292981,4.091447,13406.42683
29.51058,0.6871282,12.77292981,4.091447,13408.45375
29.52058,0.6867341,12.77292981,4.091447,13410.47762
29.53058,0.6863402,12.77292981,4.091447,13412.5015
29.54058,0.6859464,12.77292981,4.091447,13414.52537
29.55058,0.6855527,12.77292981,4.091447,13416.54619
29.56058,0.685159,12.77292981,4.091447,13418.56702
29.57058,0.6847654,12.77292981,4.091447,13420.58784
29.58058,0.6843719,12.77292981,4.091447,13422.60562
29.59058,0.6839786,12.77292981,4.091447,13424.62339
29.60058,0.6835853,12.77292981,4.091447,13426.63812
29.61058,0.6831921,12.77292981,4.091447,13428.65285
29.62058,0.682799,12.77292981,4.091447,13430.66453
29.63058,0.6824061,12.77292981,4.091447,13432.67621
29.64058,0.6820132,12.77292981,4.091447,13434.68789
29.65058,0.6816204,12.77292981,4.091447,13436.69957
29.66058,0.6812276,12.77292981,4.091447,13438.7082
29.67058,0.680835,12.77292981,4.091447,13440.71378
29.68058,0.6804425,12.77292981,4.091447,13442.71937
29.69058,0.68005,12.77292981,4.091447,13444.72495
29.70058,0.6796577,12.77292981,4.091447,13446.73054
29.71058,0.6792654,12.77292981,4.091447,13448.73307
29.72058,0.6788732,12.77292981,4.091447,13450.73256
29.73059,0.6784812,12.77292981,4.091447,13452.7351
29.74059,0.6780892,12.77292981,4.091447,13454.73154
29.75059,0.6776973,12.77292981,4.091447,13456.73102
29.76059,0.6773055,12.77292981,4.091447,13458.73051
29.77059,0.6769137,12.77292981,4.091447,13460.72695
29.78059,0.6765221,12.77292981,4.091447,13462.72339
29.79059,0.6761307,12.77292981,4.091447,13464.71678
29.80059,0.6757392,12.77292981,4.091447,13466.71018
29.81059,0.6753479,12.77292981,4.091447,13468.70052
29.82059,0.6749566,12.77292981,4.091447,13470.69086
29.83059,0.6745655,12.77292981,4.091447,13472.68121
29.84059,0.6741744,12.77292981,4.091447,13474.6685
29.85059,0.6737834,12.77292981,4.091447,13476.6558
29.86059,0.6733926,12.77292981,4.091447,13478.6431
29.87059,0.6730018,12.77292981,4.091447,13480.62734
29.88059,0.6726111,12.77292981,4.091447,13482.61159
29.89059,0.6722204,12.77292981,4.091447,13484.59279
29.90059,0.6718299,12.77292981,4.091447,13486.57399
29.91059,0.6714395,12.77292981,4.091447,13488.55519
29.92059,0.6710492,12.77292981,4.091447,13490.53334
29.93059,0.6706589,12.77292981,4.091447,13492.5115
29.94059,0.6702687,12.77292981,4.091447,13494.4866
29.95059,0.6698787,12.77292981,4.091447,13496.4617
29.96059,0.6694887,12.77292981,4.091447,13498.43681
29.97059,0.6690988,12.77292981,4.091447,13500.40886
29.98059,0.668709,12.77292981,4.091447,13502.38092
29.99059,0.6683192,12.77292981,4.091447,13504.35298
30.00059,0.6679296,12.77292981,4.091447,13506.32198
30.01059,0.6675401,12.77292981,4.091447,13508.29099
30.02059,0.6671506,12.77292981,4.091447,13510.25695
30.03059,0.6667613,12.77292981,4.091447,13512.22291
30.04059,0.6663721,12.77292981,4.091447,13514.18582
30.05059,0.6659828,12.77292981,4.091447,13516.14874
30.06059,0.6655937,12.77292981,4.091447,13518.1147
30.07059,0.6652048,12.77292981,4.091447,13520.07456
30.08059,0.6648158,12.77292981,4.091447,13522.03747
30.09059,0.664427,12.77292981,4.091447,13523.99734
30.10059,0.6640382,12.77292981,4.091447,13525.95415
30.11059,0.6636496,12.77292981,4.091447,13527.91097
30.12059,0.6632611,12.77292981,4.091447,13529.86778
30.13059,0.6628726,12.77292981,4.091447,13531.8246
30.14059,0.6624842,12.77292981,4.091447,13533.77837
30.15059,0.6620958,12.77292981,4.091447,13535.72909
30.16059,0.6617076,12.77292981,4.091447,13537.67981
30.1706,0.6613195,12.77292981,4.091447,13539.63053
30.1806,0.6609315,12.77292981,4.091447,13541.58125
30.1906,0.6605435,12.77292981,4.091447,13543.52892
30.2006,0.6601556,12.77292981,4.091447,13545.47659
30.2106,0.6597679,12.77292981,4.091447,13547.42122
30.2206,0.6593802,12.77292981,4.091447,13549.36584
30.2306,0.6589925,12.77292981,4.091447,13551.30742
30.2406,0.658605,12.77292981,4.091447,13553.24899
30.2506,0.6582175,12.77292981,4.091447,13555.19057
30.2606,0.6578302,12.77292981,4.091447,13557.1291
30.2706,0.6574429,12.77292981,4.091447,13559.06762
30.2806,0.6570558,12.77292981,4.091447,13561.00615
30.2906,0.6566687,12.77292981,4.091447,13562.94163
30.3006,0.6562817,12.77292981,4.091447,13564.87711
30.3106,0.6558948,12.77292981,4.091447,13566.80954
30.3206,0.6555079,12.77292981,4.091447,13568.74502
30.3306,0.6551211,12.77292981,4.091447,13570.67441
30.3406,0.6547345,12.77292981,4.091447,13572.60684
30.3506,0.6543479,12.77292981,4.091447,13574.53622
30.3606,0.6539614,12.77292981,4.091447,13576.46561
30.3706,0.6535749,12.77292981,4.091447,13578.39499
30.3806,0.6531886,12.77292981,4.091447,13580.32133
30.3906,0.6528024,12.77292981,4.091447,13582.24462
30.4006,0.6524162,12.77292981,4.091447,13584.1679
30.4106,0.6520302,12.77292981,4.091447,13586.09119
30.4206,0.6516442,12.77292981,4.091447,13588.01448
30.4306,0.6512583,12.77292981,4.091447,13589.93472
30.4406,0.6508725,12.77292981,4.091447,13591.85496
30.4506,0.6504868,12.77292981,4.091447,13593.77215
30.4606,0.6501011,12.77292981,4.091447,13595.68934
30.4706,0.6497155,12.77292981,4.091447,13597.60349
30.4806,0.64933,12.77292981,4.091447,13599.51763
30.4906,0.6489446,12.77292981,4.091447,13601.43178
30.5006,0.6485593,12.77292981,4.091447,13603.34287
30.5106,0.648174,12.77292981,4.091447,13605.25397
30.5206,0.6477889,12.77292981,4.091447,13607.16506
30.5306,0.6474038,12.77292981,4.091447,13609.07311
30.5406,0.6470188,12.77292981,4.091447,13610.98116
30.5506,0.6466339,12.77292981,4.091447,13612.88921
30.5606,0.6462491,12.77292981,4.091447,13614.79421
30.5706,0.6458644,12.77292981,4.091447,13616.69921
30.5806,0.6454797,12.77292981,4.091447,13618.60421
30.5906,0.6450952,12.77292981,4.091447,13620.50616
30.60061,0.6447107,12.77292981,4.091447,13622.40811
30.61061,0.6443263,12.77292981,4.091447,13624.30702
30.62061,0.6439419,12.77292981,4.091447,13626.20592
30.63061,0.6435577,12.77292981,4.091447,13628.10482
30.64061,0.6431735,12.77292981,4.091447,13630.00068
30.65061,0.6427894,12.77292981,4.091447,13631.89654
30.66061,0.6424055,12.77292981,4.091447,13633.79239
30.67061,0.6420215,12.77292981,4.091447,13635.6852
30.68061,0.6416377,12.77292981,4.091447,13637.57496
30.69061,0.6412539,12.77292981,4.091447,13639.46777
30.70061,0.6408703,12.77292981,4.091447,13641.35753
30.71061,0.6404867,12.77292981,4.091447,13643.24424
30.72061,0.6401032,12.77292981,4.091447,13645.13095
30.73061,0.6397197,12.77292981,4.091447,13647.01766
30.74061,0.6393364,12.77292981,4.091447,13648.90133
30.75061,0.6389531,12.77292981,4.091447,13650.78804
30.76061,0.6385699,12.77292981,4.091447,13652.6717
30.77061,0.6381868,12.77292981,4.091447,13654.55232
30.78061,0.6378038,12.77292981,4.091447,13656.43294
30.79061,0.6374208,12.77292981,4.091447,13658.31355
30.80061,0.637038,12.77292981,4.091447,13660.19417
30.81061,0.6366552,12.77292981,4.091447,13662.07174
30.82061,0.6362725,12.77292981,4.091447,13663.94626
30.83061,0.6358899,12.77292981,4.091447,13665.82382
30.84061,0.6355073,12.77292981,4.091447,13667.6953
30.85061,0.6351249,12.77292981,4.091447,13669.56982
30.86061,0.6347425,12.77292981,4.091447,13671.44129
30.87061,0.6343602,12.77292981,4.091447,13673.31276
30.88061,0.6339779,12.77292981,4.091447,13675.18118
30.89061,0.6335958,12.77292981,4.091447,13677.04961
30.90061,0.6332138,12.77292981,4.091447,13678.91498
30.91061,0.6328318,12.77292981,4.091447,13680.78036
30.92061,0.6324499,12.77292981,4.091447,13682.64574
30.93061,0.632068,12.77292981,4.091447,13684.50806
30.94061,0.6316863,12.77292981,4.091447,13686.37344
30.95061,0.6313046,12.77292981,4.091447,13688.23577
30.96061,0.630923,12.77292981,4.091447,13690.09505
30.97061,0.6305414,12.77292981,4.091447,13691.95433
30.98061,0.63016,12.77292981,4.091447,13693.81361
30.99061,0.6297787,12.77292981,4.091447,13695.66984
31.00061,0.6293974,12.77292981,4.091447,13697.52607
31.01061,0.6290162,12.77292981,4.091447,13699.3823
31.02061,0.628635,12.77292981,4.091447,13701.23549
31.03061,0.6282541,12.77292981,4.091447,13703.08867
31.04062,0.627873,12.77292981,4.091447,13704.93881
31.05062,0.6274921,12.77292981,4.091447,13706.79199
31.06062,0.6271113,12.77292981,4.091447,13708.63908
31.07062,0.6267306,12.77292981,4.091447,13710.48617
31.08062,0.6263499,12.77292981,4.091447,13712.33326
31.09062,0.6259694,12.77292981,4.091447,13714.18034
31.10062,0.6255889,12.77292981,4.091447,13716.02438
31.11062,0.6252084,12.77292981,4.091447,13717.86538
31.12062,0.624828,12.77292981,4.091447,13719.70942
31.13062,0.6244478,12.77292981,4.091447,13721.55041
31.14062,0.6240676,12.77292981,4.091447,13723.3914
31.15062,0.6236875,12.77292981,4.091447,13725.23239
31.16062,0.6233074,12.77292981,4.091447,13727.07034
31.17062,0.6229275,12.77292981,4.091447,13728.90828
31.18062,0.6225476,12.77292981,4.091447,13730.74318
31.19062,0.6221678,12.77292981,4.091447,13732.57807
31.20062,0.6217881,12.77292981,4.091447,13734.41297
31.21062,0.6214084,12.77292981,4.091447,13736.24482
31.22062,0.6210288,12.77292981,4.091447,13738.07666
31.23062,0.6206493,12.77292981,4.091447,13739.90546
31.24062,0.6202698,12.77292981,4.091447,13741.73426
31.25062,0.6198905,12.77292981,4.091447,13743.56306
31.26062,0.6195112,12.77292981,4.091447,13745.38882
31.27062,0.619132,12.77292981,4.091447,13747.21457
31.28062,0.6187529,12.77292981,4.091447,13749.03727
31.29062,0.6183738,12.77292981,4.091447,13750.86302
31.30062,0.6179948,12.77292981,4.091447,13752.68573
31.31062,0.6176159,12.77292981,4.091447,13754.50538
31.32062,0.6172371,12.77292981,4.091447,13756.32504
31.33062,0.6168584,12.77292981,4.091447,13758.1447
31.34062,0.6164796,12.77292981,4.091447,13759.96435
31.35062,0.6161011,12.77292981,4.091447,13761.78096
31.36062,0.6157225,12.77292981,4.091447,13763.59757
31.37062,0.615344,12.77292981,4.091447,13765.41113
31.38062,0.6149657,12.77292981,4.091447,13767.22469
31.39062,0.6145874,12.77292981,4.091447,13769.0352
31.40062,0.6142092,12.77292981,4.091447,13770.84876
31.41062,0.613831,12.77292981,4.091447,13772.65622
31.42062,0.6134529,12.77292981,4.091447,13774.46674
31.43062,0.6130749,12.77292981,4.091447,13776.2742
31.44062,0.6126969,12.77292981,4.091447,13778.07862
31.45062,0.6123191,12.77292981,4.091447,13779.88608
31.46062,0.6119413,12.77292981,4.091447,13781.6905
31.47062,0.6115636,12.77292981,4.091447,13783.49491
31.48063,0.611186,12.77292981,4.091447,13785.29628
31.49063,0.6108083,12.77292981,4.091447,13787.09765
31.50063,0.6104308,12.77292981,4.091447,13788.89902
31.51063,0.6100534,12.77292981,4.091447,13790.69734
31.52063,0.6096761,12.77292981,4.091447,13792.49566
31.53063,0.6092988,12.77292981,4.091447,13794.29093
31.54063,0.6089216,12.77292981,4.091447,13796.0862
31.55063,0.6085445,12.77292981,4.091447,13797.88147
31.56063,0.6081675,12.77292981,4.091447,13799.6737
31.57063,0.6077904,12.77292981,4.091447,13801.46592
31.58063,0.6074135,12.77292981,4.091447,13803.25814
31.59063,0.6070367,12.77292981,4.091447,13805.04732
31.60063,0.6066599,12.77292981,4.091447,13806.8365
31.61063,0.6062832,12.77292981,4.091447,13808.62567
31.62063,0.6059066,12.77292981,4.091447,13810.4118
31.63063,0.60553,12.77292981,4.091447,13812.19793
31.64063,0.6051536,12.77292981,4.091447,13813.98101
31.65063,0.6047772,12.77292981,4.091447,13815.76714
31.66063,0.6044008,12.77292981,4.091447,13817.54717
31.67063,0.6040245,12.77292981,4.091447,13819.33025
31.68063,0.6036484,12.77292981,4.091447,13821.11028
31.69063,0.6032723,12.77292981,4.091447,13822.88726
31.70063,0.6028962,12.77292981,4.091447,13824.6673
31.71063,0.6025202,12.77292981,4.091447,13826.44123
31.72063,0.6021444,12.77292981,4.091447,13828.21822
31.73063,0.6017685,12.77292981,4.091447,13829.99215
31.74063,0.6013927,12.77292981,4.091447,13831.76304
31.75063,0.601017,12.77292981,4.091447,13833.53698
31.76063,0.6006414,12.77292981,4.091447,13835.30786
31.77063,0.6002659,12.77292981,4.091447,13837.07875
31.78063,0.5998904,12.77292981,4.091447,13838.84964
31.79063,0.599515,12.77292981,4.091447,13840.61748
31.80063,0.5991396,12.77292981,4.091447,13842.38227
31.81063,0.5987644,12.77292981,4.091447,13844.15011
31.82063,0.5983891,12.77292981,4.091447,13845.9149
31.83063,0.5980141,12.77292981,4.091447,13847.67665
31.84063,0.597639,12.77292981,4.091447,13849.43839
31.85063,0.5972639,12.77292981,4.091447,13851.20014
31.86063,0.5968891,12.77292981,4.091447,13852.95883
31.87063,0.5965142,12.77292981,4.091447,13854.71753
31.88063,0.5961394,12.77292981,4.091447,13856.47622
31.89063,0.5957646,12.77292981,4.091447,13858.23187
31.90063,0.59539,12.77292981,4.091447,13859.99057
31.91063,0.5950154,12.77292981,4.091447,13861.74317
31.92064,0.5946409,12.77292981,4.091447,13863.49882
31.93064,0.5942665,12.77292981,4.091447,13865.25142
31.94064,0.5938921,12.77292981,4.091447,13867.00097
31.95064,0.5935177,12.77292981,4.091447,13868.75357
31.96064,0.5931435,12.77292981,4.091447,13870.50007
31.97064,0.5927693,12.77292981,4.091447,13872.24962
31.98064,0.5923952,12.77292981,4.091447,13873.99613
31.99064,0.5920212,12.77292981,4.091447,13875.74263
32.00064,0.5916472,12.77292981,4.091447,13877.48609
32.01064,0.5912733,12.77292981,4.091447,13879.22954
32.02063,0.5908994,12.77292981,4.091447,13880.96995
32.03063,0.5905257,12.77292981,4.091447,13882.71341
32.04063,0.590152,12.77292981,4.091447,13884.45382
32.05063,0.5897784,12.77292981,4.091447,13886.19422
32.06063,0.5894047,12.77292981,4.091447,13887.93158
32.07063,0.5890312,12.77292981,4.091447,13889.66894
32.08062,0.5886578,12.77292981,4.091447,13891.40326
32.09062,0.5882844,12.77292981,4.091447,13893.13757
32.10062,0.5879111,12.77292981,4.091447,13894.87188
32.11062,0.5875379,12.77292981,4.091447,13896.60619
32.12062,0.5871647,12.77292981,4.091447,13898.33441
32.13062,0.5867916,12.77292981,4.091447,13900.06567
32.14061,0.5864186,12.77292981,4.091447,13901.79389
32.15061,0.5860456,12.77292981,4.091447,13903.5221
32.16061,0.5856726,12.77292981,4.091447,13905.24727
32.17061,0.5852998,12.77292981,4.091447,13906.97549
32.18061,0.584927,12.77292981,4.091447,13908.70066
32.19061,0.5845543,12.77292981,4.091447,13910.42582
32.2006,0.5841817,12.77292981,4.091447,13912.14794
32.2106,0.5838091,12.77292981,4.091447,13913.87006
32.2206,0.5834366,12.77292981,4.091447,13915.58914
32.2306,0.5830641,12.77292981,4.091447,13917.30821
32.2406,0.5826917,12.77292981,4.091447,13919.02728
32.2506,0.5823194,12.77292981,4.091447,13920.7433
32.26059,0.5819471,12.77292981,4.091447,13922.45933
32.27059,0.581575,12.77292981,4.091447,13924.1723
32.28059,0.5812029,12.77292981,4.091447,13925.88833
32.29059,0.5808308,12.77292981,4.091447,13927.6013
32.30059,0.5804588,12.77292981,4.091447,13929.31123
32.31059,0.5800869,12.77292981,4.091447,13931.02421
32.32058,0.579715,12.77292981,4.091447,13932.73414
32.33058,0.5793433,12.77292981,4.091447,13934.44102
32.34058,0.5789715,12.77292981,4.091447,13936.1479
32.35058,0.5785998,12.77292981,4.091447,13937.85478
32.36058,0.5782282,12.77292981,4.091447,13939.55861
32.37057,0.5778567,12.77292981,4.091447,13941.26244
32.38057,0.5774852,12.77292981,4.091447,13942.96627
32.39057,0.5771138,12.77292981,4.091447,13944.66706
32.40057,0.5767425,12.77292981,4.091447,13946.36784
32.41057,0.5763711,12.77292981,4.091447,13948.06862
32.42057,0.5759999,12.77292981,4.091447,13949.76636
32.43056,0.5756288,12.77292981,4.091447,13951.4641
32.44056,0.5752577,12.77292981,4.091447,13953.16183
32.45056,0.5748867,12.77292981,4.091447,13954.85652
32.46056,0.5745157,12.77292981,4.091447,13956.55121
32.47056,0.5741448,12.77292981,4.091447,13958.24285
32.48056,0.573774,12.77292981,4.091447,13959.93449
32.49055,0.5734032,12.77292981,4.091447,13961.62613
32.50055,0.5730324,12.77292981,4.091447,13963.31472
32.51055,0.5726618,12.77292981,4.091447,13965.00331
32.52055,0.5722913,12.77292981,4.091447,13966.6919
32.53055,0.5719207,12.77292981,4.091447,13968.37745
32.54055,0.5715502,12.77292981,4.091447,13970.06299
32.55054,0.5711799,12.77292981,4.091447,13971.74854
32.56054,0.5708095,12.77292981,4.091447,13973.43103
32.57054,0.5704392,12.77292981,4.091447,13975.11353
32.58054,0.570069,12.77292981,4.091447,13976.79298
32.59054,0.5696989,12.77292981,4.091447,13978.47547
32.60054,0.5693288,12.77292981,4.091447,13980.15187
32.61053,0.5689588,12.77292981,4.091447,13981.83132
32.62053,0.5685888,12.77292981,4.091447,13983.50772
32.63053,0.5682189,12.77292981,4.091447,13985.18107
32.64053,0.5678491,12.77292981,4.091447,13986.85747
32.65053,0.5674793,12.77292981,4.091447,13988.52778
32.66053,0.5671096,12.77292981,4.091447,13990.20113
32.67052,0.5667399,12.77292981,4.091447,13991.87448
32.68052,0.5663703,12.77292981,4.091447,13993.54478
32.69052,0.5660008,12.77292981,4.091447,13995.21204
32.70052,0.5656314,12.77292981,4.091447,13996.88234
32.71052,0.565262,12.77292981,4.091447,13998.5496
32.72052,0.5648926,12.77292981,4.091447,14000.21381
32.73051,0.5645233,12.77292981,4.091447,14001.87802
32.74051,0.5641541,12.77292981,4.091447,14003.54222
32.75051,0.563785,12.77292981,4.091447,14005.20338
32.76051,0.5634159,12.77292981,4.091447,14006.86454
32.77051,0.5630468,12.77292981,4.091447,14008.5257
32.78051,0.5626779,12.77292981,4.091447,14010.18382
32.7905,0.562309,12.77292981,4.091447,14011.84193
32.8005,0.5619401,12.77292981,4.091447,14013.50004
32.8105,0.5615713,12.77292981,4.091447,14015.1551
32.8205,0.5612025,12.77292981,4.091447,14016.81017
32.8305,0.5608339,12.77292981,4.091447,14018.46523
32.8405,0.5604653,12.77292981,4.091447,14020.11725
32.85049,0.5600967,12.77292981,4.091447,14021.76926
32.86049,0.5597283,12.77292981,4.091447,14023.41823
32.87049,0.5593598,12.77292981,4.091447,14025.0672
32.88049,0.5589915,12.77292981,4.091447,14026.71617
32.89049,0.5586232,12.77292981,4.091447,14028.36209
32.90049,0.558255,12.77292981,4.091447,14030.00801
32.91048,0.5578867,12.77292981,4.091447,14031.65393
32.92048,0.5575187,12.77292981,4.091447,14033.29985
32.93048,0.5571505,12.77292981,4.091447,14034.94272
32.94048,0.5567825,12.77292981,4.091447,14036.58559
32.95048,0.5564146,12.77292981,4.091447,14038.22542
32.96048,0.5560467,12.77292981,4.091447,14039.86524
32.97047,0.5556788,12.77292981,4.091447,14041.50202
32.98047,0.5553111,12.77292981,4.091447,14043.13879
32.99047,0.5549434,12.77292981,4.091447,14044.77557
33.00047,0.5545757,12.77292981,4.091447,14046.4093
33.01047,0.5542082,12.77292981,4.091447,14048.04607
33.02047,0.5538406,12.77292981,4.091447,14049.6798
33.03046,0.5534732,12.77292981,4.091447,14051.31048
33.04046,0.5531058,12.77292981,4.091447,14052.94116
33.05046,0.5527384,12.77292981,4.091447,14054.57184
33.06046,0.5523711,12.77292981,4.091447,14056.19947
33.07046,0.5520039,12.77292981,4.091447,14057.8271
33.08046,0.5516367,12.77292981,4.091447,14059.45474
33.09045,0.5512697,12.77292981,4.091447,14061.07932
33.10045,0.5509025,12.77292981,4.091447,14062.7039
33.11045,0.5505356,12.77292981,4.091447,14064.32544
33.12045,0.5501686,12.77292981,4.091447,14065.95002
33.13045,0.5498017,12.77292981,4.091447,14067.57156
33.14045,0.5494349,12.77292981,4.091447,14069.1931
33.15044,0.5490682,12.77292981,4.091447,14070.81158
33.16044,0.5487015,12.77292981,4.091447,14072.43007
33.17044,0.5483348,12.77292981,4.091447,14074.04551
33.18044,0.5479681,12.77292981,4.091447,14075.66095
33.19044,0.5476016,12.77292981,4.091447,14077.27639
33.20044,0.5472352,12.77292981,4.091447,14078.88878
33.21043,0.5468688,12.77292981,4.091447,14080.50118
33.22043,0.5465024,12.77292981,4.091447,14082.11357
33.23043,0.5461361,12.77292981,4.091447,14083.72291
33.24043,0.5457698,12.77292981,4.091447,14085.33226
33.25043,0.5454037,12.77292981,4.091447,14086.9416
33.26043,0.5450375,12.77292981,4.091447,14088.5479
33.27042,0.5446715,12.77292981,4.091447,14090.15419
33.28042,0.5443054,12.77292981,4.091447,14091.76049
33.29042,0.5439395,12.77292981,4.091447,14093.36374
33.30042,0.5435736,12.77292981,4.091447,14094.96698
33.31042,0.5432078,12.77292981,4.091447,14096.56718
33.32042,0.542842,12.77292981,4.091447,14098.16738
33.33041,0.5424762,12.77292981,4.091447,14099.76758
33.34041,0.5421106,12.77292981,4.091447,14101.36474
33.35041,0.5417449,12.77292981,4.091447,14102.96494
33.36041,0.5413794,12.77292981,4.091447,14104.55904
33.37041,0.5410139,12.77292981,4.091447,14106.15619
33.38041,0.5406485,12.77292981,4.091447,14107.7503
33.3904,0.5402831,12.77292981,4.091447,14109.3444
33.4004,0.5399177,12.77292981,4.091447,14110.93546
33.4104,0.5395525,12.77292981,4.091447,14112.52651
33.4204,0.5391873,12.77292981,4.091447,14114.11452
33.4304,0.5388221,12.77292981,4.091447,14115.70253
33.4404,0.538457,12.77292981,4.091447,14117.29054
33.45039,0.538092,12.77292981,4.091447,14118.87854
33.46039,0.5377269,12.77292981,4.091447,14120.4635
33.47039,0.537362,12.77292981,4.091447,14122.04846
33.48039,0.5369971,12.77292981,4.091447,14123.63342
33.49039,0.5366323,12.77292981,4.091447,14125.21534
33.50039,0.5362675,12.77292981,4.091447,14126.79725
33.51038,0.5359028,12.77292981,4.091447,14128.37611
33.52038,0.5355382,12.77292981,4.091447,14129.95498
33.53038,0.5351736,12.77292981,4.091447,14131.53384
33.54038,0.534809,12.77292981,4.091447,14133.10966
33.55038,0.5344445,12.77292981,4.091447,14134.68547
33.56038,0.5340801,12.77292981,4.091447,14136.26129
33.57037,0.5337157,12.77292981,4.091447,14137.83406
33.58037,0.5333514,12.77292981,4.091447,14139.40682
33.59037,0.5329871,12.77292981,4.091447,14140.97959
33.60037,0.5326229,12.77292981,4.091447,14142.54931
33.61037,0.5322587,12.77292981,4.091447,14144.11903
33.62037,0.5318946,12.77292981,4.091447,14145.6857
33.63036,0.5315306,12.77292981,4.091447,14147.25542
33.64036,0.5311666,12.77292981,4.091447,14148.81905
33.65036,0.5308026,12.77292981,4.091447,14150.38572
33.66036,0.5304387,12.77292981,4.091447,14151.94934
33.67036,0.5300749,12.77292981,4.091447,14153.51297
33.68036,0.5297112,12.77292981,4.091447,14155.07659
33.69035,0.5293474,12.77292981,4.091447,14156.63717
33.70035,0.5289838,12.77292981,4.091447,14158.1947
33.71035,0.5286201,12.77292981,4.091447,14159.75527
33.72035,0.5282566,12.77292981,4.091447,14161.3128
33.73035,0.5278931,12.77292981,4.091447,14162.86728
33.74035,0.5275296,12.77292981,4.091447,14164.42176
33.75034,0.5271662,12.77292981,4.091447,14165.97624
33.76034,0.5268029,12.77292981,4.091447,14167.53072
33.77034,0.5264396,12.77292981,4.091447,14169.0852
33.78034,0.5260764,12.77292981,4.091447,14170.63663
33.79034,0.5257131,12.77292981,4.091447,14172.18502
33.80033,0.52535,12.77292981,4.091447,14173.7334
33.81033,0.524987,12.77292981,4.091447,14175.28178
33.82033,0.5246239,12.77292981,4.091447,14176.83017
33.83033,0.524261,12.77292981,4.091447,14178.3755
33.84033,0.5238981,12.77292981,4.091447,14179.91779
33.85033,0.5235352,12.77292981,4.091447,14181.46313
33.86032,0.5231724,12.77292981,4.091447,14183.00542
33.87032,0.5228096,12.77292981,4.091447,14184.5477
33.88032,0.5224469,12.77292981,4.091447,14186.08999
33.89032,0.5220843,12.77292981,4.091447,14187.62923
33.90032,0.5217217,12.77292981,4.091447,14189.16542
33.91032,0.5213591,12.77292981,4.091447,14190.70466
33.92031,0.5209967,12.77292981,4.091447,14192.23781
33.93031,0.5206342,12.77292981,4.091447,14193.774
33.94031,0.5202718,12.77292981,4.091447,14195.30714
33.95031,0.5199096,12.77292981,4.091447,14196.84029
33.96031,0.5195473,12.77292981,4.091447,14198.37343
33.97031,0.519185,12.77292981,4.091447,14199.90353
33.9803,0.5188228,12.77292981,4.091447,14201.43362
33.9903,0.5184608,12.77292981,4.091447,14202.96372
34.0003,0.5180987,12.77292981,4.091447,14204.49077
34.0103,0.5177366,12.77292981,4.091447,14206.01782
34.0203,0.5173747,12.77292981,4.091447,14207.54182
34.0303,0.5170128,12.77292981,4.091447,14209.06582
34.04029,0.5166509,12.77292981,4.091447,14210.58982
34.05029,0.5162891,12.77292981,4.091447,14212.11077
34.06029,0.5159273,12.77292981,4.091447,14213.63477
34.07029,0.5155656,12.77292981,4.091447,14215.15267
34.08029,0.515204,12.77292981,4.091447,14216.67362
34.09029,0.5148424,12.77292981,4.091447,14218.19153
34.10028,0.5144808,12.77292981,4.091447,14219.70943
34.11028,0.5141193,12.77292981,4.091447,14221.22429
34.12028,0.5137579,12.77292981,4.091447,14222.73914
34.13028,0.5133965,12.77292981,4.091447,14224.25095
34.14028,0.5130352,12.77292981,4.091447,14225.76581
34.15028,0.5126739,12.77292981,4.091447,14227.27762
34.16027,0.5123127,12.77292981,4.091447,14228.78942
34.17027,0.5119514,12.77292981,4.091447,14230.29818
34.18027,0.5115903,12.77292981,4.091447,14231.80694
34.19027,0.5112292,12.77292981,4.091447,14233.31266
34.20027,0.5108682,12.77292981,4.091447,14234.81837
34.21027,0.5105072,12.77292981,4.091447,14236.32408
34.22026,0.5101463,12.77292981,4.091447,14237.82979
34.23026,0.5097854,12.77292981,4.091447,14239.32941
34.24026,0.5094246,12.77292981,4.091447,14240.83207
34.25026,0.5090638,12.77292981,4.091447,14242.33474
34.26026,0.5087031,12.77292981,4.091447,14243.83435
34.27026,0.5083424,12.77292981,4.091447,14245.33397
34.28025,0.5079818,12.77292981,4.091447,14246.83054
34.29025,0.5076212,12.77292981,4.091447,14248.3271
34.30025,0.5072606,12.77292981,4.091447,14249.82367
34.31025,0.5069001,12.77292981,4.091447,14251.31719
34.32025,0.5065397,12.77292981,4.091447,14252.81071
34.33025,0.5061794,12.77292981,4.091447,14254.30423
34.34024,0.505819,12.77292981,4.091447,14255.7947
34.35024,0.5054588,12.77292981,4.091447,14257.28822
34.36024,0.5050985,12.77292981,4.091447,14258.77565
34.37024,0.5047383,12.77292981,4.091447,14260.26307
34.38024,0.5043783,12.77292981,4.091447,14261.7505
34.39024,0.5040182,12.77292981,4.091447,14263.23792
34.40023,0.5036581,12.77292981,4.091447,14264.7223
34.41023,0.5032982,12.77292981,4.091447,14266.20667
34.42023,0.5029382,12.77292981,4.091447,14267.688
34.43023,0.5025783,12.77292981,4.091447,14269.16933
34.44023,0.5022185,12.77292981,4.091447,14270.65066
34.45023,0.5018587,12.77292981,4.091447,14272.13198
34.46022,0.501499,12.77292981,4.091447,14273.61026
34.47022,0.5011393,12.77292981,4.091447,14275.08854
34.48022,0.5007797,12.77292981,4.091447,14276.56378
34.49022,0.5004202,12.77292981,4.091447,14278.03901
34.50022,0.5000606,12.77292981,4.091447,14279.51424
34.51022,0.4997011,12.77292981,4.091447,14280.98642
34.52021,0.4993417,12.77292981,4.091447,14282.45861
34.53021,0.4989823,12.77292981,4.091447,14283.93079
34.54021,0.4986229,12.77292981,4.091447,14285.39993
34.55021,0.4982637,12.77292981,4.091447,14286.86906
34.56021,0.4979044,12.77292981,4.091447,14288.3382
34.57021,0.4975452,12.77292981,4.091447,14289.80429
34.5802,0.4971861,12.77292981,4.091447,14291.27038
34.5902,0.4968268,12.77292981,4.091447,14292.73646
34.6002,0.4964676,12.77292981,4.091447,14294.1995
34.6102,0.4961084,12.77292981,4.091447,14295.66254
34.6202,0.4957493,12.77292981,4.091447,14297.12254
34.6302,0.4953902,12.77292981,4.091447,14298.58558
34.64019,0.4950312,12.77292981,4.091447,14300.04557
34.65019,0.4946722,12.77292981,4.091447,14301.50251
34.66019,0.4943133,12.77292981,4.091447,14302.95946
34.67019,0.4939544,12.77292981,4.091447,14304.4164
34.68019,0.4935955,12.77292981,4.091447,14305.8703
34.69019,0.4932367,12.77292981,4.091447,14307.32419
34.70018,0.492878,12.77292981,4.091447,14308.77809
34.71018,0.4925193,12.77292981,4.091447,14310.23198
34.72018,0.4921606,12.77292981,4.091447,14311.68283
34.73018,0.491802,12.77292981,4.091447,14313.13368
34.74018,0.4914434,12.77292981,4.091447,14314.58148
34.75018,0.4910849,12.77292981,4.091447,14316.02928
34.76017,0.4907264,12.77292981,4.091447,14317.47708
34.77017,0.490368,12.77292981,4.091447,14318.92183
34.78017,0.4900096,12.77292981,4.091447,14320.36658
34.79017,0.4896513,12.77292981,4.091447,14321.81134
34.80017,0.4892929,12.77292981,4.091447,14323.25304
34.81017,0.4889347,12.77292981,4.091447,14324.69474
34.82016,0.4885765,12.77292981,4.091447,14326.13645
34.83016,0.4882184,12.77292981,4.091447,14327.5751
34.84016,0.4878603,12.77292981,4.091447,14329.01376
34.85016,0.4875022,12.77292981,4.091447,14330.44937
34.86016,0.4871442,12.77292981,4.091447,14331.88498
34.87016,0.4867862,12.77292981,4.091447,14333.32058
34.88015,0.4864283,12.77292981,4.091447,14334.75619
34.89015,0.4860704,12.77292981,4.091447,14336.18875
34.90015,0.4857125,12.77292981,4.091447,14337.62131
34.91015,0.4853548,12.77292981,4.091447,14339.05387
34.92015,0.484997,12.77292981,4.091447,14340.48338
34.93015,0.4846393,12.77292981,4.091447,14341.9129
34.94014,0.4842816,12.77292981,4.091447,14343.33936
34.95014,0.483924,12.77292981,4.091447,14344.76582
34.96014,0.4835664,12.77292981,4.091447,14346.18924
34.97014,0.4832089,12.77292981,4.091447,14347.6157
34.98014,0.4828514,12.77292981,4.091447,14349.03912
34.99014,0.482494,12.77292981,4.091447,14350.46254
35.00013,0.4821366,12.77292981,4.091447,14351.8829
35.01013,0.4817792,12.77292981,4.091447,14353.30327
35.02013,0.4814219,12.77292981,4.091447,14354.72364
35.03013,0.4810647,12.77292981,4.091447,14356.14096
35.04013,0.4807075,12.77292981,4.091447,14357.55828
35.05013,0.4803503,12.77292981,4.091447,14358.9756
35.06012,0.4799931,12.77292981,4.091447,14360.38987
35.07012,0.4796361,12.77292981,4.091447,14361.80719
35.08012,0.479279,12.77292981,4.091447,14363.21842
35.09012,0.478922,12.77292981,4.091447,14364.62964
35.10012,0.4785651,12.77292981,4.091447,14366.04086
35.11012,0.4782082,12.77292981,4.091447,14367.45209
35.12011,0.4778513,12.77292981,4.091447,14368.86026
35.13011,0.4774945,12.77292981,4.091447,14370.26844
35.14011,0.4771377,12.77292981,4.091447,14371.67357
35.15011,0.476781,12.77292981,4.091447,14373.08174
35.16011,0.4764243,12.77292981,4.091447,14374.48687
35.1701,0.4760677,12.77292981,4.091447,14375.88895
35.1801,0.475711,12.77292981,4.091447,14377.29103
35.1901,0.4753545,12.77292981,4.091447,14378.69311
35.2001,0.474998,12.77292981,4.091447,14380.09519
35.2101,0.4746415,12.77292981,4.091447,14381.49422
35.2201,0.4742851,12.77292981,4.091447,14382.89021
35.23009,0.4739287,12.77292981,4.091447,14384.28924
35.24009,0.4735723,12.77292981,4.091447,14385.68522
35.25009,0.4732161,12.77292981,4.091447,14387.08121
35.26009,0.4728598,12.77292981,4.091447,14388.47414
35.27009,0.4725036,12.77292981,4.091447,14389.86708
35.28009,0.4721474,12.77292981,4.091447,14391.26002
35.29008,0.4717913,12.77292981,4.091447,14392.6499
35.30008,0.4714352,12.77292981,4.091447,14394.03979
35.31008,0.4710792,12.77292981,4.091447,14395.42968
35.32008,0.4707232,12.77292981,4.091447,14396.81652
35.33008,0.4703673,12.77292981,4.091447,14398.20336
35.34008,0.4700113,12.77292981,4.091447,14399.5902
35.35007,0.4696555,12.77292981,4.091447,14400.97399
35.36007,0.4692996,12.77292981,4.091447,14402.35778
35.37007,0.4689438,12.77292981,4.091447,14403.74158
35.38007,0.4685881,12.77292981,4.091447,14405.12232
35.39007,0.4682324,12.77292981,4.091447,14406.50306
35.40007,0.4678768,12.77292981,4.091447,14407.88381
35.41006,0.4675211,12.77292981,4.091447,14409.2615
35.42006,0.4671656,12.77292981,4.091447,14410.6392
35.43006,0.46681,12.77292981,4.091447,14412.0169
35.44006,0.4664546,12.77292981,4.091447,14413.39154
35.45006,0.4660991,12.77292981,4.091447,14414.76619
35.46006,0.4657437,12.77292981,4.091447,14416.13779
35.47005,0.4653884,12.77292981,4.091447,14417.50939
35.48005,0.4650331,12.77292981,4.091447,14418.88099
35.49005,0.4646778,12.77292981,4.091447,14420.25259
35.50005,0.4643225,12.77292981,4.091447,14421.62114
35.51005,0.4639673,12.77292981,4.091447,14422.9897
35.52005,0.4636122,12.77292981,4.091447,14424.3552
35.53004,0.4632571,12.77292981,4.091447,14425.7207
35.54004,0.462902,12.77292981,4.091447,14427.08621
35.55004,0.462547,12.77292981,4.091447,14428.44866
35.56004,0.462192,12.77292981,4.091447,14429.81112
35.57004,0.4618371,12.77292981,4.091447,14431.17358
35.58004,0.4614822,12.77292981,4.091447,14432.53603
35.59003,0.4611273,12.77292981,4.091447,14433.89544
35.60003,0.4607725,12.77292981,4.091447,14435.2518
35.61003,0.4604177,12.77292981,4.091447,14436.61121
35.62003,0.460063,12.77292981,4.091447,14437.96757
35.63003,0.4597083,12.77292981,4.091447,14439.32088
35.64003,0.4593536,12.77292981,4.091447,14440.67419
35.65002,0.458999,12.77292981,4.091447,14442.0275
35.66002,0.4586444,12.77292981,4.091447,14443.38082
35.67002,0.4582899,12.77292981,4.091447,14444.73413
35.68002,0.4579354,12.77292981,4.091447,14446.08439
35.69002,0.457581,12.77292981,4.091447,14447.43161
35.70002,0.4572266,12.77292981,4.091447,14448.77882
35.71001,0.4568722,12.77292981,4.091447,14450.12604
35.72001,0.4565179,12.77292981,4.091447,14451.47021
35.73001,0.4561636,12.77292981,4.091447,14452.81742
35.74001,0.4558094,12.77292981,4.091447,14454.16159
35.75001,0.4554552,12.77292981,4.091447,14455.50576
35.76001,0.455101,12.77292981,4.091447,14456.84688
35.77,0.4547469,12.77292981,4.091447,14458.188
35.78,0.4543928,12.77292981,4.091447,14459.52607
35.79,0.4540387,12.77292981,4.091447,14460.86414
35.8,0.4536847,12.77292981,4.091447,14462.20222
35.81,0.4533308,12.77292981,4.091447,14463.53724
35.82,0.4529769,12.77292981,4.091447,14464.87531
35.82999,0.452623,12.77292981,4.091447,14466.21034
35.83999,0.4522692,12.77292981,4.091447,14467.54231
35.84999,0.4519154,12.77292981,4.091447,14468.87429
35.85999,0.4515616,12.77292981,4.091447,14470.20626
35.86999,0.4512079,12.77292981,4.091447,14471.53519
35.87999,0.4508542,12.77292981,4.091447,14472.86412
35.88998,0.4505006,12.77292981,4.091447,14474.19305
35.89998,0.450147,12.77292981,4.091447,14475.52198
35.90998,0.4497934,12.77292981,4.091447,14476.84786
35.91998,0.4494399,12.77292981,4.091447,14478.17374
35.92998,0.4490864,12.77292981,4.091447,14479.49657
35.93998,0.448733,12.77292981,4.091447,14480.8194
35.94997,0.4483796,12.77292981,4.091447,14482.14223
35.95997,0.4480262,12.77292981,4.091447,14483.46202
35.96997,0.4476729,12.77292981,4.091447,14484.7818
35.97997,0.4473196,12.77292981,4.091447,14486.10158
35.98997,0.4469664,12.77292981,4.091447,14487.41832
35.99997,0.4466132,12.77292981,4.091447,14488.73506
36.00996,0.44626,12.77292981,4.091447,14490.05179
36.01996,0.4459069,12.77292981,4.091447,14491.36548
36.02996,0.4455538,12.77292981,4.091447,14492.67917
36.03996,0.4452008,12.77292981,4.091447,14493.98981
36.04996,0.4448478,12.77292981,4.091447,14495.3035
36.05996,0.4444948,12.77292981,4.091447,14496.61414
36.06995,0.4441419,12.77292981,4.091447,14497.92478
36.07995,0.443789,12.77292981,4.091447,14499.23237
36.08995,0.4434361,12.77292981,4.091447,14500.53996
36.09995,0.4430833,12.77292981,4.091447,14501.8445
36.10995,0.4427305,12.77292981,4.091447,14503.1521
36.11995,0.4423778,12.77292981,4.091447,14504.45359
36.12994,0.4420251,12.77292981,4.091447,14505.75814
36.13994,0.4416725,12.77292981,4.091447,14507.05963
36.14994,0.4413198,12.77292981,4.091447,14508.36113
36.15994,0.4409673,12.77292981,4.091447,14509.66262
36.16994,0.4406147,12.77292981,4.091447,14510.96107
36.17994,0.4402623,12.77292981,4.091447,14512.25952
36.18993,0.4399098,12.77292981,4.091447,14513.55492
36.19993,0.4395573,12.77292981,4.091447,14514.85032
36.20993,0.439205,12.77292981,4.091447,14516.14572
36.21993,0.4388526,12.77292981,4.091447,14517.44112
36.22993,0.4385003,12.77292981,4.091447,14518.73347
36.23993,0.4381481,12.77292981,4.091447,14520.02582
36.24992,0.4377958,12.77292981,4.091447,14521.31513
36.25992,0.4374436,12.77292981,4.091447,14522.60443
36.26992,0.4370915,12.77292981,4.091447,14523.89374
36.27992,0.4367393,12.77292981,4.091447,14525.17999
36.28992,0.4363873,12.77292981,4.091447,14526.4693
36.29992,0.4360352,12.77292981,4.091447,14527.7525
36.30991,0.4356832,12.77292981,4.091447,14529.03876
36.31991,0.4353313,12.77292981,4.091447,14530.32197
36.32991,0.4349793,12.77292981,4.091447,14531.60518
36.33991,0.4346274,12.77292981,4.091447,14532.88534
36.34991,0.4342756,12.77292981,4.091447,14534.1655
36.35991,0.4339238,12.77292981,4.091447,14535.44261
36.3699,0.433572,12.77292981,4.091447,14536.72277
36.3799,0.4332203,12.77292981,4.091447,14537.99988
36.3899,0.4328686,12.77292981,4.091447,14539.27699
36.3999,0.4325169,12.77292981,4.091447,14540.55106
36.4099,0.4321653,12.77292981,4.091447,14541.82512
36.4199,0.4318137,12.77292981,4.091447,14543.09918
36.42989,0.4314621,12.77292981,4.091447,14544.3702
36.43989,0.4311106,12.77292981,4.091447,14545.64122
36.44989,0.4307591,12.77292981,4.091447,14546.91223
36.45989,0.4304077,12.77292981,4.091447,14548.1802
36.46989,0.4300563,12.77292981,4.091447,14549.44817
36.47989,0.4297049,12.77292981,4.091447,14550.71614
36.48988,0.4293536,12.77292981,4.091447,14551.98106
36.49988,0.4290023,12.77292981,4.091447,14553.24598
36.50988,0.4286511,12.77292981,4.091447,14554.5109
36.51988,0.4282998,12.77292981,4.091447,14555.77277
36.52988,0.4279487,12.77292981,4.091447,14557.03464
36.53988,0.4275975,12.77292981,4.091447,14558.29651
36.54987,0.4272464,12.77292981,4.091447,14559.55534
36.55987,0.4268954,12.77292981,4.091447,14560.81416
36.56987,0.4265443,12.77292981,4.091447,14562.06994
36.57987,0.4261933,12.77292981,4.091447,14563.32876
36.58987,0.4258423,12.77292981,4.091447,14564.58149
36.59986,0.4254915,12.77292981,4.091447,14565.83726
36.60986,0.4251406,12.77292981,4.091447,14567.08999
36.61986,0.4247897,12.77292981,4.091447,14568.34272
36.62986,0.4244389,12.77292981,4.091447,14569.59545
36.63986,0.4240881,12.77292981,4.091447,14570.84513
36.64986,0.4237374,12.77292981,4.091447,14572.09481
36.65985,0.4233867,12.77292981,4.091447,14573.34144
36.66985,0.423036,12.77292981,4.091447,14574.58807
36.67985,0.4226854,12.77292981,4.091447,14575.8347
36.68985,0.4223348,12.77292981,4.091447,14577.08134
36.69985,0.4219842,12.77292981,4.091447,14578.32492
36.70985,0.4216337,12.77292981,4.091447,14579.5685
36.71984,0.4212832,12.77292981,4.091447,14580.80904
36.72984,0.4209328,12.77292981,4.091447,14582.05262
36.73984,0.4205824,12.77292981,4.091447,14583.29011
36.74984,0.420232,12.77292981,4.091447,14584.53065
36.75984,0.4198816,12.77292981,4.091447,14585.76814
36.76984,0.4195313,12.77292981,4.091447,14587.00562
36.77983,0.419181,12.77292981,4.091447,14588.24006
36.78983,0.4188308,12.77292981,4.091447,14589.4745
36.79983,0.4184806,12.77292981,4.091447,14590.70894
36.80983,0.4181305,12.77292981,4.091447,14591.94034
36.81983,0.4177803,12.77292981,4.091447,14593.17173
36.82983,0.4174303,12.77292981,4.091447,14594.40312
36.83982,0.4170802,12.77292981,4.091447,14595.63451
36.84982,0.4167302,12.77292981,4.091447,14596.86286
36.85982,0.4163802,12.77292981,4.091447,14598.0912
36.86982,0.4160302,12.77292981,4.091447,14599.3165
36.87982,0.4156803,12.77292981,4.091447,14600.54179
36.88982,0.4153304,12.77292981,4.091447,14601.76404
36.89981,0.4149806,12.77292981,4.091447,14602.98934
36.90981,0.4146308,12.77292981,4.091447,14604.21158
36.91981,0.414281,12.77292981,4.091447,14605.43383
36.92981,0.4139313,12.77292981,4.091447,14606.65303
36.93981,0.4135816,12.77292981,4.091447,14607.87223
36.94981,0.4132319,12.77292981,4.091447,14609.09143
36.9598,0.4128823,12.77292981,4.091447,14610.30758
36.9698,0.4125327,12.77292981,4.091447,14611.52374
36.9798,0.4121831,12.77292981,4.091447,14612.73989
36.9898,0.4118336,12.77292981,4.091447,14613.95299
36.9998,0.4114841,12.77292981,4.091447,14615.1661
37.0098,0.4111346,12.77292981,4.091447,14616.3792
37.01979,0.4107852,12.77292981,4.091447,14617.58926
37.02979,0.4104358,12.77292981,4.091447,14618.79931
37.03979,0.4100865,12.77292981,4.091447,14620.00937
37.04979,0.4097371,12.77292981,4.091447,14621.21638
37.05979,0.4093879,12.77292981,4.091447,14622.42338
37.06979,0.4090386,12.77292981,4.091447,14623.63039
37.07978,0.4086893,12.77292981,4.091447,14624.83435
37.08978,0.4083402,12.77292981,4.091447,14626.03831
37.09978,0.4079911,12.77292981,4.091447,14627.24227
37.10978,0.4076419,12.77292981,4.091447,14628.44318
37.11978,0.4072928,12.77292981,4.091447,14629.6441
37.12978,0.4069438,12.77292981,4.091447,14630.84196
37.13977,0.4065948,12.77292981,4.091447,14632.04287
37.14977,0.4062458,12.77292981,4.091447,14633.24074
37.15977,0.4058969,12.77292981,4.091447,14634.43555
37.16977,0.405548,12.77292981,4.091447,14635.63037
37.17977,0.4051991,12.77292981,4.091447,14636.82518
37.18977,0.4048502,12.77292981,4.091447,14638.02
37.19976,0.4045015,12.77292981,4.091447,14639.21177
37.20976,0.4041527,12.77292981,4.091447,14640.40354
37.21976,0.4038039,12.77292981,4.091447,14641.5953
37.22976,0.4034553,12.77292981,4.091447,14642.78402
37.23976,0.4031066,12.77292981,4.091447,14643.97274
37.24976,0.4027579,12.77292981,4.091447,14645.15842
37.25975,0.4024093,12.77292981,4.091447,14646.34409
37.26975,0.4020608,12.77292981,4.091447,14647.52976
37.27975,0.4017122,12.77292981,4.091447,14648.71543
37.28975,0.4013637,12.77292981,4.091447,14649.89806
37.29975,0.4010153,12.77292981,4.091447,14651.08068
37.30975,0.4006668,12.77292981,4.091447,14652.2633
37.31974,0.4003184,12.77292981,4.091447,14653.44288
37.32974,0.3999701,12.77292981,4.091447,14654.61941
37.33974,0.3996217,12.77292981,4.091447,14655.79898
37.34974,0.3992734,12.77292981,4.091447,14656.97551
37.35974,0.3989252,12.77292981,4.091447,14658.15204
37.36974,0.3985769,12.77292981,4.091447,14659.32857
37.37973,0.3982287,12.77292981,4.091447,14660.50205
37.38973,0.3978806,12.77292981,4.091447,14661.67553
37.39973,0.3975324,12.77292981,4.091447,14662.84596
37.40973,0.3971843,12.77292981,4.091447,14664.01639
37.41973,0.3968363,12.77292981,4.091447,14665.18682
37.42973,0.3964882,12.77292981,4.091447,14666.35421
37.43972,0.3961402,12.77292981,4.091447,14667.52464
37.44972,0.3957922,12.77292981,4.091447,14668.68898
37.45972,0.3954443,12.77292981,4.091447,14669.85636
37.46972,0.3950964,12.77292981,4.091447,14671.0207
37.47972,0.3947485,12.77292981,4.091447,14672.18503
37.48972,0.3944007,12.77292981,4.091447,14673.34632
37.49971,0.3940529,12.77292981,4.091447,14674.50761
37.50971,0.3937051,12.77292981,4.091447,14675.6689
37.51971,0.3933574,12.77292981,4.091447,14676.83018
37.52971,0.3930097,12.77292981,4.091447,14677.98842
37.53971,0.392662,12.77292981,4.091447,14679.14666
37.54971,0.3923143,12.77292981,4.091447,14680.30186
37.5597,0.3919668,12.77292981,4.091447,14681.45705
37.5697,0.3916191,12.77292981,4.091447,14682.61224
37.5797,0.3912716,12.77292981,4.091447,14683.76743
37.5897,0.3909241,12.77292981,4.091447,14684.91958
37.5997,0.3905766,12.77292981,4.091447,14686.06867
37.6097,0.3902292,12.77292981,4.091447,14687.22082
37.61969,0.3898818,12.77292981,4.091447,14688.36991
37.62969,0.3895344,12.77292981,4.091447,14689.51596
37.63969,0.389187,12.77292981,4.091447,14690.66506
37.64969,0.3888397,12.77292981,4.091447,14691.8111
37.65969,0.3884924,12.77292981,4.091447,14692.95715
37.66969,0.3881452,12.77292981,4.091447,14694.10015
37.67968,0.3877979,12.77292981,4.091447,14695.24315
37.68968,0.3874508,12.77292981,4.091447,14696.38615
37.69968,0.3871036,12.77292981,4.091447,14697.5261
37.70968,0.3867565,12.77292981,4.091447,14698.66606
37.71968,0.3864093,12.77292981,4.091447,14699.80601
37.72968,0.3860623,12.77292981,4.091447,14700.94596
37.73967,0.3857153,12.77292981,4.091447,14702.08286
37.74967,0.3853683,12.77292981,4.091447,14703.21672
37.75967,0.3850213,12.77292981,4.091447,14704.35058
37.76967,0.3846744,12.77292981,4.091447,14705.48443
37.77967,0.3843275,12.77292981,4.091447,14706.61829
37.78967,0.3839806,12.77292981,4.091447,14707.75214
37.79966,0.3836337,12.77292981,4.091447,14708.88295
37.80966,0.3832869,12.77292981,4.091447,14710.01376
37.81966,0.3829402,12.77292981,4.091447,14711.14152
37.82966,0.3825934,12.77292981,4.091447,14712.26928
37.83966,0.3822467,12.77292981,4.091447,14713.39399
37.84966,0.3819,12.77292981,4.091447,14714.52175
37.85965,0.3815534,12.77292981,4.091447,14715.64646
37.86965,0.3812067,12.77292981,4.091447,14716.77118
37.87965,0.3808601,12.77292981,4.091447,14717.89284
37.88965,0.3805136,12.77292981,4.091447,14719.0145
37.89965,0.380167,12.77292981,4.091447,14720.13617
37.90965,0.3798206,12.77292981,4.091447,14721.25478
37.91964,0.3794741,12.77292981,4.091447,14722.3734
37.92964,0.3791276,12.77292981,4.091447,14723.49202
37.93964,0.3787812,12.77292981,4.091447,14724.60758
37.94964,0.3784349,12.77292981,4.091447,14725.72315
37.95964,0.3780885,12.77292981,4.091447,14726.83872
37.96964,0.3777422,12.77292981,4.091447,14727.95124
37.97963,0.3773959,12.77292981,4.091447,14729.06376
37.98963,0.3770497,12.77292981,4.091447,14730.17628
37.99963,0.3767034,12.77292981,4.091447,14731.28575
38.00963,0.3763573,12.77292981,4.091447,14732.39522
38.01963,0.3760111,12.77292981,4.091447,14733.5047
38.02962,0.375665,12.77292981,4.091447,14734.61112
38.03962,0.3753189,12.77292981,4.091447,14735.71754
38.04962,0.3749728,12.77292981,4.091447,14736.82397
38.05962,0.3746268,12.77292981,4.091447,14737.92734
38.06962,0.3742808,12.77292981,4.091447,14739.03072
38.07962,0.3739348,12.77292981,4.091447,14740.1341
38.08961,0.3735888,12.77292981,4.091447,14741.23442
38.09961,0.3732429,12.77292981,4.091447,14742.33475
38.10961,0.3728971,12.77292981,4.091447,14743.43508
38.11961,0.3725512,12.77292981,4.091447,14744.53236
38.12961,0.3722054,12.77292981,4.091447,14745.62964
38.13961,0.3718596,12.77292981,4.091447,14746.72692
38.1496,0.3715138,12.77292981,4.091447,14747.82115
38.1596,0.3711681,12.77292981,4.091447,14748.91538
38.1696,0.3708224,12.77292981,4.091447,14750.00962
38.1796,0.3704767,12.77292981,4.091447,14751.1008
38.1896,0.370131,12.77292981,4.091447,14752.19198
38.1996,0.3697855,12.77292981,4.091447,14753.28317
38.20959,0.3694398,12.77292981,4.091447,14754.3713
38.21959,0.3690943,12.77292981,4.091447,14755.45944
38.22959,0.3687488,12.77292981,4.091447,14756.54758
38.23959,0.3684033,12.77292981,4.091447,14757.63266
38.24959,0.3680578,12.77292981,4.091447,14758.71775
38.25959,0.3677124,12.77292981,4.091447,14759.79979
38.26958,0.367367,12.77292981,4.091447,14760.88488
38.27958,0.3670216,12.77292981,4.091447,14761.96692
38.28958,0.3666763,12.77292981,4.091447,14763.04896
38.29958,0.366331,12.77292981,4.091447,14764.12795
38.30958,0.3659857,12.77292981,4.091447,14765.20694
38.31958,0.3656404,12.77292981,4.091447,14766.28289
38.32957,0.3652952,12.77292981,4.091447,14767.35883
38.33957,0.36495,12.77292981,4.091447,14768.43782
38.34957,0.3646048,12.77292981,4.091447,14769.51072
38.35957,0.3642596,12.77292981,4.091447,14770.58666
38.36957,0.3639145,12.77292981,4.091447,14771.65956
38.37957,0.3635695,12.77292981,4.091447,14772.72941
38.38956,0.3632244,12.77292981,4.091447,14773.79926
38.39956,0.3628794,12.77292981,4.091447,14774.8691
38.40956,0.3625344,12.77292981,4.091447,14775.93895
38.41956,0.3621894,12.77292981,4.091447,14777.00575
38.42956,0.3618445,12.77292981,4.091447,14778.07255
38.43956,0.3614996,12.77292981,4.091447,14779.13935
38.44955,0.3611547,12.77292981,4.091447,14780.2031
38.45955,0.3608099,12.77292981,4.091447,14781.26686
38.46955,0.360465,12.77292981,4.091447,14782.32756
38.47955,0.3601203,12.77292981,4.091447,14783.39131
38.48955,0.3597755,12.77292981,4.091447,14784.45202
38.49955,0.3594308,12.77292981,4.091447,14785.50967
38.50954,0.359086,12.77292981,4.091447,14786.57038
38.51954,0.3587414,12.77292981,4.091447,14787.62803
38.52954,0.3583967,12.77292981,4.091447,14788.68264
38.53954,0.3580521,12.77292981,4.091447,14789.73725
38.54954,0.3577075,12.77292981,4.091447,14790.79186
38.55954,0.357363,12.77292981,4.091447,14791.84646
38.56953,0.3570184,12.77292981,4.091447,14792.89802
38.57953,0.3566739,12.77292981,4.091447,14793.94958
38.58953,0.3563294,12.77292981,4.091447,14795.00114
38.59953,0.355985,12.77292981,4.091447,14796.04966
38.60953,0.3556406,12.77292981,4.091447,14797.09817
38.61953,0.3552962,12.77292981,4.091447,14798.14668
38.62952,0.3549518,12.77292981,4.091447,14799.19214
38.63952,0.3546075,12.77292981,4.091447,14800.23761
38.64952,0.3542632,12.77292981,4.091447,14801.28307
38.65952,0.3539189,12.77292981,4.091447,14802.32549
38.66952,0.3535747,12.77292981,4.091447,14803.3679
38.67952,0.3532304,12.77292981,4.091447,14804.40727
38.68951,0.3528862,12.77292981,4.091447,14805.44969
38.69951,0.3525421,12.77292981,4.091447,14806.48906
38.70951,0.3521979,12.77292981,4.091447,14807.52538
38.71951,0.3518538,12.77292981,4.091447,14808.56474
38.72951,0.3515097,12.77292981,4.091447,14809.60106
38.73951,0.3511657,12.77292981,4.091447,14810.63434
38.7495,0.3508217,12.77292981,4.091447,14811.66761
38.7595,0.3504777,12.77292981,4.091447,14812.70393
38.7695,0.3501337,12.77292981,4.091447,14813.73415
38.7795,0.3497897,12.77292981,4.091447,14814.76742
38.7895,0.3494458,12.77292981,4.091447,14815.7946
38.7995,0.349102,12.77292981,4.091447,14816.82482
38.80949,0.3487581,12.77292981,4.091447,14817.852
38.81949,0.3484143,12.77292981,4.091447,14818.87918
38.82949,0.3480705,12.77292981,4.091447,14819.90635
38.83949,0.3477267,12.77292981,4.091447,14820.93048
38.84949,0.3473829,12.77292981,4.091447,14821.95461
38.85949,0.3470392,12.77292981,4.091447,14822.97874
38.86948,0.3466955,12.77292981,4.091447,14823.99982
38.87948,0.3463519,12.77292981,4.091447,14825.0209
38.88948,0.3460082,12.77292981,4.091447,14826.03893
38.89948,0.3456646,12.77292981,4.091447,14827.06001
38.90948,0.345321,12.77292981,4.091447,14828.07804
38.91948,0.3449775,12.77292981,4.091447,14829.09302
38.92947,0.344634,12.77292981,4.091447,14830.10801
38.93947,0.3442904,12.77292981,4.091447,14831.12299
38.94947,0.343947,12.77292981,4.091447,14832.13798
38.95947,0.3436035,12.77292981,4.091447,14833.15296
38.96947,0.3432601,12.77292981,4.091447,14834.1649
38.97947,0.3429167,12.77292981,4.091447,14835.17378
38.98946,0.3425733,12.77292981,4.091447,14836.18267
38.99946,0.34223,12.77292981,4.091447,14837.19156
39.00946,0.3418867,12.77292981,4.091447,14838.20045
39.01946,0.3415434,12.77292981,4.091447,14839.20629
39.02946,0.3412001,12.77292981,4.091447,14840.21213
39.03946,0.3408569,12.77292981,4.091447,14841.21797
39.04945,0.3405137,12.77292981,4.091447,14842.22076
39.05945,0.3401705,12.77292981,4.091447,14843.22355
39.06945,0.3398274,12.77292981,4.091447,14844.22634
39.07945,0.3394842,12.77292981,4.091447,14845.22609
39.08945,0.3391412,12.77292981,4.091447,14846.22583
39.09945,0.3387981,12.77292981,4.091447,14847.22558
39.10944,0.338455,12.77292981,4.091447,14848.22227
39.11944,0.338112,12.77292981,4.091447,14849.21897
39.12944,0.337769,12.77292981,4.091447,14850.21566
39.13944,0.3374261,12.77292981,4.091447,14851.20931
39.14944,0.3370831,12.77292981,4.091447,14852.20296
39.15944,0.3367402,12.77292981,4.091447,14853.19661
39.16943,0.3363973,12.77292981,4.091447,14854.18721
39.17943,0.3360544,12.77292981,4.091447,14855.17781
39.18943,0.3357116,12.77292981,4.091447,14856.16841
39.19943,0.3353688,12.77292981,4.091447,14857.15596
39.20943,0.335026,12.77292981,4.091447,14858.14351
39.21943,0.3346833,12.77292981,4.091447,14859.13106
39.22942,0.3343405,12.77292981,4.091447,14860.11557
39.23942,0.3339978,12.77292981,4.091447,14861.10007
39.24942,0.3336552,12.77292981,4.091447,14862.08458
39.25942,0.3333125,12.77292981,4.091447,14863.06603
39.26942,0.3329699,12.77292981,4.091447,14864.04749
39.27942,0.3326273,12.77292981,4.091447,14865.0259
39.28941,0.3322847,12.77292981,4.091447,14866.00735
39.29941,0.3319422,12.77292981,4.091447,14866.98576
39.30941,0.3315996,12.77292981,4.091447,14867.96417
39.31941,0.3312571,12.77292981,4.091447,14868.93953
39.32941,0.3309147,12.77292981,4.091447,14869.91489
39.33941,0.3305722,12.77292981,4.091447,14870.8872
39.3494,0.3302298,12.77292981,4.091447,14871.86256
39.3594,0.3298874,12.77292981,4.091447,14872.83487
39.3694,0.3295451,12.77292981,4.091447,14873.80718
39.3794,0.3292027,12.77292981,4.091447,14874.77645
39.3894,0.3288604,12.77292981,4.091447,14875.74571
39.39939,0.3285181,12.77292981,4.091447,14876.71498
39.40939,0.3281759,12.77292981,4.091447,14877.68119
39.41939,0.3278336,12.77292981,4.091447,14878.64741
39.42939,0.3274914,12.77292981,4.091447,14879.61362
39.43939,0.3271492,12.77292981,4.091447,14880.57679
39.44939,0.3268071,12.77292981,4.091447,14881.53996
39.45938,0.3264649,12.77292981,4.091447,14882.50313
39.46938,0.3261228,12.77292981,4.091447,14883.46325
39.47938,0.3257807,12.77292981,4.091447,14884.42337
39.48938,0.3254386,12.77292981,4.091447,14885.38349
39.49938,0.3250966,12.77292981,4.091447,14886.34361
39.50938,0.3247546,12.77292981,4.091447,14887.30068
39.51937,0.3244126,12.77292981,4.091447,14888.2547
39.52937,0.3240707,12.77292981,4.091447,14889.21178
39.53937,0.3237287,12.77292981,4.091447,14890.1658
39.54937,0.3233868,12.77292981,4.091447,14891.11982
39.55937,0.3230449,12.77292981,4.091447,14892.0708
39.56937,0.3227031,12.77292981,4.091447,14893.02178
39.57936,0.3223612,12.77292981,4.091447,14893.97275
39.58936,0.3220194,12.77292981,4.091447,14894.92068
39.59936,0.3216777,12.77292981,4.091447,14895.86861
39.60936,0.3213359,12.77292981,4.091447,14896.81654
39.61936,0.3209941,12.77292981,4.091447,14897.76142
39.62936,0.3206524,12.77292981,4.091447,14898.7063
39.63935,0.3203107,12.77292981,4.091447,14899.65118
39.64935,0.3199691,12.77292981,4.091447,14900.59301
39.65935,0.3196274,12.77292981,4.091447,14901.53484
39.66935,0.3192858,12.77292981,4.091447,14902.47667
39.67935,0.3189442,12.77292981,4.091447,14903.4185
39.68935,0.3186027,12.77292981,4.091447,14904.35729
39.69934,0.3182611,12.77292981,4.091447,14905.29607
39.70934,0.3179196,12.77292981,4.091447,14906.23181
39.71934,0.3175781,12.77292981,4.091447,14907.16754
39.72934,0.3172367,12.77292981,4.091447,14908.10328
39.73934,0.3168952,12.77292981,4.091447,14909.03597
39.74934,0.3165538,12.77292981,4.091447,14909.96866
39.75933,0.3162124,12.77292981,4.091447,14910.90134
39.76933,0.3158711,12.77292981,4.091447,14911.83403
39.77933,0.3155297,12.77292981,4.091447,14912.76367
39.78933,0.3151884,12.77292981,4.091447,14913.69026
39.79933,0.3148471,12.77292981,4.091447,14914.6199
39.80933,0.3145058,12.77292981,4.091447,14915.5465
39.81932,0.3141646,12.77292981,4.091447,14916.47309
39.82932,0.3138234,12.77292981,4.091447,14917.39663
39.83932,0.3134822,12.77292981,4.091447,14918.32018
39.84932,0.313141,12.77292981,4.091447,14919.24372
39.85932,0.3127998,12.77292981,4.091447,14920.16726
39.86932,0.3124587,12.77292981,4.091447,14921.08776
39.87931,0.3121176,12.77292981,4.091447,14922.00521
39.88931,0.3117765,12.77292981,4.091447,14922.9257
39.89931,0.3114355,12.77292981,4.091447,14923.84315
39.90931,0.3110944,12.77292981,4.091447,14924.7606
39.91931,0.3107534,12.77292981,4.091447,14925.675
39.92931,0.3104125,12.77292981,4.091447,14926.5894
39.9393,0.3100715,12.77292981,4.091447,14927.5038
39.9493,0.3097306,12.77292981,4.091447,14928.4182
39.9593,0.3093897,12.77292981,4.091447,14929.32955
39.9693,0.3090488,12.77292981,4.091447,14930.2409
39.9793,0.3087079,12.77292981,4.091447,14931.14921
39.9893,0.308367,12.77292981,4.091447,14932.06056
39.99929,0.3080262,12.77292981,4.091447,14932.96886
40.00929,0.3076855,12.77292981,4.091447,14933.87412
40.01929,0.3073447,12.77292981,4.091447,14934.77938
40.02929,0.3070039,12.77292981,4.091447,14935.68463
40.03929,0.3066632,12.77292981,4.091447,14936.58989
40.04929,0.3063225,12.77292981,4.091447,14937.4921
40.05928,0.3059818,12.77292981,4.091447,14938.3943
40.06928,0.3056412,12.77292981,4.091447,14939.29346
40.07928,0.3053005,12.77292981,4.091447,14940.19567
40.08928,0.30496,12.77292981,4.091447,14941.09483
40.09928,0.3046194,12.77292981,4.091447,14941.99094
40.10928,0.3042788,12.77292981,4.091447,14942.88706
40.11927,0.3039383,12.77292981,4.091447,14943.78317
40.12927,0.3035977,12.77292981,4.091447,14944.67928
40.13927,0.3032573,12.77292981,4.091447,14945.57234
40.14927,0.3029168,12.77292981,4.091447,14946.46541
40.15927,0.3025763,12.77292981,4.091447,14947.35847
40.16927,0.3022359,12.77292981,4.091447,14948.24849
40.17926,0.3018955,12.77292981,4.091447,14949.1385
40.18926,0.3015552,12.77292981,4.091447,14950.02547
40.19926,0.3012148,12.77292981,4.091447,14950.91244
40.20926,0.3008745,12.77292981,4.091447,14951.79941
40.21926,0.3005342,12.77292981,4.091447,14952.68638
40.22926,0.3001939,12.77292981,4.091447,14953.5703
40.23925,0.2998536,12.77292981,4.091447,14954.45422
40.24925,0.2995134,12.77292981,4.091447,14955.33814
40.25925,0.2991731,12.77292981,4.091447,14956.21901
40.26925,0.298833,12.77292981,4.091447,14957.09988
40.27925,0.2984928,12.77292981,4.091447,14957.98075
40.28925,0.2981527,12.77292981,4.091447,14958.85858
40.29924,0.2978125,12.77292981,4.091447,14959.7364
40.30924,0.2974724,12.77292981,4.091447,14960.61422
40.31924,0.2971323,12.77292981,4.091447,14961.489
40.32924,0.2967923,12.77292981,4.091447,14962.36378
40.33924,0.2964522,12.77292981,4.091447,14963.23855
40.34924,0.2961122,12.77292981,4.091447,14964.11028
40.35923,0.2957723,12.77292981,4.091447,14964.98201
40.36923,0.2954323,12.77292981,4.091447,14965.85374
40.37923,0.2950923,12.77292981,4.091447,14966.72242
40.38923,0.2947524,12.77292981,4.091447,14967.5911
40.39923,0.2944125,12.77292981,4.091447,14968.45978
40.40923,0.2940726,12.77292981,4.091447,14969.32541
40.41922,0.2937328,12.77292981,4.091447,14970.19104
40.42922,0.2933929,12.77292981,4.091447,14971.05667
40.43922,0.2930531,12.77292981,4.091447,14971.91926
40.44922,0.2927133,12.77292981,4.091447,14972.78184
40.45922,0.2923736,12.77292981,4.091447,14973.64442
40.46922,0.2920338,12.77292981,4.091447,14974.50396
40.47921,0.2916941,12.77292981,4.091447,14975.3635
40.48921,0.2913544,12.77292981,4.091447,14976.22303
40.49921,0.2910147,12.77292981,4.091447,14977.07952
40.50921,0.290675,12.77292981,4.091447,14977.93601
40.51921,0.2903354,12.77292981,4.091447,14978.7925
40.52921,0.2899958,12.77292981,4.091447,14979.64898
40.5392,0.2896562,12.77292981,4.091447,14980.50242
40.5492,0.2893166,12.77292981,4.091447,14981.35586
40.5592,0.2889771,12.77292981,4.091447,14982.20626
40.5692,0.2886375,12.77292981,4.091447,14983.05665
40.5792,0.2882981,12.77292981,4.091447,14983.90704
40.5892,0.2879586,12.77292981,4.091447,14984.75438
40.59919,0.2876191,12.77292981,4.091447,14985.60173
40.60919,0.2872797,12.77292981,4.091447,14986.44907
40.61919,0.2869402,12.77292981,4.091447,14987.29337
40.62919,0.2866008,12.77292981,4.091447,14988.13766
40.63919,0.2862615,12.77292981,4.091447,14988.98196
40.64919,0.2859221,12.77292981,4.091447,14989.82626
40.65918,0.2855828,12.77292981,4.091447,14990.6675
40.66918,0.2852435,12.77292981,4.091447,14991.50875
40.67918,0.2849042,12.77292981,4.091447,14992.34695
40.68918,0.2845649,12.77292981,4.091447,14993.18515
40.69918,0.2842257,12.77292981,4.091447,14994.02335
40.70918,0.2838864,12.77292981,4.091447,14994.86155
40.71917,0.2835472,12.77292981,4.091447,14995.6967
40.72917,0.283208,12.77292981,4.091447,14996.53186
40.73917,0.2828689,12.77292981,4.091447,14997.36396
40.74917,0.2825297,12.77292981,4.091447,14998.19606
40.75917,0.2821906,12.77292981,4.091447,14999.02817
40.76917,0.2818515,12.77292981,4.091447,14999.86027
40.77916,0.2815124,12.77292981,4.091447,15000.68933
40.78916,0.2811734,12.77292981,4.091447,15001.51838
40.79916,0.2808343,12.77292981,4.091447,15002.34439
40.80916,0.2804953,12.77292981,4.091447,15003.1704
40.81916,0.2801563,12.77292981,4.091447,15003.99641
40.82915,0.2798173,12.77292981,4.091447,15004.82242
40.83915,0.2794784,12.77292981,4.091447,15005.64538
40.84915,0.2791395,12.77292981,4.091447,15006.46834
40.85915,0.2788006,12.77292981,4.091447,15007.2913
40.86915,0.2784617,12.77292981,4.091447,15008.11121
40.87915,0.2781228,12.77292981,4.091447,15008.92807
40.88914,0.277784,12.77292981,4.091447,15009.74798
40.89914,0.2774451,12.77292981,4.091447,15010.5679
40.90914,0.2771063,12.77292981,4.091447,15011.38476
40.91914,0.2767675,12.77292981,4.091447,15012.19858
40.92914,0.2764288,12.77292981,4.091447,15013.01239
40.93914,0.27609,12.77292981,4.091447,15013.82621
40.94913,0.2757513,12.77292981,4.091447,15014.64002
40.95913,0.2754126,12.77292981,4.091447,15015.45079
40.96913,0.2750739,12.77292981,4.091447,15016.26156
40.97913,0.2747353,12.77292981,4.091447,15017.07233
40.98913,0.2743966,12.77292981,4.091447,15017.88005
40.99913,0.274058,12.77292981,4.091447,15018.68777
41.00912,0.2737194,12.77292981,4.091447,15019.49244
41.01912,0.2733808,12.77292981,4.091447,15020.30016
41.02912,0.2730423,12.77292981,4.091447,15021.10483
41.03912,0.2727037,12.77292981,4.091447,15021.9095
41.04912,0.2723652,12.77292981,4.091447,15022.71113
41.05912,0.2720267,12.77292981,4.091447,15023.51275
41.06911,0.2716882,12.77292981,4.091447,15024.31133
41.07911,0.2713498,12.77292981,4.091447,15025.11295
41.08911,0.2710113,12.77292981,4.091447,15025.91153
41.09911,0.2706729,12.77292981,4.091447,15026.7101
41.10911,0.2703345,12.77292981,4.091447,15027.50563
41.11911,0.2699961,12.77292981,4.091447,15028.30116
41.1291,0.2696577,12.77292981,4.091447,15029.09364
41.1391,0.2693194,12.77292981,4.091447,15029.88917
41.1491,0.2689811,12.77292981,4.091447,15030.68165
41.1591,0.2686428,12.77292981,4.091447,15031.47413
41.1691,0.2683045,12.77292981,4.091447,15032.26356
41.1791,0.2679662,12.77292981,4.091447,15033.05299
41.18909,0.267628,12.77292981,4.091447,15033.84242
41.19909,0.2672898,12.77292981,4.091447,15034.62881
41.20909,0.2669516,12.77292981,4.091447,15035.41824
41.21909,0.2666134,12.77292981,4.091447,15036.20462
41.22909,0.2662753,12.77292981,4.091447,15036.98796
41.23909,0.2659371,12.77292981,4.091447,15037.7713
41.24908,0.265599,12.77292981,4.091447,15038.55463
41.25908,0.2652609,12.77292981,4.091447,15039.33492
41.26908,0.2649228,12.77292981,4.091447,15040.11521
41.27908,0.2645847,12.77292981,4.091447,15040.8955
41.28908,0.2642467,12.77292981,4.091447,15041.67578
41.29908,0.2639087,12.77292981,4.091447,15042.45302
41.30907,0.2635707,12.77292981,4.091447,15043.23026
41.31907,0.2632327,12.77292981,4.091447,15044.00446
41.32907,0.2628947,12.77292981,4.091447,15044.7817
41.33907,0.2625568,12.77292981,4.091447,15045.55284
41.34907,0.2622188,12.77292981,4.091447,15046.32703
41.35907,0.2618809,12.77292981,4.091447,15047.09818
41.36906,0.261543,12.77292981,4.091447,15047.86932
41.37906,0.2612052,12.77292981,4.091447,15048.63742
41.38906,0.2608673,12.77292981,4.091447,15049.40856
41.39906,0.2605295,12.77292981,4.091447,15050.17361
41.40906,0.2601917,12.77292981,4.091447,15050.9417
41.41906,0.2598539,12.77292981,4.091447,15051.70675
41.42905,0.2595161,12.77292981,4.091447,15052.4718
41.43905,0.2591784,12.77292981,4.091447,15053.2338
41.44905,0.2588407,12.77292981,4.091447,15053.99885
41.45905,0.2585029,12.77292981,4.091447,15054.76085
41.46905,0.2581652,12.77292981,4.091447,15055.5198
41.47905,0.2578276,12.77292981,4.091447,15056.2818
41.48904,0.2574899,12.77292981,4.091447,15057.0377
41.49904,0.2571523,12.77292981,4.091447,15057.79666
41.50904,0.2568146,12.77292981,4.091447,15058.55256
41.51904,0.256477,12.77292981,4.091447,15059.30846
41.52904,0.2561395,12.77292981,4.091447,15060.06437
41.53904,0.2558019,12.77292981,4.091447,15060.81722
41.54903,0.2554643,12.77292981,4.091447,15061.57008
41.55903,0.2551268,12.77292981,4.091447,15062.32294
41.56903,0.2547893,12.77292981,4.091447,15063.07274
41.57903,0.2544518,12.77292981,4.091447,15063.82255
41.58903,0.2541144,12.77292981,4.091447,15064.57236
41.59903,0.2537769,12.77292981,4.091447,15065.31912
41.60902,0.2534395,12.77292981,4.091447,15066.06588
41.61902,0.253102,12.77292981,4.091447,15066.81264
41.62902,0.2527646,12.77292981,4.091447,15067.55635
41.63902,0.2524273,12.77292981,4.091447,15068.30006
41.64902,0.2520899,12.77292981,4.091447,15069.04378
41.65902,0.2517526,12.77292981,4.091447,15069.78444
41.66901,0.2514153,12.77292981,4.091447,15070.5251
41.67901,0.251078,12.77292981,4.091447,15071.26577
41.68901,0.2507406,12.77292981,4.091447,15072.00643
41.69901,0.2504034,12.77292981,4.091447,15072.74405
41.70901,0.2500661,12.77292981,4.091447,15073.48166
41.71901,0.2497289,12.77292981,4.091447,15074.21623
41.729,0.2493917,12.77292981,4.091447,15074.9508
41.739,0.2490545,12.77292981,4.091447,15075.68537
41.749,0.2487173,12.77292981,4.091447,15076.41689
41.759,0.2483802,12.77292981,4.091447,15077.14841
41.769,0.248043,12.77292981,4.091447,15077.87993
41.779,0.2477059,12.77292981,4.091447,15078.61145
41.78899,0.2473688,12.77292981,4.091447,15079.33992
41.79899,0.2470317,12.77292981,4.091447,15080.06839
41.80899,0.2466947,12.77292981,4.091447,15080.79382
41.81899,0.2463576,12.77292981,4.091447,15081.51924
41.82899,0.2460206,12.77292981,4.091447,15082.24466
41.83899,0.2456836,12.77292981,4.091447,15082.97009
41.84898,0.2453466,12.77292981,4.091447,15083.69246
41.85898,0.2450096,12.77292981,4.091447,15084.41484
41.86898,0.2446726,12.77292981,4.091447,15085.13417
41.87898,0.2443357,12.77292981,4.091447,15085.85654
41.88898,0.2439988,12.77292981,4.091447,15086.57587
41.89898,0.2436618,12.77292981,4.091447,15087.29215
41.90897,0.243325,12.77292981,4.091447,15088.00843
41.91897,0.2429881,12.77292981,4.091447,15088.72471
41.92897,0.2426512,12.77292981,4.091447,15089.44099
41.93897,0.2423144,12.77292981,4.091447,15090.15422
41.94897,0.2419776,12.77292981,4.091447,15090.86746
41.95897,0.2416408,12.77292981,4.091447,15091.58069
41.96896,0.241304,12.77292981,4.091447,15092.29087
41.97896,0.2409672,12.77292981,4.091447,15093.00106
41.98896,0.2406305,12.77292981,4.091447,15093.71124
41.99896,0.2402937,12.77292981,4.091447,15094.41838
42.00896,0.239957,12.77292981,4.091447,15095.12551
42.01896,0.2396203,12.77292981,4.091447,15095.83265
42.02895,0.2392836,12.77292981,4.091447,15096.53674
42.03895,0.238947,12.77292981,4.091447,15097.24082
42.04895,0.2386103,12.77292981,4.091447,15097.94186
42.05895,0.2382737,12.77292981,4.091447,15098.64595
42.06895,0.2379371,12.77292981,4.091447,15099.34699
42.07895,0.2376005,12.77292981,4.091447,15100.04803
42.08894,0.2372639,12.77292981,4.091447,15100.74602
42.09894,0.2369274,12.77292981,4.091447,15101.44402
42.10894,0.2365908,12.77292981,4.091447,15102.13896
42.11894,0.2362543,12.77292981,4.091447,15102.83695
42.12894,0.2359178,12.77292981,4.091447,15103.5319
42.13894,0.2355813,12.77292981,4.091447,15104.22684
42.14893,0.2352448,12.77292981,4.091447,15104.91874
42.15893,0.2349084,12.77292981,4.091447,15105.61063
42.16893,0.2345719,12.77292981,4.091447,15106.30253
42.17893,0.2342355,12.77292981,4.091447,15106.99138
42.18893,0.2338991,12.77292981,4.091447,15107.68022
42.19893,0.2335627,12.77292981,4.091447,15108.36907
42.20892,0.2332263,12.77292981,4.091447,15109.05487
42.21892,0.23289,12.77292981,4.091447,15109.74067
42.22892,0.2325536,12.77292981,4.091447,15110.42647
42.23892,0.2322173,12.77292981,4.091447,15111.11227
42.24892,0.231881,12.77292981,4.091447,15111.79502
42.25891,0.2315447,12.77292981,4.091447,15112.47778
42.26891,0.2312084,12.77292981,4.091447,15113.15748
42.27891,0.2308722,12.77292981,4.091447,15113.83718
42.28891,0.2305359,12.77292981,4.091447,15114.51689
42.29891,0.2301997,12.77292981,4.091447,15115.19659
42.30891,0.2298635,12.77292981,4.091447,15115.87325
42.3189,0.2295273,12.77292981,4.091447,15116.5499
42.3289,0.2291911,12.77292981,4.091447,15117.22351
42.3389,0.228855,12.77292981,4.091447,15117.89712
42.3489,0.2285188,12.77292981,4.091447,15118.57073
42.3589,0.2281827,12.77292981,4.091447,15119.24434
42.3689,0.2278466,12.77292981,4.091447,15119.9149
42.37889,0.2275105,12.77292981,4.091447,15120.58546
42.38889,0.2271744,12.77292981,4.091447,15121.25297
42.39889,0.2268384,12.77292981,4.091447,15121.92353
42.40889,0.2265024,12.77292981,4.091447,15122.58799
42.41889,0.2261663,12.77292981,4.091447,15123.2555
42.42889,0.2258303,12.77292981,4.091447,15123.91997
42.43888,0.2254943,12.77292981,4.091447,15124.58443
42.44888,0.2251583,12.77292981,4.091447,15125.2489
42.45888,0.2248224,12.77292981,4.091447,15125.91031
42.46888,0.2244864,12.77292981,4.091447,15126.57173
42.47888,0.2241505,12.77292981,4.091447,15127.23314
42.48888,0.2238146,12.77292981,4.091447,15127.89151
42.49887,0.2234787,12.77292981,4.091447,15128.54988
42.50887,0.2231428,12.77292981,4.091447,15129.20825
42.51887,0.2228069,12.77292981,4.091447,15129.86357
42.52887,0.2224711,12.77292981,4.091447,15130.51889
42.53887,0.2221353,12.77292981,4.091447,15131.17421
42.54887,0.2217994,12.77292981,4.091447,15131.82648
42.55886,0.2214637,12.77292981,4.091447,15132.47875
42.56886,0.2211279,12.77292981,4.091447,15133.13102
42.57886,0.2207921,12.77292981,4.091447,15133.78025
42.58886,0.2204563,12.77292981,4.091447,15134.42947
42.59886,0.2201206,12.77292981,4.091447,15135.0787
42.60886,0.2197849,12.77292981,4.091447,15135.72792
42.61885,0.2194492,12.77292981,4.091447,15136.3741
42.62885,0.2191135,12.77292981,4.091447,15137.02027
42.63885,0.2187778,12.77292981,4.091447,15137.6634
42.64885,0.2184421,12.77292981,4.091447,15138.30653
42.65885,0.2181065,12.77292981,4.091447,15138.94966
42.66885,0.2177709,12.77292981,4.091447,15139.59278
42.67884,0.2174353,12.77292981,4.091447,15140.23286
42.68884,0.2170997,12.77292981,4.091447,15140.87294
42.69884,0.2167641,12.77292981,4.091447,15141.50998
42.70884,0.2164285,12.77292981,4.091447,15142.14701
42.71884,0.216093,12.77292981,4.091447,15142.78404
42.72884,0.2157574,12.77292981,4.091447,15143.42107
42.73883,0.2154219,12.77292981,4.091447,15144.05506
42.74883,0.2150864,12.77292981,4.091447,15144.68904
42.75883,0.2147509,12.77292981,4.091447,15145.32302
42.76883,0.2144154,12.77292981,4.091447,15145.95396
42.77883,0.21408,12.77292981,4.091447,15146.5849
42.78883,0.2137445,12.77292981,4.091447,15147.21583
42.79882,0.2134091,12.77292981,4.091447,15147.84372
42.80882,0.2130737,12.77292981,4.091447,15148.47161
42.81882,0.2127383,12.77292981,4.091447,15149.09645
42.82882,0.2124029,12.77292981,4.091447,15149.72434
42.83882,0.2120675,12.77292981,4.091447,15150.34918
42.84882,0.2117322,12.77292981,4.091447,15150.97097
42.85881,0.2113969,12.77292981,4.091447,15151.59581
42.86881,0.2110615,12.77292981,4.091447,15152.2176
42.87881,0.2107262,12.77292981,4.091447,15152.83634
42.88881,0.2103909,12.77292981,4.091447,15153.45814
42.89881,0.2100557,12.77292981,4.091447,15154.07688
42.90881,0.2097204,12.77292981,4.091447,15154.69258
42.9188,0.2093852,12.77292981,4.091447,15155.31132
42.9288,0.2090499,12.77292981,4.091447,15155.92702
42.9388,0.2087147,12.77292981,4.091447,15156.53966
42.9488,0.2083795,12.77292981,4.091447,15157.15536
42.9588,0.2080443,12.77292981,4.091447,15157.76801
42.9688,0.2077091,12.77292981,4.091447,15158.38066
42.97879,0.207374,12.77292981,4.091447,15158.99026
42.98879,0.2070388,12.77292981,4.091447,15159.59986
42.99879,0.2067037,12.77292981,4.091447,15160.20946
43.00879,0.2063686,12.77292981,4.091447,15160.81601
43.01879,0.2060335,12.77292981,4.091447,15161.42561
43.02879,0.2056984,12.77292981,4.091447,15162.03216
43.03878,0.2053633,12.77292981,4.091447,15162.63566
43.04878,0.2050283,12.77292981,4.091447,15163.23917
43.05878,0.2046932,12.77292981,4.091447,15163.84267
43.06878,0.2043582,12.77292981,4.091447,15164.44313
43.07878,0.2040232,12.77292981,4.091447,15165.04663
43.08878,0.2036882,12.77292981,4.091447,15165.64404
43.09877,0.2033532,12.77292981,4.091447,15166.2445
43.10877,0.2030183,12.77292981,4.091447,15166.8419
43.11877,0.2026833,12.77292981,4.091447,15167.43931
43.12877,0.2023484,12.77292981,4.091447,15168.03367
43.13877,0.2020134,12.77292981,4.091447,15168.63108
43.14877,0.2016785,12.77292981,4.091447,15169.22544
43.15876,0.2013436,12.77292981,4.091447,15169.81675
43.16876,0.2010088,12.77292981,4.091447,15170.40806
43.17876,0.2006739,12.77292981,4.091447,15170.99938
43.18876,0.200339,12.77292981,4.091447,15171.59069
43.19876,0.2000042,12.77292981,4.091447,15172.17895
43.20876,0.1996694,12.77292981,4.091447,15172.76722
43.21875,0.1993346,12.77292981,4.091447,15173.35548
43.22875,0.1989998,12.77292981,4.091447,15173.9407
43.23875,0.198665,12.77292981,4.091447,15174.52591
43.24875,0.1983302,12.77292981,4.091447,15175.11113
43.25875,0.1979955,12.77292981,4.091447,15175.6933
43.26875,0.1976607,12.77292981,4.091447,15176.27546
43.27874,0.197326,12.77292981,4.091447,15176.85763
43.28874,0.1969913,12.77292981,4.091447,15177.43675
43.29874,0.1966566,12.77292981,4.091447,15178.01587
43.30874,0.1963219,12.77292981,4.091447,15178.59499
43.31874,0.1959872,12.77292981,4.091447,15179.17411
43.32874,0.1956525,12.77292981,4.091447,15179.75018
43.33873,0.1953179,12.77292981,4.091447,15180.32321
43.34873,0.1949833,12.77292981,4.091447,15180.89928
43.35873,0.1946486,12.77292981,4.091447,15181.4723
43.36873,0.194314,12.77292981,4.091447,15182.04533
43.37873,0.1939794,12.77292981,4.091447,15182.6153
43.38873,0.1936448,12.77292981,4.091447,15183.18833
43.39872,0.1933103,12.77292981,4.091447,15183.75526
43.40872,0.1929757,12.77292981,4.091447,15184.32523
43.41872,0.1926412,12.77292981,4.091447,15184.89216
43.42872,0.1923066,12.77292981,4.091447,15185.45909
43.43872,0.1919721,12.77292981,4.091447,15186.02297
43.44872,0.1916376,12.77292981,4.091447,15186.5899
43.45871,0.1913031,12.77292981,4.091447,15187.15073
43.46871,0.1909686,12.77292981,4.091447,15187.71461
43.47871,0.1906342,12.77292981,4.091447,15188.27544
43.48871,0.1902997,12.77292981,4.091447,15188.83627
43.49871,0.1899652,12.77292981,4.091447,15189.3971
43.50871,0.1896308,12.77292981,4.091447,15189.95489
43.5187,0.1892964,12.77292981,4.091447,15190.51267
43.5287,0.188962,12.77292981,4.091447,15191.06741
43.5387,0.1886276,12.77292981,4.091447,15191.62519
43.5487,0.1882932,12.77292981,4.091447,15192.17993
43.5587,0.1879589,12.77292981,4.091447,15192.73162
43.5687,0.1876245,12.77292981,4.091447,15193.2833
43.57869,0.1872902,12.77292981,4.091447,15193.83499
43.58869,0.1869558,12.77292981,4.091447,15194.38668
43.59869,0.1866215,12.77292981,4.091447,15194.93532
43.60869,0.1862872,12.77292981,4.091447,15195.48396
43.61869,0.1859529,12.77292981,4.091447,15196.0326
43.62868,0.1856186,12.77292981,4.091447,15196.57819
43.63868,0.1852844,12.77292981,4.091447,15197.12378
43.64868,0.1849501,12.77292981,4.091447,15197.66938
43.65868,0.1846159,12.77292981,4.091447,15198.21497
43.66868,0.1842816,12.77292981,4.091447,15198.75751
43.67868,0.1839474,12.77292981,4.091447,15199.29701
43.68867,0.1836132,12.77292981,4.091447,15199.83955
43.69867,0.183279,12.77292981,4.091447,15200.37905
43.70867,0.1829448,12.77292981,4.091447,15200.91854
43.71867,0.1826107,12.77292981,4.091447,15201.45499
43.72867,0.1822765,12.77292981,4.091447,15201.99144
43.73867,0.1819424,12.77292981,4.091447,15202.52789
43.74866,0.1816082,12.77292981,4.091447,15203.06434
43.75866,0.1812741,12.77292981,4.091447,15203.59774
43.76866,0.18094,12.77292981,4.091447,15204.13114
43.77866,0.1806059,12.77292981,4.091447,15204.66149
43.78866,0.1802718,12.77292981,4.091447,15205.19184
43.79866,0.1799378,12.77292981,4.091447,15205.72219
43.80865,0.1796037,12.77292981,4.091447,15206.25254
43.81865,0.1792697,12.77292981,4.091447,15206.77985
43.82865,0.1789356,12.77292981,4.091447,15207.30715
43.83865,0.1786016,12.77292981,4.091447,15207.83141
43.84865,0.1782676,12.77292981,4.091447,15208.35871
43.85865,0.1779336,12.77292981,4.091447,15208.88297
43.86864,0.1775996,12.77292981,4.091447,15209.40418
43.87864,0.1772656,12.77292981,4.091447,15209.92538
43.88864,0.1769317,12.77292981,4.091447,15210.44659
43.89864,0.1765977,12.77292981,4.091447,15210.9678
43.90864,0.1762638,12.77292981,4.091447,15211.48596
43.91864,0.1759298,12.77292981,4.091447,15212.00412
43.92863,0.1755959,12.77292981,4.091447,15212.52228
43.93863,0.175262,12.77292981,4.091447,15213.03739
43.94863,0.1749281,12.77292981,4.091447,15213.5525
43.95863,0.1745943,12.77292981,4.091447,15214.06762
43.96863,0.1742604,12.77292981,4.091447,15214.58273
43.97863,0.1739265,12.77292981,4.091447,15215.09479
43.98862,0.1735927,12.77292981,4.091447,15215.60381
43.99862,0.1732588,12.77292981,4.091447,15216.11587
44.00862,0.172925,12.77292981,4.091447,15216.62489
44.01862,0.1725912,12.77292981,4.091447,15217.1339
44.02862,0.1722574,12.77292981,4.091447,15217.63987
44.03862,0.1719236,12.77292981,4.091447,15218.14584
44.04861,0.1715899,12.77292981,4.091447,15218.65181
44.05861,0.1712561,12.77292981,4.091447,15219.15473
44.06861,0.1709223,12.77292981,4.091447,15219.6607
44.07861,0.1705886,12.77292981,4.091447,15220.16057
44.08861,0.1702549,12.77292981,4.091447,15220.66349
44.09861,0.1699211,12.77292981,4.091447,15221.16336
44.1086,0.1695874,12.77292981,4.091447,15221.66323
44.1186,0.1692537,12.77292981,4.091447,15222.16006
44.1286,0.1689201,12.77292981,4.091447,15222.65993
44.1386,0.1685864,12.77292981,4.091447,15223.1537
44.1486,0.1682527,12.77292981,4.091447,15223.65053
44.1586,0.1679191,12.77292981,4.091447,15224.1443
44.16859,0.1675854,12.77292981,4.091447,15224.63808
44.17859,0.1672518,12.77292981,4.091447,15225.12881
44.18859,0.1669182,12.77292981,4.091447,15225.62258
44.19859,0.1665846,12.77292981,4.091447,15226.11331
44.20859,0.166251,12.77292981,4.091447,15226.60099
44.21859,0.1659174,12.77292981,4.091447,15227.08867
44.22858,0.1655838,12.77292981,4.091447,15227.5794
44.23858,0.1652503,12.77292981,4.091447,15228.06403
44.24858,0.1649167,12.77292981,4.091447,15228.55171
44.25858,0.1645832,12.77292981,4.091447,15229.03634
44.26858,0.1642496,12.77292981,4.091447,15229.51793
44.27858,0.1639161,12.77292981,4.091447,15230.00256
44.28857,0.1635826,12.77292981,4.091447,15230.48414
44.29857,0.1632491,12.77292981,4.091447,15230.96573
44.30857,0.1629156,12.77292981,4.091447,15231.44426
44.31857,0.1625822,12.77292981,4.091447,15231.9228
44.32857,0.1622487,12.77292981,4.091447,15232.40134
44.33857,0.1619153,12.77292981,4.091447,15232.87682
44.34856,0.1615818,12.77292981,4.091447,15233.35231
44.35856,0.1612484,12.77292981,4.091447,15233.8278
44.36856,0.160915,12.77292981,4.091447,15234.30024
44.37856,0.1605816,12.77292981,4.091447,15234.77573
44.38856,0.1602481,12.77292981,4.091447,15235.24512
44.39856,0.1599148,12.77292981,4.091447,15235.71756
44.40855,0.1595814,12.77292981,4.091447,15236.18695
44.41855,0.159248,12.77292981,4.091447,15236.65634
44.42855,0.1589147,12.77292981,4.091447,15237.12269
44.43855,0.1585813,12.77292981,4.091447,15237.58903
44.44855,0.158248,12.77292981,4.091447,15238.05538
44.45855,0.1579147,12.77292981,4.091447,15238.52172
44.46854,0.1575814,12.77292981,4.091447,15238.98502
44.47854,0.1572481,12.77292981,4.091447,15239.44831
44.48854,0.1569148,12.77292981,4.091447,15239.91161
44.49854,0.1565815,12.77292981,4.091447,15240.37186
44.50854,0.1562482,12.77292981,4.091447,15240.8321
44.51854,0.155915,12.77292981,4.091447,15241.2893
44.52853,0.1555817,12.77292981,4.091447,15241.74955
44.53853,0.1552485,12.77292981,4.091447,15242.20675
44.54853,0.1549152,12.77292981,4.091447,15242.6609
44.55853,0.154582,12.77292981,4.091447,15243.1181
44.56853,0.1542488,12.77292981,4.091447,15243.56921
44.57853,0.1539156,12.77292981,4.091447,15244.02336
44.58852,0.1535824,12.77292981,4.091447,15244.47751
44.59852,0.1532493,12.77292981,4.091447,15244.92862
44.60852,0.1529161,12.77292981,4.091447,15245.37667
44.61852,0.152583,12.77292981,4.091447,15245.82778
44.62852,0.1522498,12.77292981,4.091447,15246.27583
44.63852,0.1519167,12.77292981,4.091447,15246.72084
44.64851,0.1515835,12.77292981,4.091447,15247.1689
44.65851,0.1512504,12.77292981,4.091447,15247.6139
44.66851,0.1509173,12.77292981,4.091447,15248.05891
44.67851,0.1505842,12.77292981,4.091447,15248.50087
44.68851,0.1502512,12.77292981,4.091447,15248.94283
44.69851,0.1499181,12.77292981,4.091447,15249.38479
44.7085,0.149585,12.77292981,4.091447,15249.82675
44.7185,0.149252,12.77292981,4.091447,15250.26566
44.7285,0.1489189,12.77292981,4.091447,15250.70458
44.7385,0.1485859,12.77292981,4.091447,15251.14044
44.7485,0.1482529,12.77292981,4.091447,15251.5763
44.7585,0.1479198,12.77292981,4.091447,15252.01217
44.76849,0.1475869,12.77292981,4.091447,15252.44803
44.77849,0.1472539,12.77292981,4.091447,15252.88085
44.78849,0.1469209,12.77292981,4.091447,15253.31366
44.79849,0.1465879,12.77292981,4.091447,15253.74343
44.80849,0.1462549,12.77292981,4.091447,15254.17625
44.81849,0.145922,12.77292981,4.091447,15254.60602
44.82848,0.145589,12.77292981,4.091447,15255.03274
44.83848,0.1452561,12.77292981,4.091447,15255.4625
44.84848,0.1449232,12.77292981,4.091447,15255.88618
44.85848,0.1445903,12.77292981,4.091447,15256.3129
44.86848,0.1442574,12.77292981,4.091447,15256.73962
44.87848,0.1439245,12.77292981,4.091447,15257.16329
44.88847,0.1435916,12.77292981,4.091447,15257.58696
44.89847,0.1432587,12.77292981,4.091447,15258.00758
44.90847,0.1429259,12.77292981,4.091447,15258.42821
44.91847,0.142593,12.77292981,4.091447,15258.84883
44.92847,0.1422601,12.77292981,4.091447,15259.26641
44.93847,0.1419273,12.77292981,4.091447,15259.68398
44.94846,0.1415945,12.77292981,4.091447,15260.10156
44.95846,0.1412617,12.77292981,4.091447,15260.51609
44.96846,0.1409289,12.77292981,4.091447,15260.93062
44.97846,0.1405961,12.77292981,4.091447,15261.34514
44.98846,0.1402633,12.77292981,4.091447,15261.75967
44.99846,0.1399305,12.77292981,4.091447,15262.17115
45.00845,0.1395977,12.77292981,4.091447,15262.58263
45.01845,0.139265,12.77292981,4.091447,15262.99106
45.02845,0.1389322,12.77292981,4.091447,15263.3995
45.03845,0.1385995,12.77292981,4.091447,15263.80793
45.04845,0.1382667,12.77292981,4.091447,15264.21636
45.05844,0.137934,12.77292981,4.091447,15264.62174
45.06844,0.1376013,12.77292981,4.091447,15265.02713
45.07844,0.1372686,12.77292981,4.091447,15265.42946
45.08844,0.1369359,12.77292981,4.091447,15265.8318
45.09844,0.1366032,12.77292981,4.091447,15266.23414
45.10844,0.1362706,12.77292981,4.091447,15266.63647
45.11843,0.1359379,12.77292981,4.091447,15267.03576
45.12843,0.1356052,12.77292981,4.091447,15267.43505
45.13843,0.1352726,12.77292981,4.091447,15267.83434
45.14843,0.1349399,12.77292981,4.091447,15268.23058
45.15843,0.1346073,12.77292981,4.091447,15268.62682
45.16843,0.1342747,12.77292981,4.091447,15269.02306
45.17842,0.1339421,12.77292981,4.091447,15269.41625
45.18842,0.1336095,12.77292981,4.091447,15269.80944
45.19842,0.1332769,12.77292981,4.091447,15270.20263
45.20842,0.1329443,12.77292981,4.091447,15270.59278
45.21842,0.1326117,12.77292981,4.091447,15270.98292
45.22842,0.1322792,12.77292981,4.091447,15271.37306
45.23841,0.1319466,12.77292981,4.091447,15271.76016
45.24841,0.131614,12.77292981,4.091447,15272.14726
45.25841,0.1312815,12.77292981,4.091447,15272.53435
45.26841,0.130949,12.77292981,4.091447,15272.92145
45.27841,0.1306165,12.77292981,4.091447,15273.3055
45.28841,0.130284,12.77292981,4.091447,15273.68954
45.2984,0.1299514,12.77292981,4.091447,15274.07054
45.3084,0.1296189,12.77292981,4.091447,15274.45154
45.3184,0.1292865,12.77292981,4.091447,15274.83254
45.3284,0.128954,12.77292981,4.091447,15275.21354
45.3384,0.1286215,12.77292981,4.091447,15275.5915
45.3484,0.1282891,12.77292981,4.091447,15275.96945
45.35839,0.1279566,12.77292981,4.091447,15276.34435
45.36839,0.1276242,12.77292981,4.091447,15276.71926
45.37839,0.1272917,12.77292981,4.091447,15277.09416
45.38839,0.1269593,12.77292981,4.091447,15277.46906
45.39839,0.1266269,12.77292981,4.091447,15277.84092
45.40839,0.1262945,12.77292981,4.091447,15278.21278
45.41838,0.1259621,12.77292981,4.091447,15278.58463
45.42838,0.1256297,12.77292981,4.091447,15278.95344
45.43838,0.1252973,12.77292981,4.091447,15279.32225
45.44838,0.1249649,12.77292981,4.091447,15279.69106
45.45838,0.1246326,12.77292981,4.091447,15280.05682
45.46838,0.1243002,12.77292981,4.091447,15280.42258
45.47837,0.1239679,12.77292981,4.091447,15280.78834
45.48837,0.1236355,12.77292981,4.091447,15281.15105
45.49837,0.1233032,12.77292981,4.091447,15281.51376
45.50837,0.1229709,12.77292981,4.091447,15281.87647
45.51837,0.1226386,12.77292981,4.091447,15282.23614
45.52837,0.1223063,12.77292981,4.091447,15282.5958
45.53836,0.121974,12.77292981,4.091447,15282.95546
45.54836,0.1216417,12.77292981,4.091447,15283.31513
45.55836,0.1213094,12.77292981,4.091447,15283.67174
45.56836,0.1209771,12.77292981,4.091447,15284.02836
45.57836,0.1206448,12.77292981,4.091447,15284.38193
45.58836,0.1203126,12.77292981,4.091447,15284.7355
45.59835,0.1199803,12.77292981,4.091447,15285.08906
45.60835,0.1196481,12.77292981,4.091447,15285.44263
45.61835,0.1193159,12.77292981,4.091447,15285.79315
45.62835,0.1189836,12.77292981,4.091447,15286.14367
45.63835,0.1186514,12.77292981,4.091447,15286.49114
45.64835,0.1183192,12.77292981,4.091447,15286.83862
45.65834,0.117987,12.77292981,4.091447,15287.18609
45.66834,0.1176548,12.77292981,4.091447,15287.53356
45.67834,0.1173226,12.77292981,4.091447,15287.87798
45.68834,0.1169905,12.77292981,4.091447,15288.22241
45.69834,0.1166583,12.77292981,4.091447,15288.56683
45.70834,0.1163261,12.77292981,4.091447,15288.90821
45.71833,0.115994,12.77292981,4.091447,15289.24958
45.72833,0.1156619,12.77292981,4.091447,15289.59096
45.73833,0.1153297,12.77292981,4.091447,15289.92929
45.74833,0.1149976,12.77292981,4.091447,15290.26762
45.75833,0.1146655,12.77292981,4.091447,15290.6029
45.76833,0.1143334,12.77292981,4.091447,15290.94122
45.77832,0.1140013,12.77292981,4.091447,15291.2765
45.78832,0.1136692,12.77292981,4.091447,15291.61178
45.79832,0.1133371,12.77292981,4.091447,15291.94402
45.80832,0.113005,12.77292981,4.091447,15292.27625
45.81832,0.1126729,12.77292981,4.091447,15292.60848
45.82832,0.1123408,12.77292981,4.091447,15292.93766
45.83831,0.1120088,12.77292981,4.091447,15293.2699
45.84831,0.1116767,12.77292981,4.091447,15293.59603
45.85831,0.1113447,12.77292981,4.091447,15293.92522
45.86831,0.1110127,12.77292981,4.091447,15294.25135
45.87831,0.1106806,12.77292981,4.091447,15294.57444
45.88831,0.1103486,12.77292981,4.091447,15294.90058
45.8983,0.1100166,12.77292981,4.091447,15295.22366
45.9083,0.1096846,12.77292981,4.091447,15295.54675
45.9183,0.1093526,12.77292981,4.091447,15295.86984
45.9283,0.1090206,12.77292981,4.091447,15296.18988
45.9383,0.1086886,12.77292981,4.091447,15296.50992
45.9483,0.1083567,12.77292981,4.091447,15296.82996
45.95829,0.1080247,12.77292981,4.091447,15297.14695
45.96829,0.1076927,12.77292981,4.091447,15297.46394
45.97829,0.1073608,12.77292981,4.091447,15297.77789
45.98829,0.1070288,12.77292981,4.091447,15298.09183
45.99829,0.1066969,12.77292981,4.091447,15298.40578
46.00829,0.106365,12.77292981,4.091447,15298.71972
46.01828,0.106033,12.77292981,4.091447,15299.03366
46.02828,0.1057011,12.77292981,4.091447,15299.34456
46.03828,0.1053692,12.77292981,4.091447,15299.65241
46.04828,0.1050373,12.77292981,4.091447,15299.96026
46.05828,0.1047054,12.77292981,4.091447,15300.2681
46.06828,0.1043736,12.77292981,4.091447,15300.57595
46.07827,0.1040417,12.77292981,4.091447,15300.8838
46.08827,0.1037098,12.77292981,4.091447,15301.1886
46.09827,0.1033779,12.77292981,4.091447,15301.49035
46.10827,0.1030461,12.77292981,4.091447,15301.79515
46.11827,0.1027142,12.77292981,4.091447,15302.0969
46.12827,0.1023824,12.77292981,4.091447,15302.39866
46.13826,0.1020505,12.77292981,4.091447,15302.69736
46.14826,0.1017187,12.77292981,4.091447,15302.99606
46.15826,0.1013869,12.77292981,4.091447,15303.29477
46.16826,0.1010551,12.77292981,4.091447,15303.59347
46.17826,0.1007233,12.77292981,4.091447,15303.88913
46.18826,0.1003915,12.77292981,4.091447,15304.18478
46.19825,0.1000597,12.77292981,4.091447,15304.47739
46.20825,0.09972788,12.77292981,4.091447,15304.77
46.21825,0.0993961,12.77292981,4.091447,15305.06261
46.22825,0.09906433,12.77292981,4.091447,15305.35522
46.23825,0.09873256,12.77292981,4.091447,15305.64782
46.24825,0.09840081,12.77292981,4.091447,15305.93434
46.25824,0.09806905,12.77292981,4.091447,15306.2239
46.26824,0.0977373,12.77292981,4.091447,15306.51041
46.27824,0.09740557,12.77292981,4.091447,15306.79692
46.28824,0.09707383,12.77292981,4.091447,15307.08343
46.29824,0.0967421,12.77292981,4.091447,15307.3669
46.30824,0.09641039,12.77292981,4.091447,15307.65036
46.31823,0.09607867,12.77292981,4.091447,15307.93382
46.32823,0.09574696,12.77292981,4.091447,15308.21424
46.33823,0.09541527,12.77292981,4.091447,15308.49466
46.34823,0.09508357,12.77292981,4.091447,15308.77507
46.35823,0.09475189,12.77292981,4.091447,15309.05244
46.36823,0.09442021,12.77292981,4.091447,15309.32981
46.37822,0.09408854,12.77292981,4.091447,15309.60718
46.38822,0.09375687,12.77292981,4.091447,15309.88454
46.39822,0.09342521,12.77292981,4.091447,15310.15886
46.40822,0.09309356,12.77292981,4.091447,15310.43318
46.41822,0.09276191,12.77292981,4.091447,15310.70446
46.42822,0.09243027,12.77292981,4.091447,15310.97573
46.43821,0.09209863,12.77292981,4.091447,15311.247
46.44821,0.09176701,12.77292981,4.091447,15311.51827
46.45821,0.09143538,12.77292981,4.091447,15311.7865
46.46821,0.09110376,12.77292981,4.091447,15312.05472
46.47821,0.09077216,12.77292981,4.091447,15312.3199
46.4882,0.09044056,12.77292981,4.091447,15312.58507
46.4982,0.09010895,12.77292981,4.091447,15312.85025
46.5082,0.08977737,12.77292981,4.091447,15313.11542
46.5182,0.08944578,12.77292981,4.091447,15313.37755
46.5282,0.0891142,12.77292981,4.091447,15313.63968
46.5382,0.08878263,12.77292981,4.091447,15313.90181
46.54819,0.08845107,12.77292981,4.091447,15314.16089
46.55819,0.08811951,12.77292981,4.091447,15314.41997
46.56819,0.08778795,12.77292981,4.091447,15314.67905
46.57819,0.08745641,12.77292981,4.091447,15314.93508
46.58819,0.08712486,12.77292981,4.091447,15315.19111
46.59819,0.08679333,12.77292981,4.091447,15315.44714
46.60818,0.0864618,12.77292981,4.091447,15315.70013
46.61818,0.08613028,12.77292981,4.091447,15315.95311
46.62818,0.08579876,12.77292981,4.091447,15316.2061
46.63818,0.08546725,12.77292981,4.091447,15316.45603
46.64818,0.08513575,12.77292981,4.091447,15316.70597
46.65818,0.08480424,12.77292981,4.091447,15316.9559
46.66817,0.08447275,12.77292981,4.091447,15317.20584
46.67817,0.08414126,12.77292981,4.091447,15317.45273
46.68817,0.08380978,12.77292981,4.091447,15317.69962
46.69817,0.08347831,12.77292981,4.091447,15317.94346
46.70817,0.08314684,12.77292981,4.091447,15318.1873
46.71817,0.08281537,12.77292981,4.091447,15318.43114
46.72816,0.08248392,12.77292981,4.091447,15318.67498
46.73816,0.08215246,12.77292981,4.091447,15318.91577
46.74816,0.08182102,12.77292981,4.091447,15319.15656
46.75816,0.08148957,12.77292981,4.091447,15319.3943
46.76816,0.08115814,12.77292981,4.091447,15319.6351
46.77816,0.08082671,12.77292981,4.091447,15319.86979
46.78815,0.08049528,12.77292981,4.091447,15320.10754
46.79815,0.08016387,12.77292981,4.091447,15320.34223
46.80815,0.07983246,12.77292981,4.091447,15320.57693
46.81815,0.07950104,12.77292981,4.091447,15320.81162
46.82815,0.07916965,12.77292981,4.091447,15321.04327
46.83815,0.07883825,12.77292981,4.091447,15321.27492
46.84814,0.07850686,12.77292981,4.091447,15321.50657
46.85814,0.07817547,12.77292981,4.091447,15321.73517
46.86814,0.07784409,12.77292981,4.091447,15321.96377
46.87814,0.07751272,12.77292981,4.091447,15322.19237
46.88814,0.07718135,12.77292981,4.091447,15322.41792
46.89814,0.07684998,12.77292981,4.091447,15322.64347
46.90813,0.07651863,12.77292981,4.091447,15322.86902
46.91813,0.07618727,12.77292981,4.091447,15323.09458
46.92813,0.07585593,12.77292981,4.091447,15323.31708
46.93813,0.07552458,12.77292981,4.091447,15323.53654
46.94813,0.07519325,12.77292981,4.091447,15323.75904
46.95813,0.07486192,12.77292981,4.091447,15323.9785
46.96812,0.07453059,12.77292981,4.091447,15324.19795
46.97812,0.07419927,12.77292981,4.091447,15324.41741
46.98812,0.07386795,12.77292981,4.091447,15324.63382
46.99812,0.07353664,12.77292981,4.091447,15324.85022
47.00812,0.07320534,12.77292981,4.091447,15325.06358
47.01812,0.07287403,12.77292981,4.091447,15325.27999
47.02811,0.07254274,12.77292981,4.091447,15325.4903
47.03811,0.07221145,12.77292981,4.091447,15325.70366
47.04811,0.07188016,12.77292981,4.091447,15325.91398
47.05811,0.07154889,12.77292981,4.091447,15326.12429
47.06811,0.07121761,12.77292981,4.091447,15326.3346
47.07811,0.07088634,12.77292981,4.091447,15326.54186
47.0881,0.07055507,12.77292981,4.091447,15326.74913
47.0981,0.07022381,12.77292981,4.091447,15326.95639
47.1081,0.06989256,12.77292981,4.091447,15327.16061
47.1181,0.06956131,12.77292981,4.091447,15327.36482
47.1281,0.06923006,12.77292981,4.091447,15327.56904
47.1381,0.06889882,12.77292981,4.091447,15327.77021
47.14809,0.06856758,12.77292981,4.091447,15327.97138
47.15809,0.06823635,12.77292981,4.091447,15328.17254
47.16809,0.06790513,12.77292981,4.091447,15328.37066
47.17809,0.06757391,12.77292981,4.091447,15328.56878
47.18809,0.06724269,12.77292981,4.091447,15328.7669
47.19809,0.06691148,12.77292981,4.091447,15328.96502
47.20808,0.06658027,12.77292981,4.091447,15329.1601
47.21808,0.06624907,12.77292981,4.091447,15329.35212
47.22808,0.06591787,12.77292981,4.091447,15329.54719
47.23808,0.06558668,12.77292981,4.091447,15329.73922
47.24808,0.06525549,12.77292981,4.091447,15329.93124
47.25808,0.0649243,12.77292981,4.091447,15330.12326
47.26807,0.06459312,12.77292981,4.091447,15330.31224
47.27807,0.06426195,12.77292981,4.091447,15330.49817
47.28807,0.06393078,12.77292981,4.091447,15330.68714
47.29807,0.06359961,12.77292981,4.091447,15330.87307
47.30807,0.06326845,12.77292981,4.091447,15331.059
47.31807,0.0629373,12.77292981,4.091447,15331.24493
47.32806,0.06260614,12.77292981,4.091447,15331.42781
47.33806,0.06227499,12.77292981,4.091447,15331.61069
47.34806,0.06194385,12.77292981,4.091447,15331.79357
47.35806,0.06161271,12.77292981,4.091447,15331.9734
47.36806,0.06128158,12.77292981,4.091447,15332.15323
47.37806,0.06095044,12.77292981,4.091447,15332.33306
47.38805,0.06061932,12.77292981,4.091447,15332.50985
47.39805,0.06028819,12.77292981,4.091447,15332.68663
47.40805,0.05995707,12.77292981,4.091447,15332.86342
47.41805,0.05962596,12.77292981,4.091447,15333.0402
47.42805,0.05929485,12.77292981,4.091447,15333.21394
47.43805,0.05896375,12.77292981,4.091447,15333.38462
47.44804,0.05863264,12.77292981,4.091447,15333.55836
47.45804,0.05830155,12.77292981,4.091447,15333.72905
47.46804,0.05797045,12.77292981,4.091447,15333.89974
47.47804,0.05763936,12.77292981,4.091447,15334.06738
47.48804,0.05730828,12.77292981,4.091447,15334.23502
47.49804,0.0569772,12.77292981,4.091447,15334.40266
47.50803,0.05664612,12.77292981,4.091447,15334.5703
47.51803,0.05631505,12.77292981,4.091447,15334.73489
47.52803,0.05598398,12.77292981,4.091447,15334.89948
47.53803,0.05565291,12.77292981,4.091447,15335.06102
47.54803,0.05532185,12.77292981,4.091447,15335.22257
47.55803,0.05499079,12.77292981,4.091447,15335.38411
47.56802,0.05465974,12.77292981,4.091447,15335.54566
47.57802,0.05432869,12.77292981,4.091447,15335.70415
47.58802,0.05399764,12.77292981,4.091447,15335.86265
47.59802,0.0536666,12.77292981,4.091447,15336.02114
47.60802,0.05333556,12.77292981,4.091447,15336.17659
47.61802,0.05300453,12.77292981,4.091447,15336.33204
47.62801,0.0526735,12.77292981,4.091447,15336.48749
47.63801,0.05234247,12.77292981,4.091447,15336.63989
47.64801,0.05201145,12.77292981,4.091447,15336.79229
47.65801,0.05168043,12.77292981,4.091447,15336.94469
47.66801,0.05134941,12.77292981,4.091447,15337.09404
47.67801,0.0510184,12.77292981,4.091447,15337.24339
47.688,0.05068739,12.77292981,4.091447,15337.39274
47.698,0.05035638,12.77292981,4.091447,15337.5421
47.708,0.05002538,12.77292981,4.091447,15337.6884
47.718,0.04969438,12.77292981,4.091447,15337.83166
47.728,0.04936339,12.77292981,4.091447,15337.97796
47.738,0.0490324,12.77292981,4.091447,15338.12122
47.74799,0.0487014,12.77292981,4.091447,15338.26447
47.75799,0.04837041,12.77292981,4.091447,15338.40773
47.76799,0.04803942,12.77292981,4.091447,15338.54794
47.77799,0.04770843,12.77292981,4.091447,15338.6851
47.78799,0.04737744,12.77292981,4.091447,15338.8253
47.79799,0.04704646,12.77292981,4.091447,15338.96246
47.80798,0.04671548,12.77292981,4.091447,15339.09962
47.81798,0.04638449,12.77292981,4.091447,15339.23678
47.82798,0.04605352,12.77292981,4.091447,15339.3709
47.83798,0.04572254,12.77292981,4.091447,15339.50501
47.84798,0.04539157,12.77292981,4.091447,15339.63607
47.85798,0.0450606,12.77292981,4.091447,15339.77018
47.86797,0.04472964,12.77292981,4.091447,15339.90125
47.87797,0.04439867,12.77292981,4.091447,15340.02926
47.88797,0.04406771,12.77292981,4.091447,15340.16033
47.89797,0.04373675,12.77292981,4.091447,15340.28834
47.90797,0.04340579,12.77292981,4.091447,15340.41636
47.91796,0.04307484,12.77292981,4.091447,15340.54133
47.92796,0.04274388,12.77292981,4.091447,15340.6663
47.93796,0.04241293,12.77292981,4.091447,15340.79126
47.94796,0.04208198,12.77292981,4.091447,15340.91318
47.95796,0.04175103,12.77292981,4.091447,15341.0351
47.96796,0.04142009,12.77292981,4.091447,15341.15702
47.97795,0.04108915,12.77292981,4.091447,15341.2759
47.98795,0.04075821,12.77292981,4.091447,15341.39477
47.99795,0.04042728,12.77292981,4.091447,15341.51364
48.00795,0.04009634,12.77292981,4.091447,15341.63251
48.01795,0.03976541,12.77292981,4.091447,15341.74834
48.02795,0.03943447,12.77292981,4.091447,15341.86416
48.03794,0.03910355,12.77292981,4.091447,15341.97694
48.04794,0.03877262,12.77292981,4.091447,15342.09276
48.05794,0.0384417,12.77292981,4.091447,15342.20249
48.06794,0.03811078,12.77292981,4.091447,15342.31526
48.07794,0.03777986,12.77292981,4.091447,15342.42499
48.08794,0.03744894,12.77292981,4.091447,15342.53472
48.09793,0.03711802,12.77292981,4.091447,15342.64445
48.10793,0.03678711,12.77292981,4.091447,15342.75113
48.11793,0.0364562,12.77292981,4.091447,15342.85781
48.12793,0.03612529,12.77292981,4.091447,15342.96449
48.13793,0.03579438,12.77292981,4.091447,15343.06812
48.14793,0.03546347,12.77292981,4.091447,15343.17175
48.15792,0.03513257,12.77292981,4.091447,15343.27538
48.16792,0.03480167,12.77292981,4.091447,15343.37597
48.17792,0.03447078,12.77292981,4.091447,15343.47655
48.18792,0.03413988,12.77292981,4.091447,15343.57714
48.19792,0.03380898,12.77292981,4.091447,15343.67467
48.20792,0.03347809,12.77292981,4.091447,15343.77221
48.21791,0.0331472,12.77292981,4.091447,15343.86974
48.22791,0.03281631,12.77292981,4.091447,15343.96728
48.23791,0.03248543,12.77292981,4.091447,15344.06177
48.24791,0.03215454,12.77292981,4.091447,15344.15626
48.25791,0.03182366,12.77292981,4.091447,15344.2477
48.26791,0.03149278,12.77292981,4.091447,15344.33914
48.2779,0.0311619,12.77292981,4.091447,15344.43058
48.2879,0.03083102,12.77292981,4.091447,15344.52202
48.2979,0.03050014,12.77292981,4.091447,15344.61041
48.3079,0.03016927,12.77292981,4.091447,15344.6988
48.3179,0.0298384,12.77292981,4.091447,15344.78719
48.3279,0.02950753,12.77292981,4.091447,15344.87254
48.33789,0.02917666,12.77292981,4.091447,15344.95483
48.34789,0.0288458,12.77292981,4.091447,15345.04018
48.35789,0.02851493,12.77292981,4.091447,15345.12247
48.36789,0.02818407,12.77292981,4.091447,15345.20477
48.37789,0.02785321,12.77292981,4.091447,15345.28706
48.38789,0.02752235,12.77292981,4.091447,15345.36631
48.39788,0.02719149,12.77292981,4.091447,15345.44556
48.40788,0.02686064,12.77292981,4.091447,15345.52481
48.41788,0.02652978,12.77292981,4.091447,15345.60101
48.42788,0.02619893,12.77292981,4.091447,15345.67721
48.43788,0.02586808,12.77292981,4.091447,15345.75341
48.44788,0.02553723,12.77292981,4.091447,15345.82656
48.45787,0.02520639,12.77292981,4.091447,15345.90276
48.46787,0.02487554,12.77292981,4.091447,15345.97286
48.47787,0.0245447,12.77292981,4.091447,15346.04602
48.48787,0.02421385,12.77292981,4.091447,15346.11612
48.49787,0.02388301,12.77292981,4.091447,15346.18622
48.50787,0.02355218,12.77292981,4.091447,15346.25328
48.51786,0.02322134,12.77292981,4.091447,15346.32034
48.52786,0.0228905,12.77292981,4.091447,15346.38739
48.53786,0.02255967,12.77292981,4.091447,15346.45445
48.54786,0.02222884,12.77292981,4.091447,15346.51846
48.55786,0.02189801,12.77292981,4.091447,15346.58246
48.56786,0.02156718,12.77292981,4.091447,15346.64342
48.57785,0.02123635,12.77292981,4.091447,15346.70743
48.58785,0.02090552,12.77292981,4.091447,15346.76839
48.59785,0.0205747,12.77292981,4.091447,15346.8263
48.60785,0.02024388,12.77292981,4.091447,15346.88422
48.61785,0.01991306,12.77292981,4.091447,15346.94213
48.62785,0.01958224,12.77292981,4.091447,15347.00004
48.63784,0.01925142,12.77292981,4.091447,15347.0549
48.64784,0.0189206,12.77292981,4.091447,15347.10977
48.65784,0.01858979,12.77292981,4.091447,15347.16463
48.66784,0.01825897,12.77292981,4.091447,15347.21645
48.67784,0.01792816,12.77292981,4.091447,15347.26826
48.68784,0.01759735,12.77292981,4.091447,15347.32008
48.69783,0.01726654,12.77292981,4.091447,15347.3719
48.70783,0.01693573,12.77292981,4.091447,15347.42066
48.71783,0.01660492,12.77292981,4.091447,15347.46638
48.72783,0.01627412,12.77292981,4.091447,15347.51515
48.73783,0.01594331,12.77292981,4.091447,15347.56087
48.74783,0.01561251,12.77292981,4.091447,15347.60659
48.75782,0.0152817,12.77292981,4.091447,15347.64926
48.76782,0.0149509,12.77292981,4.091447,15347.69194
48.77782,0.0146201,12.77292981,4.091447,15347.73461
48.78782,0.01428931,12.77292981,4.091447,15347.77728
48.79782,0.01395851,12.77292981,4.091447,15347.8169
48.80782,0.01362771,12.77292981,4.091447,15347.85653
48.81781,0.01329692,12.77292981,4.091447,15347.8931
48.82781,0.01296612,12.77292981,4.091447,15347.93273
48.83781,0.01263533,12.77292981,4.091447,15347.96626
48.84781,0.01230454,12.77292981,4.091447,15348.00283
48.85781,0.01197375,12.77292981,4.091447,15348.03636
48.86781,0.01164296,12.77292981,4.091447,15348.06989
48.8778,0.01131217,12.77292981,4.091447,15348.10342
48.8878,0.01098138,12.77292981,4.091447,15348.1339
48.8978,0.0106506,12.77292981,4.091447,15348.16438
48.9078,0.01031981,12.77292981,4.091447,15348.19486
48.9178,0.01,12.77292981,4.091447,15348.22229
48.9278,0.01,12.77292981,4.091447,15348.24972
48.93779,0.01,12.77292981,4.091447,15348.27715
48.94779,0.01,12.77292981,4.091447,15348.30154
48.95779,0.01,12.77292981,4.091447,15348.32592
48.96779,0.01,12.77292981,4.091447,15348.3503
48.97779,0.01,12.77292981,4.091447,15348.37164
48.98779,0.01,12.77292981,4.091447,15348.39298
48.99778,0.01,12.77292981,4.091447,15348.41431
49.00778,0.01,12.77292981,4.091447,15348.43565
49.01778,0.01,12.77292981,4.091447,15348.45394
49.02778,0.01,12.77292981,4.091447,15348.47222
49.03778,0.01,12.77292981,4.091447,15348.48746
49.04778,0.01,12.77292981,4.091447,15348.5027
49.05777,0.01,12.77292981,4.091447,15348.51794
49.06777,0.01,12.77292981,4.091447,15348.53318
49.07777,0.01,12.77292981,4.091447,15348.54538
49.08777,0.01,12.77292981,4.091447,15348.55757
49.09777,0.01,12.77292981,4.091447,15348.56976
49.10777,0.01,12.77292981,4.091447,15348.5789
49.11776,0.01,12.77292981,4.091447,15348.58805
49.12776,0.01,12.77292981,4.091447,15348.59719
49.13776,0.01,12.77292981,4.091447,15348.60329
49.14776,0.01,12.77292981,4.091447,15348.60938
49.15776,0.01,12.77292981,4.091447,15348.61243
49.16776,0.01,12.77292981,4.091447,15348.61853
49.17775,0.01,12.77292981,4.091447,15348.62158
49.18775,0.01,12.77292981,4.091447,15348.62462
49.19775,0.01,12.77292981,4.091447,15348.62462
49.20775,0.01,12.77292981,4.091447,15348.62462
49.21775,0.01,12.77292981,4.091447,15348.62462
49.31775,0.01,12.77292981,0,15348.51794
49.41774,0.01,12.77292981,0,15348.31373
49.51774,0.01018682,12.77292981,0,15348.01502
49.61774,0.01349283,12.77292981,0,15347.61574
49.71774,0.0167976,12.77292981,0,15347.12196
49.81774,0.02010081,12.77292981,0,15346.5276
49.91774,0.02340209,12.77292981,0,15345.83875
50.01773,0.02670112,12.77292981,0,15345.04932
50.11773,0.02999755,12.77292981,0,15344.1654
50.21773,0.03329103,12.77292981,0,15343.18394
50.31773,0.03658123,12.77292981,0,15342.1019
50.41773,0.03986782,12.77292981,0,15340.92538
50.51773,0.04315044,12.77292981,0,15339.65436
50.61773,0.04642878,12.77292981,0,15338.28276
50.71772,0.04970248,12.77292981,0,15336.81667
50.81772,0.05297121,12.77292981,0,15335.25305
50.91772,0.05623466,12.77292981,0,15333.59494
51.01772,0.05949248,12.77292981,0,15331.83929
51.11772,0.06274434,12.77292981,0,15329.9861
51.21772,0.06598992,12.77292981,0,15328.04148
51.31771,0.0692289,12.77292981,0,15325.99627
51.41771,0.07246093,12.77292981,0,15323.85962
51.51771,0.07568572,12.77292981,0,15321.62544
51.61771,0.07890294,12.77292981,0,15319.29677
51.71771,0.08211228,12.77292981,0,15316.87361
51.81771,0.08531342,12.77292981,0,15314.35901
51.91771,0.08850604,12.77292981,0,15311.74687
52.0177,0.09168984,12.77292981,0,15309.0433
52.1177,0.09486452,12.77292981,0,15306.24218
52.2177,0.09802977,12.77292981,0,15303.34963
52.3177,0.1011853,12.77292981,0,15300.36564
52.4177,0.1043308,12.77292981,0,15297.28716
52.5177,0.107466,12.77292981,0,15294.11419
52.61769,0.1105905,12.77292981,0,15290.85283
52.71769,0.1137041,12.77292981,0,15287.49698
52.81769,0.1168067,12.77292981,0,15284.0497
52.91769,0.1198977,12.77292981,0,15280.51097
53.01769,0.122977,12.77292981,0,15276.88385
53.11769,0.1260443,12.77292981,0,15273.16224
53.21769,0.1290993,12.77292981,0,15269.35529
53.31768,0.1321416,12.77292981,0,15265.4569
53.41768,0.1351712,12.77292981,0,15261.46706
53.51768,0.1381877,12.77292981,0,15257.38884
53.61768,0.1411908,12.77292981,0,15253.22222
53.71768,0.1441805,12.77292981,0,15248.97026
53.81768,0.1471562,12.77292981,0,15244.62686
53.91768,0.1501179,12.77292981,0,15240.19812
54.01767,0.1530653,12.77292981,0,15235.68098
54.11767,0.1559981,12.77292981,0,15231.0785
54.21767,0.1589161,12.77292981,0,15226.39068
54.31767,0.1618191,12.77292981,0,15221.61446
54.41767,0.1647069,12.77292981,0,15216.75595
54.51767,0.1675793,12.77292981,0,15211.8121
54.61766,0.1704359,12.77292981,0,15206.7829
54.71766,0.1732767,12.77292981,0,15201.66835
54.81766,0.1761014,12.77292981,0,15196.47456
54.91766,0.1789098,12.77292981,0,15191.19542
55.01766,0.1817018,12.77292981,0,15185.83399
55.11766,0.1844771,12.77292981,0,15180.39026
55.21766,0.1872355,12.77292981,0,15174.86424
55.31765,0.1899769,12.77292981,0,15169.25897
55.41765,0.1927011,12.77292981,0,15163.5714
55.51765,0.1954079,12.77292981,0,15157.80763
55.61765,0.1980971,12.77292981,0,15151.96157
55.71765,0.2007686,12.77292981,0,15146.0393
55.81765,0.2034223,12.77292981,0,15140.03779
55.91764,0.2060579,12.77292981,0,15133.95703
56.01764,0.2086753,12.77292981,0,15127.80007
56.11764,0.2112745,12.77292981,0,15121.56386
56.21764,0.2138551,12.77292981,0,15115.2545
56.31764,0.2164172,12.77292981,0,15108.86894
56.41764,0.2189605,12.77292981,0,15102.41023
56.51764,0.221485,12.77292981,0,15095.87227
56.61763,0.2239904,12.77292981,0,15089.26421
56.71763,0.2264767,12.77292981,0,15082.58299
56.81763,0.2289438,12.77292981,0,15075.82558
56.91763,0.2313916,12.77292981,0,15068.99806
57.01763,0.23382,12.77292981,0,15062.10043
57.11763,0.2362289,12.77292981,0,15055.12966
57.21762,0.2386181,12.77292981,0,15048.08878
57.31762,0.2409876,12.77292981,0,15040.97779
57.41762,0.2433374,12.77292981,0,15033.79975
57.51762,0.2456672,12.77292981,0,15026.55161
57.61762,0.2479771,12.77292981,0,15019.23336
57.71762,0.2502671,12.77292981,0,15011.8511
57.81762,0.2525369,12.77292981,0,15004.39874
57.91761,0.2547865,12.77292981,0,14996.88238
58.01761,0.2570161,12.77292981,0,14989.29895
58.11761,0.2592252,12.77292981,0,14981.64847
58.21761,0.2614142,12.77292981,0,14973.93703
58.31761,0.2635827,12.77292981,0,14966.15854
58.41761,0.2657309,12.77292981,0,14958.31908
58.5176,0.2678587,12.77292981,0,14950.41562
58.6176,0.2699661,12.77292981,0,14942.45119
58.7176,0.2720529,12.77292981,0,14934.42276
58.8176,0.2741192,12.77292981,0,14926.33642
58.9176,0.276165,12.77292981,0,14918.18606
59.0176,0.2781902,12.77292981,0,14909.9778
59.1176,0.280195,12.77292981,0,14901.71162
59.21759,0.2821791,12.77292981,0,14893.38449
59.31759,0.2841427,12.77292981,0,14884.99944
59.41759,0.2860856,12.77292981,0,14876.55953
59.51759,0.288008,12.77292981,0,14868.0617
59.61759,0.2899099,12.77292981,0,14859.50597
59.71759,0.2917912,12.77292981,0,14850.89842
59.81758,0.2936521,12.77292981,0,14842.23295
59.91758,0.2954924,12.77292981,0,14833.51567
60.01758,0.2973122,12.77292981,0,14824.74353
60.11758,0.2991115,12.77292981,0,14815.91652
60.21758,0.3008905,12.77292981,0,14807.0377
60.31758,0.3026491,12.77292981,0,14798.10706
60.41758,0.3043873,12.77292981,0,14789.12765
60.51757,0.3061052,12.77292981,0,14780.09338
60.61757,0.3078028,12.77292981,0,14771.01338
60.71757,0.3094802,12.77292981,0,14761.88158
60.81757,0.3111374,12.77292981,0,14752.701
60.91757,0.3127745,12.77292981,0,14743.47166
61.01757,0.3143916,12.77292981,0,14734.19659
61.11757,0.3159886,12.77292981,0,14724.87276
61.21756,0.3175657,12.77292981,0,14715.50016
61.31756,0.3191229,12.77292981,0,14706.08489
61.41756,0.3206602,12.77292981,0,14696.6239
61.51756,0.3221778,12.77292981,0,14687.11718
61.61756,0.3236757,12.77292981,0,14677.5678
61.71756,0.325154,12.77292981,0,14667.9727
61.81755,0.3266128,12.77292981,0,14658.33492
61.91755,0.3280522,12.77292981,0,14648.65447
62.01755,0.3294722,12.77292981,0,14638.9344
62.11755,0.3308728,12.77292981,0,14629.17166
62.21755,0.3322544,12.77292981,0,14619.36624
62.31755,0.3336168,12.77292981,0,14609.52425
62.41755,0.3349602,12.77292981,0,14599.63958
62.51754,0.3362846,12.77292981,0,14589.71834
62.61754,0.3375902,12.77292981,0,14579.75748
62.71754,0.3388771,12.77292981,0,14569.75699
62.81754,0.3401454,12.77292981,0,14559.71993
62.91754,0.3413952,12.77292981,0,14549.64629
63.01754,0.3426265,12.77292981,0,14539.53607
63.11753,0.3438395,12.77292981,0,14529.39233
63.21753,0.3450342,12.77292981,0,14519.21201
63.31753,0.3462109,12.77292981,0,14508.99511
63.41753,0.3473696,12.77292981,0,14498.74469
63.51753,0.3485104,12.77292981,0,14488.46074
63.61753,0.3496334,12.77292981,0,14478.1463
63.71753,0.3507387,12.77292981,0,14467.7953
63.81752,0.3518265,12.77292981,0,14457.41381
63.91752,0.3528969,12.77292981,0,14447.00184
64.01752,0.3539499,12.77292981,0,14436.55939
64.11752,0.3549858,12.77292981,0,14426.08342
64.21752,0.3560047,12.77292981,0,14415.58001
64.31752,0.3570065,12.77292981,0,14405.04612
64.41752,0.3579915,12.77292981,0,14394.48175
64.51752,0.3589599,12.77292981,0,14383.88995
64.61752,0.3599117,12.77292981,0,14373.27072
64.71751,0.360847,12.77292981,0,14362.62406
64.81751,0.361766,12.77292981,0,14351.94996
64.91751,0.3626687,12.77292981,0,14341.24843
65.01751,0.3635554,12.77292981,0,14330.51947
65.11751,0.3644261,12.77292981,0,14319.76918
65.21751,0.365281,12.77292981,0,14308.99145
65.3175,0.3661202,12.77292981,0,14298.18934
65.4175,0.366944,12.77292981,0,14287.35979
65.5175,0.3677669,12.77292981,0,14276.50891
65.6175,0.3685732,12.77292981,0,14265.63365
65.7175,0.369363,12.77292981,0,14254.734
65.8175,0.3701362,12.77292981,0,14243.81302
65.9175,0.3708931,12.77292981,0,14232.8707
66.01749,0.3716339,12.77292981,0,14221.90399
66.11749,0.3723586,12.77292981,0,14210.91595
66.21749,0.3730675,12.77292981,0,14199.90962
66.31749,0.3737606,12.77292981,0,14188.88196
66.41749,0.3744382,12.77292981,0,14177.83296
66.51749,0.3751003,12.77292981,0,14166.76567
66.61749,0.3757472,12.77292981,0,14155.67705
66.71748,0.3763789,12.77292981,0,14144.57318
66.81748,0.3769956,12.77292981,0,14133.44798
66.91748,0.3775974,12.77292981,0,14122.30754
67.01748,0.3781846,12.77292981,0,14111.14882
67.11748,0.3787572,12.77292981,0,14099.9718
67.21748,0.3793155,12.77292981,0,14088.78259
67.31747,0.3798596,12.77292981,0,14077.57205
67.41747,0.3803895,12.77292981,0,14066.34931
67.51747,0.3809055,12.77292981,0,14055.10829
67.61747,0.3814077,12.77292981,0,14043.85507
67.71747,0.3818963,12.77292981,0,14032.58662
67.81747,0.3823715,12.77292981,0,14021.30597
67.91747,0.3828334,12.77292981,0,14010.01008
68.01746,0.383282,12.77292981,0,13998.69895
68.11746,0.3837176,12.77292981,0,13987.37868
68.21746,0.3841404,12.77292981,0,13976.04317
68.31746,0.3845505,12.77292981,0,13964.69546
68.41746,0.384948,12.77292981,0,13953.33862
68.51746,0.3853332,12.77292981,0,13941.96958
68.61745,0.3857059,12.77292981,0,13930.58834
68.71745,0.3860666,12.77292981,0,13919.19492
68.81745,0.3864154,12.77292981,0,13907.7954
68.91745,0.3867523,12.77292981,0,13896.38064
69.01745,0.3870775,12.77292981,0,13884.95978
69.11745,0.3873913,12.77292981,0,13873.52978
69.21745,0.3876936,12.77292981,0,13862.09064
69.31744,0.3879848,12.77292981,0,13850.64235
69.41744,0.3882648,12.77292981,0,13839.18797
69.51744,0.3885339,12.77292981,0,13827.72139
69.61744,0.3887922,12.77292981,0,13816.25177
69.71744,0.38904,12.77292981,0,13804.773
69.81744,0.3892771,12.77292981,0,13793.28509
69.91743,0.3895039,12.77292981,0,13781.79413
70.01743,0.3897205,12.77292981,0,13770.29402
70.11743,0.389927,12.77292981,0,13758.78782
70.21743,0.3901236,12.77292981,0,13747.27858
70.31743,0.3903103,12.77292981,0,13735.76018
70.41743,0.3904875,12.77292981,0,13724.23874
70.51743,0.390655,12.77292981,0,13712.71121
70.61742,0.3908133,12.77292981,0,13701.18062
70.71742,0.3909623,12.77292981,0,13689.64699
70.81742,0.3911021,12.77292981,0,13678.10726
70.91742,0.391233,12.77292981,0,13666.56144
71.01742,0.3913551,12.77292981,0,13655.01257
71.11742,0.3914684,12.77292981,0,13643.4637
71.21741,0.3915732,12.77292981,0,13631.90873
71.31741,0.3916695,12.77292981,0,13620.35376
71.41741,0.3917575,12.77292981,0,13608.7927
71.51741,0.3918373,12.77292981,0,13597.23163
71.61741,0.391909,12.77292981,0,13585.66752
71.71741,0.3919729,12.77292981,0,13574.10341
71.81741,0.3920288,12.77292981,0,13562.53625
71.9174,0.3920772,12.77292981,0,13550.96604
72.0174,0.392118,12.77292981,0,13539.39583
72.1174,0.3921513,12.77292981,0,13527.82562
72.2174,0.3921773,12.77292981,0,13516.25237
72.3174,0.3921961,12.77292981,0,13504.68216
72.4174,0.3922079,12.77292981,0,13493.1089
72.5174,0.3922126,12.77292981,0,13481.53565
72.61739,0.3922105,12.77292981,0,13469.96239
72.71739,0.3922018,12.77292981,0,13458.38914
72.81739,0.3921864,12.77292981,0,13446.81893
72.91739,0.3921645,12.77292981,0,13435.24567
73.01739,0.3921362,12.77292981,0,13423.67546
73.11739,0.3921016,12.77292981,0,13412.1083
73.21738,0.3920608,12.77292981,0,13400.5381
73.31738,0.392014,12.77292981,0,13388.97094
73.41738,0.3919612,12.77292981,0,13377.40682
73.51738,0.3919026,12.77292981,0,13365.84271
73.61738,0.3918383,12.77292981,0,13354.28165
73.71738,0.3917683,12.77292981,0,13342.72058
73.81738,0.3916928,12.77292981,0,13331.16257
73.91737,0.3916118,12.77292981,0,13319.6076
74.01737,0.3915256,12.77292981,0,13308.05568
74.11737,0.391434,12.77292981,0,13296.50681
74.21737,0.3913374,12.77292981,0,13284.95794
74.31737,0.3912357,12.77292981,0,13273.41516
74.41737,0.3911291,12.77292981,0,13261.87543
74.51736,0.3910176,12.77292981,0,13250.3357
74.61736,0.3909014,12.77292981,0,13238.80207
74.71736,0.3907806,12.77292981,0,13227.27454
74.81736,0.390655,12.77292981,0,13215.747
74.91736,0.3905251,12.77292981,0,13204.22556
75.01736,0.3903908,12.77292981,0,13192.70412
75.11736,0.3902522,12.77292981,0,13181.19182
75.21735,0.3901093,12.77292981,0,13169.67953
75.31735,0.3899623,12.77292981,0,13158.17333
75.41735,0.3898113,12.77292981,0,13146.67018
75.51735,0.3896563,12.77292981,0,13135.17312
75.61735,0.3894975,12.77292981,0,13123.68216
75.71735,0.3893349,12.77292981,0,13112.1912
75.81734,0.3891686,12.77292981,0,13100.70938
75.91734,0.3889985,12.77292981,0,13089.23366
76.01734,0.388825,12.77292981,0,13077.76099
76.11734,0.3886479,12.77292981,0,13066.29137
76.21734,0.3884675,12.77292981,0,13054.82784
76.31734,0.3882837,12.77292981,0,13043.37041
76.41734,0.3880966,12.77292981,0,13031.91907
76.51733,0.3879064,12.77292981,0,13020.47383
76.61733,0.3877131,12.77292981,0,13009.03469
76.71733,0.3875167,12.77292981,0,12997.60164
76.81733,0.3873173,12.77292981,0,12986.17164
76.91733,0.3871151,12.77292981,0,12974.74774
77.01733,0.38691,12.77292981,0,12963.33298
77.11732,0.3867022,12.77292981,0,12951.92431
77.21732,0.3864916,12.77292981,0,12940.5187
77.31732,0.3862784,12.77292981,0,12929.12222
77.41732,0.3860627,12.77292981,0,12917.73185
77.51732,0.3858444,12.77292981,0,12906.34757
77.61732,0.3856236,12.77292981,0,12894.96634
77.71732,0.3854005,12.77292981,0,12883.5973
77.81731,0.385175,12.77292981,0,12872.2313
77.91731,0.3849472,12.77292981,0,12860.87141
78.01731,0.3847173,12.77292981,0,12849.52066
78.11731,0.3844852,12.77292981,0,12838.176
78.21731,0.384251,12.77292981,0,12826.83744
78.31731,0.3840147,12.77292981,0,12815.50802
78.4173,0.3837765,12.77292981,0,12804.1847
78.5173,0.3835363,12.77292981,0,12792.86748
78.6173,0.3832943,12.77292981,0,12781.55635
78.7173,0.3830504,12.77292981,0,12770.25437
78.8173,0.3828048,12.77292981,0,12758.95848
78.9173,0.3825574,12.77292981,0,12747.67174
79.0173,0.3823083,12.77292981,0,12736.39109
79.11729,0.3820576,12.77292981,0,12725.11654
79.21729,0.3818053,12.77292981,0,12713.85113
79.31729,0.3815515,12.77292981,0,12702.59486
79.41729,0.3812963,12.77292981,0,12691.3447
79.51729,0.3810396,12.77292981,0,12680.10062
79.61729,0.3807814,12.77292981,0,12668.8657
79.71729,0.3805219,12.77292981,0,12657.63686
79.81728,0.3802611,12.77292981,0,12646.41718
79.91728,0.379999,12.77292981,0,12635.20358
80.01728,0.3797357,12.77292981,0,12623.99914
80.11728,0.3794712,12.77292981,0,12612.80383
80.21728,0.3792055,12.77292981,0,12601.61462
80.31728,0.3789388,12.77292981,0,12590.43151
80.41727,0.378671,12.77292981,0,12579.26059
80.51727,0.3784021,12.77292981,0,12568.09272
80.61727,0.3781323,12.77292981,0,12556.93704
80.71727,0.3778615,12.77292981,0,12545.78746
80.81727,0.3775899,12.77292981,0,12534.64702
80.91727,0.3773172,12.77292981,0,12523.51267
81.01727,0.3770438,12.77292981,0,12512.38747
81.11726,0.3767695,12.77292981,0,12501.27142
81.21726,0.3764946,12.77292981,0,12490.16146
81.31726,0.3762188,12.77292981,0,12479.06064
81.41726,0.3759422,12.77292981,0,12467.96897
81.51726,0.3756649,12.77292981,0,12456.88339
81.61726,0.3753871,12.77292981,0,12445.80696
81.71725,0.3751086,12.77292981,0,12434.73967
81.81725,0.3748296,12.77292981,0,12423.67848
81.91725,0.37455,12.77292981,0,12412.62643
82.01725,0.3742698,12.77292981,0,12401.58353
82.11725,0.3739891,12.77292981,0,12390.54977
82.21725,0.373708,12.77292981,0,12379.5221
82.31725,0.3734263,12.77292981,0,12368.50663
82.41724,0.3731443,12.77292981,0,12357.49421
82.51724,0.3728619,12.77292981,0,12346.49398
82.61724,0.3725791,12.77292981,0,12335.49984
82.71724,0.3722959,12.77292981,0,12324.5179
82.81724,0.3720125,12.77292981,0,12313.539
82.91724,0.3717287,12.77292981,0,12302.5723
83.01723,0.3714446,12.77292981,0,12291.61169
83.11723,0.3711604,12.77292981,0,12280.66022
83.21723,0.3708759,12.77292981,0,12269.7179
83.31723,0.3705912,12.77292981,0,12258.78473
83.41723,0.3703063,12.77292981,0,12247.85765
83.51723,0.3700212,12.77292981,0,12236.93971
83.61723,0.369736,12.77292981,0,12226.02787
83.71722,0.3694507,12.77292981,0,12215.12822
83.81722,0.3691652,12.77292981,0,12204.23467
83.91722,0.3688797,12.77292981,0,12193.35026
84.01722,0.3685941,12.77292981,0,12182.475
84.11722,0.3683085,12.77292981,0,12171.60583
84.21722,0.3680227,12.77292981,0,12160.74886
84.31721,0.367737,12.77292981,0,12149.89798
84.41721,0.3674514,12.77292981,0,12139.05624
84.51721,0.3671657,12.77292981,0,12128.22365
84.61721,0.3668801,12.77292981,0,12117.39715
84.71721,0.3665946,12.77292981,0,12106.5798
84.81721,0.3663092,12.77292981,0,12095.77159
84.91721,0.3660239,12.77292981,0,12084.97253
85.0172,0.3657386,12.77292981,0,12074.17956
85.1172,0.3654535,12.77292981,0,12063.39574
85.2172,0.3651684,12.77292981,0,12052.62106
85.3172,0.3648835,12.77292981,0,12041.85552
85.4172,0.3645988,12.77292981,0,12031.09608
85.5172,0.3643144,12.77292981,0,12020.34578
85.6172,0.3640301,12.77292981,0,12009.60463
85.71719,0.3637459,12.77292981,0,11998.87262
85.81719,0.3634619,12.77292981,0,11988.14976
85.91719,0.3631783,12.77292981,0,11977.43299
86.01719,0.3628948,12.77292981,0,11966.72537
86.11719,0.3626117,12.77292981,0,11956.02689
86.21719,0.3623287,12.77292981,0,11945.33755
86.31718,0.3620461,12.77292981,0,11934.65431
86.41718,0.3617638,12.77292981,0,11923.98022
86.51718,0.3614817,12.77292981,0,11913.31526
86.61718,0.3611999,12.77292981,0,11902.65641
86.71718,0.3609184,12.77292981,0,11892.00974
86.81718,0.3606373,12.77292981,0,11881.36918
86.91718,0.3603565,12.77292981,0,11870.7347
87.01717,0.3600761,12.77292981,0,11860.11242
87.11717,0.359796,12.77292981,0,11849.49624
87.21717,0.3595163,12.77292981,0,11838.88615
87.31717,0.359237,12.77292981,0,11828.28521
87.41717,0.3589579,12.77292981,0,11817.69341
87.51717,0.3586794,12.77292981,0,11807.11075
87.61716,0.3584013,12.77292981,0,11796.53724
87.71716,0.3581235,12.77292981,0,11785.96982
87.81716,0.3578461,12.77292981,0,11775.41155
87.91716,0.3575692,12.77292981,0,11764.85938
88.01716,0.3572926,12.77292981,0,11754.31939
88.11716,0.3570165,12.77292981,0,11743.7855
88.21716,0.3567409,12.77292981,0,11733.25771
88.31715,0.3564657,12.77292981,0,11722.73906
88.41715,0.3561911,12.77292981,0,11712.22956
88.51715,0.3559168,12.77292981,0,11701.7292
88.61715,0.355643,12.77292981,0,11691.23494
88.71715,0.3553697,12.77292981,0,11680.74982
88.81715,0.3550969,12.77292981,0,11670.27079
88.91714,0.3548246,12.77292981,0,11659.80396
89.01714,0.3545527,12.77292981,0,11649.34018
89.11714,0.3542813,12.77292981,0,11638.88554
89.21714,0.3540105,12.77292981,0,11628.44004
89.31714,0.3537402,12.77292981,0,11618.00369
89.41714,0.3534703,12.77292981,0,11607.57343
89.51714,0.3532009,12.77292981,0,11597.15232
89.61713,0.3529321,12.77292981,0,11586.74035
89.71713,0.3526638,12.77292981,0,11576.33448
89.81713,0.3523961,12.77292981,0,11565.9347
89.91713,0.3521289,12.77292981,0,11555.54407
90.01713,0.3518622,12.77292981,0,11545.16258
90.11713,0.351596,12.77292981,0,11534.79024
90.21712,0.3513304,12.77292981,0,11524.42399
90.31712,0.3510653,12.77292981,0,11514.06384
90.41712,0.3508008,12.77292981,0,11503.71283
90.51712,0.3505367,12.77292981,0,11493.37097
90.61712,0.3502733,12.77292981,0,11483.0352
90.71712,0.3500104,12.77292981,0,11472.70553
90.81712,0.3497481,12.77292981,0,11462.385
90.91711,0.3494864,12.77292981,0,11452.07362
91.01711,0.3492251,12.77292981,0,11441.76833
91.11711,0.3489645,12.77292981,0,11431.47218
91.21711,0.3487044,12.77292981,0,11421.18214
91.31711,0.3484449,12.77292981,0,11410.90123
91.41711,0.348186,12.77292981,0,11400.62947
91.51711,0.3479277,12.77292981,0,11390.36381
91.6171,0.3476698,12.77292981,0,11380.10424
91.7171,0.3474126,12.77292981,0,11369.85382
91.8171,0.347156,12.77292981,0,11359.60949
91.9171,0.3468999,12.77292981,0,11349.3743
92.0171,0.3466445,12.77292981,0,11339.14522
92.1171,0.3463896,12.77292981,0,11328.92527
92.21709,0.3461353,12.77292981,0,11318.71142
92.31709,0.3458816,12.77292981,0,11308.50672
92.41709,0.3456285,12.77292981,0,11298.30811
92.51709,0.345376,12.77292981,0,11288.11865
92.61709,0.3451241,12.77292981,0,11277.93528
92.71709,0.3448727,12.77292981,0,11267.75801
92.81709,0.344622,12.77292981,0,11257.58988
92.91708,0.3443718,12.77292981,0,11247.4309
93.01708,0.3441222,12.77292981,0,11237.27496
93.11708,0.3439449,12.77292981,0,11227.12817
93.21708,0.3437666,12.77292981,0,11216.98442
93.31708,0.3435874,12.77292981,0,11206.84678
93.41708,0.3434073,12.77292981,0,11196.71218
93.51707,0.3432263,12.77292981,0,11186.58672
93.61707,0.3430443,12.77292981,0,11176.46431
93.71707,0.3428616,12.77292981,0,11166.348
93.81707,0.3426781,12.77292981,0,11156.23778
93.91707,0.3424937,12.77292981,0,11146.13062
94.01707,0.3423085,12.77292981,0,11136.03259
94.11707,0.3421226,12.77292981,0,11125.93457
94.21706,0.3419359,12.77292981,0,11115.84569
94.31706,0.3417486,12.77292981,0,11105.7629
94.41706,0.3415605,12.77292981,0,11095.68317
94.51706,0.3413717,12.77292981,0,11085.61258
94.61706,0.3411823,12.77292981,0,11075.54503
94.71706,0.3409923,12.77292981,0,11065.48358
94.81705,0.3408016,12.77292981,0,11055.42823
94.91705,0.3406104,12.77292981,0,11045.37593
95.01705,0.3404186,12.77292981,0,11035.33277
95.11705,0.3402261,12.77292981,0,11025.29266
95.21705,0.3400331,12.77292981,0,11015.25864
95.31705,0.3398397,12.77292981,0,11005.23377
95.41705,0.3396457,12.77292981,0,10995.21194
95.51704,0.3394512,12.77292981,0,10985.19622
95.61704,0.3392563,12.77292981,0,10975.18354
95.71704,0.3390608,12.77292981,0,10965.18
95.81704,0.338865,12.77292981,0,10955.18256
95.91704,0.3386687,12.77292981,0,10945.18817
96.01704,0.3384719,12.77292981,0,10935.19987
96.11703,0.3382748,12.77292981,0,10925.22072
96.21703,0.3380772,12.77292981,0,10915.24462
96.31703,0.3378794,12.77292981,0,10905.27461
96.41703,0.3376811,12.77292981,0,10895.31374
96.51703,0.3374825,12.77292981,0,10885.35593
96.61703,0.3372835,12.77292981,0,10875.40116
96.71703,0.3370843,12.77292981,0,10865.45554
96.81702,0.3368847,12.77292981,0,10855.51601
96.91702,0.3366849,12.77292981,0,10845.57953
97.01702,0.3364848,12.77292981,0,10835.65219
97.11702,0.3362844,12.77292981,0,10825.7279
97.21702,0.3360837,12.77292981,0,10815.81276
97.31702,0.3358828,12.77292981,0,10805.90066
97.41702,0.3356816,12.77292981,0,10795.99771
97.51701,0.3354803,12.77292981,0,10786.09781
97.61701,0.3352788,12.77292981,0,10776.204
97.71701,0.335077,12.77292981,0,10766.31934
97.81701,0.3348751,12.77292981,0,10756.43772
97.91701,0.334673,12.77292981,0,10746.5622
98.01701,0.3344708,12.77292981,0,10736.69278
98.117,0.3342683,12.77292981,0,10726.82945
98.217,0.3340657,12.77292981,0,10716.97222
98.317,0.333863,12.77292981,0,10707.12108
98.417,0.3336601,12.77292981,0,10697.27604
98.517,0.3334571,12.77292981,0,10687.4371
98.617,0.333254,12.77292981,0,10677.60425
98.717,0.3330508,12.77292981,0,10667.7775
98.81699,0.3328475,12.77292981,0,10657.95379
98.91699,0.3326441,12.77292981,0,10648.13923
99.01699,0.3324407,12.77292981,0,10638.33077
99.11699,0.3322372,12.77292981,0,10628.52535
99.21699,0.3320337,12.77292981,0,10618.72908
99.31699,0.3318301,12.77292981,0,10608.9389
99.41698,0.3316265,12.77292981,0,10599.15178
99.51698,0.3314228,12.77292981,0,10589.37379
99.61698,0.3312191,12.77292981,0,10579.6019
99.71698,0.3310154,12.77292981,0,10569.83611
99.81698,0.3308117,12.77292981,0,10560.07337
99.91698,0.3306079,12.77292981,0,10550.31977
100.017,0.330404,12.77292981,0,10540.57226
100.117,0.3302003,12.77292981,0,10530.82781
100.217,0.3299966,12.77292981,0,10521.0925
100.317,0.3297929,12.77292981,0,10511.36023
100.417,0.3295892,12.77292981,0,10501.63406
100.517,0.3293855,12.77292981,0,10491.91704
100.617,0.3291818,12.77292981,0,10482.20306
100.717,0.3289782,12.77292981,0,10472.49518
100.817,0.3287747,12.77292981,0,10462.7934
100.917,0.3285712,12.77292981,0,10453.10076
101.017,0.3283678,12.77292981,0,10443.41117
101.117,0.3281644,12.77292981,0,10433.72767
101.217,0.3279611,12.77292981,0,10424.05027
101.317,0.3277579,12.77292981,0,10414.37897
101.417,0.3275547,12.77292981,0,10404.71376
101.517,0.3273517,12.77292981,0,10395.05465
101.617,0.3271488,12.77292981,0,10385.40163
101.7169,0.3269459,12.77292981,0,10375.75471
101.8169,0.3267431,12.77292981,0,10366.11389
101.9169,0.3265404,12.77292981,0,10356.47916
102.0169,0.3263378,12.77292981,0,10346.85053
102.1169,0.3261354,12.77292981,0,10337.22799
102.2169,0.325933,12.77292981,0,10327.61155
102.3169,0.3257307,12.77292981,0,10318.00121
102.4169,0.3255287,12.77292981,0,10308.39696
102.5169,0.3253267,12.77292981,0,10298.79881
102.6169,0.3251249,12.77292981,0,10289.2037
102.7169,0.3249232,12.77292981,0,10279.61774
102.8169,0.3247217,12.77292981,0,10270.03788
102.9169,0.3245203,12.77292981,0,10260.46106
103.0169,0.324319,12.77292981,0,10250.89339
103.1169,0.3241179,12.77292981,0,10241.32877
103.2169,0.3239169,12.77292981,0,10231.77329
103.3169,0.3237161,12.77292981,0,10222.22086
103.4169,0.3235155,12.77292981,0,10212.67757
103.5169,0.323315,12.77292981,0,10203.13733
103.6169,0.3231147,12.77292981,0,10193.60318
103.7169,0.3229145,12.77292981,0,10184.07514
103.8169,0.3227145,12.77292981,0,10174.55318
103.9169,0.3225147,12.77292981,0,10165.03733
104.0169,0.322315,12.77292981,0,10155.52452
104.1169,0.3221156,12.77292981,0,10146.02086
104.2169,0.3219163,12.77292981,0,10136.52024
104.3169,0.3217172,12.77292981,0,10127.02877
104.4169,0.3215183,12.77292981,0,10117.54339
104.5169,0.3213195,12.77292981,0,10108.06106
104.6169,0.321121,12.77292981,0,10098.58483
104.7169,0.3209226,12.77292981,0,10089.11774
104.8169,0.3207245,12.77292981,0,10079.6537
104.9169,0.3205266,12.77292981,0,10070.19576
105.0169,0.3203289,12.77292981,0,10060.74696
105.1169,0.3201313,12.77292981,0,10051.29816
105.2169,0.319934,12.77292981,0,10041.8585
105.3169,0.3197368,12.77292981,0,10032.42494
105.4169,0.3195399,12.77292981,0,10022.99443
105.5169,0.3193432,12.77292981,0,10013.57306
105.6169,0.3191466,12.77292981,0,10004.15779
105.7169,0.3189503,12.77292981,0,9994.745568
105.8169,0.3187543,12.77292981,0,9985.33944
105.9169,0.3185584,12.77292981,0,9975.939408
106.0169,0.3183628,12.77292981,0,9966.54852
106.1169,0.3181673,12.77292981,0,9957.16068
106.2169,0.3179721,12.77292981,0,9947.775888
106.3169,0.3177771,12.77292981,0,9938.40024
106.4169,0.3175822,12.77292981,0,9929.030688
106.5169,0.3173877,12.77292981,0,9919.664184
106.6169,0.3171934,12.77292981,0,9910.306824
106.7169,0.3169993,12.77292981,0,9900.952512
106.8169,0.3168054,12.77292981,0,9891.604296
106.9169,0.3166117,12.77292981,0,9882.262176
107.0169,0.3164183,12.77292981,0,9872.926152
107.1169,0.3162252,12.77292981,0,9863.596224
107.2169,0.3160322,12.77292981,0,9854.272392
107.3169,0.3158395,12.77292981,0,9844.951608
107.4169,0.315647,12.77292981,0,9835.639968
107.5169,0.3154548,12.77292981,0,9826.331376
107.6169,0.3152627,12.77292981,0,9817.02888
107.7169,0.315071,12.77292981,0,9807.73248
107.8169,0.3148795,12.77292981,0,9798.442176
107.9169,0.3146882,12.77292981,0,9789.15492
108.0169,0.3144971,12.77292981,0,9779.876808
108.1169,0.3143063,12.77292981,0,9770.601744
108.2169,0.3141157,12.77292981,0,9761.335824
108.3168,0.3139253,12.77292981,0,9752.069904
108.4168,0.3137352,12.77292981,0,9742.813128
108.5168,0.3135453,12.77292981,0,9733.562448
108.6168,0.3133557,12.77292981,0,9724.317864
108.7168,0.3131664,12.77292981,0,9715.076328
108.8168,0.3129772,12.77292981,0,9705.840888
108.9168,0.3127884,12.77292981,0,9696.611544
109.0168,0.3125998,12.77292981,0,9687.388296
109.1168,0.3124113,12.77292981,0,9678.171144
109.2168,0.3122233,12.77292981,0,9668.95704
109.3168,0.3120353,12.77292981,0,9659.75208
109.4168,0.3118477,12.77292981,0,9650.550168
109.5168,0.3116603,12.77292981,0,9641.354352
109.6168,0.3114732,12.77292981,0,9632.161584
109.7168,0.3112863,12.77292981,0,9622.97796
109.8168,0.3110996,12.77292981,0,9613.797384
109.9168,0.3109133,12.77292981,0,9604.625952
110.0168,0.3107271,12.77292981,0,9595.457568
110.1168,0.3105412,12.77292981,0,9586.292232
110.2168,0.3103556,12.77292981,0,9577.13604
110.3168,0.3101701,12.77292981,0,9567.982896
110.4168,0.309985,12.77292981,0,9558.838896
110.5168,0.3098001,12.77292981,0,9549.697944
110.6168,0.3096155,12.77292981,0,9540.56004
110.7168,0.3094311,12.77292981,0,9531.43128
110.8168,0.309247,12.77292981,0,9522.305568
110.9168,0.3090631,12.77292981,0,9513.185952
111.0168,0.3088794,12.77292981,0,9504.072432
111.1168,0.308696,12.77292981,0,9494.965008
111.2168,0.3085129,12.77292981,0,9485.860632
111.3168,0.3083301,12.77292981,0,9476.762352
111.4168,0.3081474,12.77292981,0,9467.670168
111.5168,0.307965,12.77292981,0,9458.58408
111.6168,0.3077829,12.77292981,0,9449.504088
111.7168,0.3079734,12.77292981,0,9440.427144
111.8168,0.3077491,12.77292981,0,9431.356296
111.9168,0.3075252,12.77292981,0,9422.291544
112.0168,0.3073016,12.77292981,0,9413.22984
112.1168,0.3070784,12.77292981,0,9404.17728
112.2168,0.3068556,12.77292981,0,9395.127768
112.3168,0.306633,12.77292981,0,9386.081304
112.4168,0.3064108,12.77292981,0,9377.043984
112.5168,0.3061889,12.77292981,0,9368.009712
112.6168,0.3059675,12.77292981,0,9358.981536
112.7168,0.3057463,12.77292981,0,9349.959456
112.8168,0.3055255,12.77292981,0,9340.940424
112.9168,0.3053051,12.77292981,0,9331.930536
113.0168,0.3050849,12.77292981,0,9322.923696
113.1168,0.3048652,12.77292981,0,9313.919904
113.2168,0.3046457,12.77292981,0,9304.925256
113.3168,0.3044266,12.77292981,0,9295.933656
113.4168,0.3042078,12.77292981,0,9286.945104
113.5168,0.3039893,12.77292981,0,9277.965696
113.6168,0.3037713,12.77292981,0,9268.989336
113.7168,0.3035535,12.77292981,0,9260.019072
113.8168,0.303336,12.77292981,0,9251.054904
113.9168,0.3031189,12.77292981,0,9242.093784
114.0168,0.3029022,12.77292981,0,9233.13876
114.1168,0.3026858,12.77292981,0,9224.189832
114.2168,0.3024697,12.77292981,0,9215.247
114.3168,0.302254,12.77292981,0,9206.307216
114.4168,0.3020386,12.77292981,0,9197.373528
114.5168,0.3018236,12.77292981,0,9188.442888
114.6168,0.3016089,12.77292981,0,9179.521392
114.7168,0.3013945,12.77292981,0,9170.602944
114.8167,0.3011805,12.77292981,0,9161.687544
114.9167,0.3009667,12.77292981,0,9152.77824
115.0167,0.3007533,12.77292981,0,9143.875032
115.1167,0.3005403,12.77292981,0,9134.97792
115.2167,0.3003275,12.77292981,0,9126.083856
115.3167,0.3001152,12.77292981,0,9117.195888
115.4167,0.2999031,12.77292981,0,9108.314016
115.5167,0.2996913,12.77292981,0,9099.435192
115.6167,0.2994799,12.77292981,0,9090.565512
115.7167,0.2992688,12.77292981,0,9081.695832
115.8167,0.299058,12.77292981,0,9072.835296
115.9167,0.2988476,12.77292981,0,9063.977808
116.0167,0.2986375,12.77292981,0,9055.123368
116.1167,0.2984276,12.77292981,0,9046.275024
116.2167,0.2982182,12.77292981,0,9037.435824
116.3167,0.2980091,12.77292981,0,9028.596624
116.4167,0.2978003,12.77292981,0,9019.76352
116.5167,0.2975918,12.77292981,0,9010.936512
116.6167,0.2973836,12.77292981,0,9002.1156
116.7167,0.2971759,12.77292981,0,8993.297736
116.8167,0.2969684,12.77292981,0,8984.485968
116.9167,0.2967612,12.77292981,0,8975.677248
117.0167,0.2965543,12.77292981,0,8966.874624
117.1167,0.2963478,12.77292981,0,8958.078096
117.2167,0.2961415,12.77292981,0,8949.287664
117.3167,0.2959357,12.77292981,0,8940.50028
117.4167,0.2957301,12.77292981,0,8931.715944
117.5167,0.2955248,12.77292981,0,8922.937704
117.6167,0.2953198,12.77292981,0,8914.16556
117.7167,0.2951152,12.77292981,0,8905.399512
117.8167,0.2949108,12.77292981,0,8896.636512
117.9167,0.2947068,12.77292981,0,8887.879608
118.0167,0.2945032,12.77292981,0,8879.125752
118.1167,0.2942998,12.77292981,0,8870.377992
118.2167,0.2940967,12.77292981,0,8861.63328
118.3167,0.293894,12.77292981,0,8852.894664
118.4167,0.2936915,12.77292981,0,8844.162144
118.5167,0.2934895,12.77292981,0,8835.432672
118.6167,0.2932876,12.77292981,0,8826.709296
118.7167,0.2930861,12.77292981,0,8817.992016
118.8167,0.292885,12.77292981,0,8809.277784
118.9167,0.2926841,12.77292981,0,8800.569648
119.0167,0.2924834,12.77292981,0,8791.86456
119.1167,0.2922832,12.77292981,0,8783.165568
119.2167,0.2920833,12.77292981,0,8774.469624
119.3167,0.2918836,12.77292981,0,8765.779776
119.4167,0.2916842,12.77292981,0,8757.096024
119.5167,0.2914852,12.77292981,0,8748.41532
119.6167,0.2912864,12.77292981,0,8739.740712
119.7167,0.291088,12.77292981,0,8731.069152
119.8167,0.2908899,12.77292981,0,8722.403688
119.9167,0.290692,12.77292981,0,8713.741272
120.0167,0.2904945,12.77292981,0,8705.084952
120.1167,0.2902973,12.77292981,0,8696.434728
120.2167,0.2901004,12.77292981,0,8687.787552
120.3167,0.2899037,12.77292981,0,8679.143424
120.4167,0.2897074,12.77292981,0,8670.50844
120.5167,0.2895113,12.77292981,0,8661.873456
120.6167,0.2893156,12.77292981,0,8653.247616
120.7167,0.2891201,12.77292981,0,8644.624824
120.8167,0.288925,12.77292981,0,8636.00508
120.9167,0.2887301,12.77292981,0,8627.391432
121.0167,0.2885355,12.77292981,0,8618.78388
121.1167,0.2883413,12.77292981,0,8610.179376
121.2167,0.2881473,12.77292981,0,8601.580968
121.3167,0.2879537,12.77292981,0,8592.985608
121.4166,0.2877603,12.77292981,0,8584.396344
121.5166,0.2875672,12.77292981,0,8575.810128
121.6166,0.2873744,12.77292981,0,8567.230008
121.7166,0.2871819,12.77292981,0,8558.652936
121.8166,0.2869897,12.77292981,0,8550.08196
121.9166,0.2867979,12.77292981,0,8541.514032
122.0166,0.2866062,12.77292981,0,8532.9522
122.1166,0.2864149,12.77292981,0,8524.393416
122.2166,0.2862239,12.77292981,0,8515.840728
122.3166,0.2860331,12.77292981,0,8507.294136
122.4166,0.2858426,12.77292981,0,8498.750592
122.5166,0.2856525,12.77292981,0,8490.210096
122.6166,0.2854626,12.77292981,0,8481.675696
122.7166,0.2852731,12.77292981,0,8473.147392
122.8166,0.2850838,12.77292981,0,8464.622136
122.9166,0.2848948,12.77292981,0,8456.099928
123.0166,0.284706,12.77292981,0,8447.583816
123.1166,0.2845176,12.77292981,0,8439.0738
123.2166,0.2843293,12.77292981,0,8430.566832
123.3166,0.2841415,12.77292981,0,8422.062912
123.4166,0.2839538,12.77292981,0,8413.565088
123.5166,0.2837664,12.77292981,0,8405.07336
123.6166,0.2835793,12.77292981,0,8396.58468
123.7166,0.2833925,12.77292981,0,8388.099048
123.8166,0.283206,12.77292981,0,8379.619512
123.9166,0.2830198,12.77292981,0,8371.143024
124.0166,0.2828338,12.77292981,0,8362.672632
124.1166,0.2826481,12.77292981,0,8354.208336
124.2166,0.2824627,12.77292981,0,8345.74404
124.3166,0.2822775,12.77292981,0,8337.288888
124.4166,0.2820926,12.77292981,0,8328.836784
124.5166,0.2819081,12.77292981,0,8320.387728
124.6166,0.2817238,12.77292981,0,8311.944768
124.7166,0.2815398,12.77292981,0,8303.504856
124.8166,0.2813561,12.77292981,0,8295.067992
124.9166,0.2811725,12.77292981,0,8286.640272
125.0166,0.2809894,12.77292981,0,8278.212552
125.1166,0.2808064,12.77292981,0,8269.790928
125.2166,0.2806237,12.77292981,0,8261.3754
125.3166,0.2804413,12.77292981,0,8252.96292
125.4166,0.2802592,12.77292981,0,8244.553488
125.5166,0.2800773,12.77292981,0,8236.150152
125.6166,0.2798957,12.77292981,0,8227.749864
125.7166,0.2797143,12.77292981,0,8219.355672
125.8166,0.2795332,12.77292981,0,8210.964528
125.9166,0.2793523,12.77292981,0,8202.57948
126.0166,0.2791718,12.77292981,0,8194.19748
126.1166,0.2789916,12.77292981,0,8185.821576
126.2166,0.2788115,12.77292981,0,8177.445672
126.3166,0.2786318,12.77292981,0,8169.078912
126.4166,0.2784523,12.77292981,0,8160.7152
126.5166,0.278273,12.77292981,0,8152.354536
126.6166,0.2780941,12.77292981,0,8143.999968
126.7166,0.2779154,12.77292981,0,8135.648448
126.8166,0.277737,12.77292981,0,8127.303024
126.9166,0.2775588,12.77292981,0,8118.9576
127.0166,0.2773809,12.77292981,0,8110.62132
127.1166,0.2772033,12.77292981,0,8102.288088
127.2166,0.277026,12.77292981,0,8093.957904
127.3166,0.2768488,12.77292981,0,8085.630768
127.4166,0.2766718,12.77292981,0,8077.312776
127.5166,0.2764952,12.77292981,0,8068.994784
127.6166,0.2763188,12.77292981,0,8060.682888
127.7166,0.2761427,12.77292981,0,8052.37404
127.8166,0.2759669,12.77292981,0,8044.071288
127.9165,0.2757913,12.77292981,0,8035.771584
128.0166,0.2756159,12.77292981,0,8027.477976
128.1166,0.2754408,12.77292981,0,8019.184368
128.2166,0.2752659,12.77292981,0,8010.899904
128.3166,0.2750913,12.77292981,0,8002.61544
128.4166,0.2749169,12.77292981,0,7994.337072
128.5166,0.2747428,12.77292981,0,7986.0648
128.6166,0.274569,12.77292981,0,7977.795576
128.7166,0.2743954,12.77292981,0,7969.5294
128.8166,0.2742221,12.77292981,0,7961.26932
128.9166,0.274049,12.77292981,0,7953.012288
129.0166,0.2738761,12.77292981,0,7944.758304
129.1166,0.2737035,12.77292981,0,7936.510416
129.2166,0.2735312,12.77292981,0,7928.265576
129.3166,0.273359,12.77292981,0,7920.026832
129.4166,0.2731871,12.77292981,0,7911.788088
129.5166,0.2730154,12.77292981,0,7903.558488
129.6167,0.2728441,12.77292981,0,7895.328888
129.7167,0.2726729,12.77292981,0,7887.108432
129.8167,0.272502,12.77292981,0,7878.887976
129.9167,0.2723313,12.77292981,0,7870.673616
130.0167,0.2721609,12.77292981,0,7862.462304
130.1167,0.2719907,12.77292981,0,7854.257088
130.2167,0.2718208,12.77292981,0,7846.05492
130.3167,0.2716511,12.77292981,0,7837.8558
130.4167,0.2714817,12.77292981,0,7829.662776
130.5167,0.2713124,12.77292981,0,7821.469752
130.6167,0.2711435,12.77292981,0,7813.285872
130.7167,0.2709748,12.77292981,0,7805.101992
130.8167,0.2708062,12.77292981,0,7796.924208
130.9167,0.270638,12.77292981,0,7788.75252
131.0167,0.27047,12.77292981,0,7780.580832
131.1167,0.2703022,12.77292981,0,7772.41524
131.2168,0.2701346,12.77292981,0,7764.255744
131.3168,0.2699673,12.77292981,0,7756.099296
131.4168,0.2698002,12.77292981,0,7747.945896
131.5168,0.2696334,12.77292981,0,7739.795544
131.6168,0.2694667,12.77292981,0,7731.651288
131.7168,0.2693003,12.77292981,0,7723.51008
131.8168,0.2691342,12.77292981,0,7715.37192
131.9168,0.2689683,12.77292981,0,7707.239856
132.0168,0.2688026,12.77292981,0,7699.11084
132.1168,0.2686371,12.77292981,0,7690.98792
132.2168,0.2684719,12.77292981,0,7682.868048
132.3168,0.2683069,12.77292981,0,7674.751224
132.4168,0.2681421,12.77292981,0,7666.637448
132.5168,0.2679776,12.77292981,0,7658.529768
132.6168,0.2678132,12.77292981,0,7650.425136
132.7168,0.2676491,12.77292981,0,7642.323552
132.8168,0.2674852,12.77292981,0,7634.228064
132.9169,0.2673216,12.77292981,0,7626.135624
133.0169,0.2671582,12.77292981,0,7618.046232
133.1169,0.266995,12.77292981,0,7609.962936
133.2169,0.2668321,12.77292981,0,7601.882688
133.3169,0.2666694,12.77292981,0,7593.805488
133.4169,0.2665069,12.77292981,0,7585.734384
133.5169,0.2663446,12.77292981,0,7577.666328
133.6169,0.2661825,12.77292981,0,7569.60132
133.7169,0.2660207,12.77292981,0,7561.53936
133.8169,0.265859,12.77292981,0,7553.483496
133.9169,0.2656976,12.77292981,0,7545.43068
134.0169,0.2655365,12.77292981,0,7537.380912
134.1169,0.2653755,12.77292981,0,7529.33724
134.2169,0.2652148,12.77292981,0,7521.296616
134.3169,0.2650542,12.77292981,0,7513.25904
134.4169,0.264894,12.77292981,0,7505.22756
134.517,0.2647339,12.77292981,0,7497.199128
134.617,0.2645741,12.77292981,0,7489.173744
134.717,0.2644145,12.77292981,0,7481.151408
134.817,0.2642551,12.77292981,0,7473.135168
134.917,0.2640958,12.77292981,0,7465.121976
135.017,0.2639368,12.77292981,0,7457.111832
135.117,0.2637781,12.77292981,0,7449.104736
135.217,0.2636195,12.77292981,0,7441.103736
135.317,0.2634612,12.77292981,0,7433.105784
135.417,0.263303,12.77292981,0,7425.113928
135.517,0.2631452,12.77292981,0,7417.122072
135.617,0.2629875,12.77292981,0,7409.136312
135.717,0.26283,12.77292981,0,7401.156648
135.817,0.2626728,12.77292981,0,7393.176984
135.917,0.2625158,12.77292981,0,7385.203416
136.017,0.262359,12.77292981,0,7377.232896
136.1171,0.2622024,12.77292981,0,7369.265424
136.2171,0.2620459,12.77292981,0,7361.304048
136.3171,0.2618898,12.77292981,0,7353.342672
136.4171,0.2617338,12.77292981,0,7345.387392
136.5171,0.261578,12.77292981,0,7337.438208
136.6171,0.2614224,12.77292981,0,7329.489024
136.7171,0.261267,12.77292981,0,7321.545936
136.8171,0.2611118,12.77292981,0,7313.605896
136.9171,0.2609569,12.77292981,0,7305.668904
137.0171,0.2608021,12.77292981,0,7297.738008
137.1171,0.2606476,12.77292981,0,7289.81016
137.2171,0.2604933,12.77292981,0,7281.88536
137.3171,0.2603392,12.77292981,0,7273.963608
137.4171,0.2601853,12.77292981,0,7266.044904
137.5171,0.2600316,12.77292981,0,7258.132296
137.6171,0.2598781,12.77292981,0,7250.222736
137.7171,0.2597247,12.77292981,0,7242.316224
137.8172,0.2595717,12.77292981,0,7234.415808
137.9172,0.2594188,12.77292981,0,7226.51844
138.0172,0.2592661,12.77292981,0,7218.62412
138.1172,0.2591136,12.77292981,0,7210.732848
138.2172,0.2589613,12.77292981,0,7202.844624
138.3172,0.2588091,12.77292981,0,7194.962496
138.4172,0.2586573,12.77292981,0,7187.083416
138.5172,0.2585057,12.77292981,0,7179.207384
138.6172,0.2583542,12.77292981,0,7171.3344
138.7172,0.258203,12.77292981,0,7163.467512
138.8172,0.2580519,12.77292981,0,7155.600624
138.9172,0.2579011,12.77292981,0,7147.739832
139.0172,0.2577504,12.77292981,0,7139.885136
139.1172,0.2576,12.77292981,0,7132.03044
139.2172,0.2574497,12.77292981,0,7124.18184
139.3172,0.2572996,12.77292981,0,7116.33324
139.4173,0.2571498,12.77292981,0,7108.493784
139.5173,0.2570001,12.77292981,0,7100.654328
139.6173,0.2568506,12.77292981,0,7092.81792
139.7173,0.2567013,12.77292981,0,7084.987608
139.8173,0.2565522,12.77292981,0,7077.160344
139.9173,0.2564033,12.77292981,0,7069.336128
140.0173,0.2562546,12.77292981,0,7061.518008
140.1173,0.2561061,12.77292981,0,7053.699888
140.2173,0.2559578,12.77292981,0,7045.887864
140.3173,0.2558097,12.77292981,0,7038.078888
140.4173,0.2556617,12.77292981,0,7030.27296
140.5173,0.255514,12.77292981,0,7022.47008
140.6173,0.2553664,12.77292981,0,7014.673296
140.7173,0.2552191,12.77292981,0,7006.876512
140.8173,0.2550719,12.77292981,0,6999.085824
140.9173,0.254925,12.77292981,0,6991.298184
141.0173,0.2547782,12.77292981,0,6983.51664
141.1174,0.2546317,12.77292981,0,6975.735096
141.2174,0.2544853,12.77292981,0,6967.959648
141.3174,0.2543391,12.77292981,0,6960.187248
141.4174,0.2541931,12.77292981,0,6952.417896
141.5174,0.2540472,12.77292981,0,6944.651592
141.6174,0.2539017,12.77292981,0,6936.888336
141.7174,0.2537562,12.77292981,0,6929.131176
141.8174,0.253611,12.77292981,0,6921.374016
141.9174,0.253466,12.77292981,0,6913.622952
142.0174,0.2533211,12.77292981,0,6905.874936
142.1174,0.2531764,12.77292981,0,6898.129968
142.2174,0.2530319,12.77292981,0,6890.391096
142.3174,0.2528875,12.77292981,0,6882.652224
142.4174,0.2527434,12.77292981,0,6874.919448
142.5174,0.2525994,12.77292981,0,6867.18972
142.6174,0.2524557,12.77292981,0,6859.46304
142.7175,0.2523121,12.77292981,0,6851.739408
142.8175,0.2521687,12.77292981,0,6844.018824
142.9175,0.2520255,12.77292981,0,6836.304336
143.0175,0.2518825,12.77292981,0,6828.592896
143.1175,0.2517397,12.77292981,0,6820.881456
143.2175,0.251597,12.77292981,0,6813.17916
143.3175,0.2514545,12.77292981,0,6805.476864
143.4175,0.2513122,12.77292981,0,6797.777616
143.5175,0.25117,12.77292981,0,6790.084464
143.6175,0.2510281,12.77292981,0,6782.39436
143.7175,0.2508864,12.77292981,0,6774.704256
143.8175,0.2507448,12.77292981,0,6767.023296
143.9175,0.2506033,12.77292981,0,6759.342336
144.0175,0.2504622,12.77292981,0,6751.664424
144.1175,0.2503211,12.77292981,0,6743.98956
144.2175,0.2501802,12.77292981,0,6736.320792
144.3176,0.2500396,12.77292981,0,6728.655072
144.4176,0.2498991,12.77292981,0,6720.9924
144.5176,0.2497587,12.77292981,0,6713.332776
144.6176,0.2496186,12.77292981,0,6705.6762
144.7176,0.2494786,12.77292981,0,6698.022672
144.8176,0.2493388,12.77292981,0,6690.37524
144.9176,0.2491992,12.77292981,0,6682.727808
145.0176,0.2490598,12.77292981,0,6675.086472
145.1176,0.2489205,12.77292981,0,6667.448184
145.2176,0.2487814,12.77292981,0,6659.812944
145.3176,0.2486425,12.77292981,0,6652.180752
145.4176,0.2485037,12.77292981,0,6644.551608
145.5176,0.2483652,12.77292981,0,6636.92856
145.6176,0.2482269,12.77292981,0,6629.305512
145.7176,0.2480886,12.77292981,0,6621.68856
145.8176,0.2479506,12.77292981,0,6614.074656
145.9176,0.2478128,12.77292981,0,6606.4638
146.0177,0.2476751,12.77292981,0,6598.855992
146.1177,0.2475375,12.77292981,0,6591.251232
146.2177,0.2474002,12.77292981,0,6583.64952
146.3177,0.247263,12.77292981,0,6576.050856
146.4177,0.247126,12.77292981,0,6568.458288
146.5177,0.2469892,12.77292981,0,6560.86572
146.6177,0.2468525,12.77292981,0,6553.279248
146.7177,0.246716,12.77292981,0,6545.695824
146.8177,0.2465797,12.77292981,0,6538.115448
146.9177,0.2464435,12.77292981,0,6530.53812
147.0177,0.2463076,12.77292981,0,6522.96384
147.1177,0.2461717,12.77292981,0,6515.392608
147.2177,0.2460361,12.77292981,0,6507.827472
147.3177,0.2459007,12.77292981,0,6500.262336
147.4177,0.2457653,12.77292981,0,6492.703296
147.5177,0.2456302,12.77292981,0,6485.147304
147.6178,0.2454953,12.77292981,0,6477.59436
147.7178,0.2453605,12.77292981,0,6470.041416
147.8178,0.2452258,12.77292981,0,6462.494568
147.9178,0.2450913,12.77292981,0,6454.950768
148.0178,0.244957,12.77292981,0,6447.413064
148.1178,0.2448229,12.77292981,0,6439.87536
148.2178,0.2446889,12.77292981,0,6432.340704
148.3178,0.2445551,12.77292981,0,6424.812144
148.4178,0.2444215,12.77292981,0,6417.283584
148.5178,0.244288,12.77292981,0,6409.76112
148.6178,0.2441547,12.77292981,0,6402.241704
148.7178,0.2440215,12.77292981,0,6394.722288
148.8178,0.2438885,12.77292981,0,6387.208968
148.9178,0.2437557,12.77292981,0,6379.698696
149.0178,0.243623,12.77292981,0,6372.191472
149.1178,0.2434905,12.77292981,0,6364.690344
149.2178,0.2433582,12.77292981,0,6357.189216
149.3179,0.2432259,12.77292981,0,6349.691136
149.4179,0.2430939,12.77292981,0,6342.196104
149.5179,0.242962,12.77292981,0,6334.707168
149.6179,0.2428303,12.77292981,0,6327.218232
149.7179,0.2426987,12.77292981,0,6319.735392
149.8179,0.2425674,12.77292981,0,6312.2556
149.9179,0.2424362,12.77292981,0,6304.775808
150.0179,0.2423051,12.77292981,0,6297.302112
150.1179,0.2421742,12.77292981,0,6289.831464
150.2179,0.2420435,12.77292981,0,6282.363864
150.3179,0.241913,12.77292981,0,6274.899312
150.4179,0.2417826,12.77292981,0,6267.437808
150.5179,0.2416523,12.77292981,0,6259.979352
150.6179,0.2415222,12.77292981,0,6252.526992
150.7179,0.2413922,12.77292981,0,6245.074632
150.8179,0.2412624,12.77292981,0,6237.62532
150.918,0.2411328,12.77292981,0,6230.182104
151.018,0.2410033,12.77292981,0,6222.738888
151.118,0.2408739,12.77292981,0,6215.301768
151.218,0.2407448,12.77292981,0,6207.867696
151.318,0.2406158,12.77292981,0,6200.433624
151.418,0.240487,12.77292981,0,6193.005648
151.518,0.2403583,12.77292981,0,6185.58072
151.618,0.2402298,12.77292981,0,6178.15884
151.718,0.2401014,12.77292981,0,6170.740008
151.818,0.2399731,12.77292981,0,6163.324224
151.918,0.239845,12.77292981,0,6155.90844
152.018,0.2397171,12.77292981,0,6148.498752
152.118,0.2395893,12.77292981,0,6141.09516
152.218,0.2394617,12.77292981,0,6133.691568
152.318,0.2393342,12.77292981,0,6126.291024
152.418,0.2392069,12.77292981,0,6118.893528
152.5181,0.2390797,12.77292981,0,6111.49908
152.6181,0.2389527,12.77292981,0,6104.110728
152.7181,0.2388259,12.77292981,0,6096.722376
152.8181,0.2386992,12.77292981,0,6089.337072
152.9181,0.2385726,12.77292981,0,6081.957864
153.0181,0.2384462,12.77292981,0,6074.578656
153.1181,0.2383199,12.77292981,0,6067.205544
153.2181,0.2381938,12.77292981,0,6059.832432
153.3181,0.2380679,12.77292981,0,6052.465416
153.4181,0.2379421,12.77292981,0,6045.101448
153.5181,0.2378165,12.77292981,0,6037.73748
153.6181,0.237691,12.77292981,0,6030.379608
153.7181,0.2375656,12.77292981,0,6023.024784
153.8181,0.2374404,12.77292981,0,6015.66996
153.9181,0.2373153,12.77292981,0,6008.321232
154.0181,0.2371904,12.77292981,0,6000.975552
154.1181,0.2370656,12.77292981,0,5993.63292
154.2182,0.2369411,12.77292981,0,5986.290288
154.3182,0.2368166,12.77292981,0,5978.953752
154.4182,0.2366923,12.77292981,0,5971.620264
154.5182,0.2365681,12.77292981,0,5964.289824
154.6182,0.2364441,12.77292981,0,5956.962432
154.7182,0.2363202,12.77292981,0,5949.638088
154.8182,0.2361964,12.77292981,0,5942.316792
154.9182,0.2360728,12.77292981,0,5934.998544
155.0182,0.2359493,12.77292981,0,5927.683344
155.1182,0.235826,12.77292981,0,5920.371192
155.2182,0.2357029,12.77292981,0,5913.062088
155.3182,0.2355799,12.77292981,0,5905.756032
155.4182,0.2354571,12.77292981,0,5898.453024
155.5182,0.2353343,12.77292981,0,5891.153064
155.6182,0.2352118,12.77292981,0,5883.856152
155.7182,0.2350893,12.77292981,0,5876.562288
155.8183,0.234967,12.77292981,0,5869.271472
155.9183,0.2348448,12.77292981,0,5861.983704
156.0183,0.2347228,12.77292981,0,5854.698984
156.1183,0.2346009,12.77292981,0,5847.417312
156.2183,0.2344791,12.77292981,0,5840.138688
156.3183,0.2343575,12.77292981,0,5832.863112
156.4183,0.2342361,12.77292981,0,5825.590584
156.5183,0.2341149,12.77292981,0,5818.321104
156.6183,0.2339937,12.77292981,0,5811.054672
156.7183,0.2338727,12.77292981,0,5803.791288
156.8183,0.2337518,12.77292981,0,5796.530952
156.9183,0.2336311,12.77292981,0,5789.273664
157.0183,0.2335105,12.77292981,0,5782.019424
157.1183,0.23339,12.77292981,0,5774.768232
157.2183,0.2332697,12.77292981,0,5767.520088
157.3183,0.2331495,12.77292981,0,5760.274992
157.4184,0.2330294,12.77292981,0,5753.035992
157.5184,0.2329095,12.77292981,0,5745.796992
157.6184,0.2327897,12.77292981,0,5738.557992
157.7184,0.2326701,12.77292981,0,5731.325088
157.8184,0.2325506,12.77292981,0,5724.095232
157.9184,0.2324312,12.77292981,0,5716.868424
158.0184,0.2323119,12.77292981,0,5709.644664
158.1184,0.2321929,12.77292981,0,5702.423952
158.2184,0.232074,12.77292981,0,5695.206288
158.3184,0.2319552,12.77292981,0,5687.991672
158.4184,0.2318366,12.77292981,0,5680.777056
158.5184,0.2317181,12.77292981,0,5673.568536
158.6184,0.2315997,12.77292981,0,5666.363064
158.7184,0.2314815,12.77292981,0,5659.16064
158.8184,0.2313634,12.77292981,0,5651.958216
158.9184,0.2312454,12.77292981,0,5644.761888
159.0184,0.2311275,12.77292981,0,5637.568608
159.1185,0.2310099,12.77292981,0,5630.375328
159.2185,0.2308923,12.77292981,0,5623.188144
159.3185,0.2307748,12.77292981,0,5616.004008
159.4185,0.2306575,12.77292981,0,5608.819872
159.5185,0.2305403,12.77292981,0,5601.641832
159.6185,0.2304233,12.77292981,0,5594.463792
159.7185,0.2303064,12.77292981,0,5587.291848
159.8185,0.2301896,12.77292981,0,5580.119904
159.9185,0.2300729,12.77292981,0,5572.951008
160.0185,0.2299564,12.77292981,0,5565.788208
160.1185,0.2298401,12.77292981,0,5558.625408
160.2185,0.2297238,12.77292981,0,5551.465656
160.3185,0.2296077,12.77292981,0,5544.308952
160.4185,0.2294917,12.77292981,0,5537.158344
160.5185,0.2293758,12.77292981,0,5530.007736
160.6185,0.2292601,12.77292981,0,5522.860176
160.7186,0.2291445,12.77292981,0,5515.715664
160.8186,0.229029,12.77292981,0,5508.5742
160.9186,0.2289137,12.77292981,0,5501.435784
161.0186,0.2287985,12.77292981,0,5494.300416
161.1186,0.2286834,12.77292981,0,5487.168096
161.2186,0.2285685,12.77292981,0,5480.035776
161.3186,0.2284537,12.77292981,0,5472.909552
161.4186,0.228339,12.77292981,0,5465.786376
161.5186,0.2282245,12.77292981,0,5458.6632
161.6186,0.22811,12.77292981,0,5451.54612
161.7186,0.2279958,12.77292981,0,5444.432088
161.8186,0.2278816,12.77292981,0,5437.318056
161.9186,0.2277676,12.77292981,0,5430.207072
162.0186,0.2276537,12.77292981,0,5423.102184
162.1186,0.2275399,12.77292981,0,5415.997296
162.2186,0.2274263,12.77292981,0,5408.895456
162.3186,0.2273127,12.77292981,0,5401.799712
162.4187,0.2271992,12.77292981,0,5394.703968
162.5187,0.2270859,12.77292981,0,5387.611272
162.6187,0.2269727,12.77292981,0,5380.521624
162.7187,0.2268596,12.77292981,0,5373.435024
162.8187,0.2267466,12.77292981,0,5366.348424
162.9187,0.2266338,12.77292981,0,5359.26792
163.0187,0.2265211,12.77292981,0,5352.190464
163.1187,0.2264086,12.77292981,0,5345.116056
163.2187,0.2262962,12.77292981,0,5338.041648
163.3187,0.2261838,12.77292981,0,5330.973336
163.4187,0.2260717,12.77292981,0,5323.905024
163.5187,0.2259596,12.77292981,0,5316.842808
163.6187,0.2258477,12.77292981,0,5309.780592
163.7187,0.2257359,12.77292981,0,5302.721424
163.8187,0.2256243,12.77292981,0,5295.665304
163.9187,0.2255128,12.77292981,0,5288.61528
164.0188,0.2254014,12.77292981,0,5281.562208
164.1188,0.2252901,12.77292981,0,5274.515232
164.2188,0.225179,12.77292981,0,5267.471304
164.3188,0.225068,12.77292981,0,5260.430424
164.4188,0.224957,12.77292981,0,5253.392592
164.5188,0.2248463,12.77292981,0,5246.35476
164.6188,0.2247356,12.77292981,0,5239.323024
164.7188,0.2246251,12.77292981,0,5232.291288
164.8188,0.2245146,12.77292981,0,5225.265648
164.9188,0.2244043,12.77292981,0,5218.240008
165.0188,0.2242941,12.77292981,0,5211.217416
165.1188,0.224184,12.77292981,0,5204.197872
165.2188,0.2240741,12.77292981,0,5197.181376
165.3188,0.2239642,12.77292981,0,5190.167928
165.4188,0.2238545,12.77292981,0,5183.157528
165.5188,0.223745,12.77292981,0,5176.150176
165.6189,0.2236356,12.77292981,0,5169.142824
165.7189,0.2235263,12.77292981,0,5162.141568
165.8189,0.2234171,12.77292981,0,5155.140312
165.9189,0.2233079,12.77292981,0,5148.142104
166.0189,0.2231989,12.77292981,0,5141.149992
166.1189,0.2231203,12.77292981,0,5134.15788
166.2189,0.2230403,12.77292981,0,5127.165768
166.3189,0.222959,12.77292981,0,5120.176704
166.4189,0.2228764,12.77292981,0,5113.190688
166.5189,0.2227926,12.77292981,0,5106.204672
166.6189,0.2227076,12.77292981,0,5099.221704
166.7189,0.2226214,12.77292981,0,5092.241784
166.8189,0.2225341,12.77292981,0,5085.261864
166.9189,0.2224457,12.77292981,0,5078.284992
167.0189,0.2223563,12.77292981,0,5071.311168
167.1189,0.2222658,12.77292981,0,5064.340392
167.2189,0.2221744,12.77292981,0,5057.369616
167.319,0.2220821,12.77292981,0,5050.401888
167.419,0.2219888,12.77292981,0,5043.437208
167.519,0.2218946,12.77292981,0,5036.472528
167.619,0.2217997,12.77292981,0,5029.510896
167.719,0.2217038,12.77292981,0,5022.552312
167.819,0.2216072,12.77292981,0,5015.596776
167.919,0.2215099,12.77292981,0,5008.644288
168.019,0.2214118,12.77292981,0,5001.6918
168.119,0.221313,12.77292981,0,4994.74236
168.219,0.2212135,12.77292981,0,4987.795968
168.319,0.2211133,12.77292981,0,4980.852624
168.419,0.2210125,12.77292981,0,4973.912328
168.519,0.2209111,12.77292981,0,4966.972032
168.619,0.2208091,12.77292981,0,4960.034784
168.719,0.2207065,12.77292981,0,4953.100584
168.819,0.2206034,12.77292981,0,4946.169432
168.9191,0.2204998,12.77292981,0,4939.241328
169.0191,0.2203957,12.77292981,0,4932.316272
169.1191,0.2202911,12.77292981,0,4925.394264
169.2191,0.2201861,12.77292981,0,4918.472256
169.3191,0.2200806,12.77292981,0,4911.556344
169.4191,0.2199747,12.77292981,0,4904.640432
169.5191,0.2198684,12.77292981,0,4897.727568
169.6191,0.2197616,12.77292981,0,4890.817752
169.7191,0.2196545,12.77292981,0,4883.910984
169.8191,0.219547,12.77292981,0,4877.007264
169.9191,0.2194393,12.77292981,0,4870.103544
170.0191,0.2193312,12.77292981,0,4863.20592
170.1191,0.2192229,12.77292981,0,4856.311344
170.2191,0.2191142,12.77292981,0,4849.416768
170.3191,0.2190052,12.77292981,0,4842.52524
170.4191,0.218896,12.77292981,0,4835.639808
170.5191,0.2187865,12.77292981,0,4828.754376
170.6192,0.2186768,12.77292981,0,4821.871992
170.7192,0.2185668,12.77292981,0,4814.992656
170.8192,0.2184567,12.77292981,0,4808.116368
170.9192,0.2183463,12.77292981,0,4801.243128
171.0192,0.2182358,12.77292981,0,4794.372936
171.1192,0.2181251,12.77292981,0,4787.505792
171.2192,0.2180142,12.77292981,0,4780.641696
171.3192,0.2179031,12.77292981,0,4773.7776
171.4192,0.2177919,12.77292981,0,4766.9196
171.5192,0.2176806,12.77292981,0,4760.0616
171.6192,0.2175691,12.77292981,0,4753.209696
171.7192,0.2174576,12.77292981,0,4746.357792
171.8192,0.217346,12.77292981,0,4739.511984
171.9192,0.2172342,12.77292981,0,4732.666176
172.0192,0.2171224,12.77292981,0,4725.826464
172.1192,0.2170105,12.77292981,0,4718.986752
172.2193,0.2168985,12.77292981,0,4712.150088
172.3193,0.2167865,12.77292981,0,4705.316472
172.4193,0.2166744,12.77292981,0,4698.485904
172.5193,0.2165622,12.77292981,0,4691.658384
172.6193,0.21645,12.77292981,0,4684.83696
172.7193,0.2163377,12.77292981,0,4678.015536
172.8193,0.2162254,12.77292981,0,4671.19716
172.9193,0.216113,12.77292981,0,4664.378784
173.0193,0.2160007,12.77292981,0,4657.566504
173.1193,0.2158884,12.77292981,0,4650.757272
173.2193,0.215776,12.77292981,0,4643.951088
173.3193,0.2156637,12.77292981,0,4637.147952
173.4193,0.2155514,12.77292981,0,4630.347864
173.5193,0.2154391,12.77292981,0,4623.547776
173.6193,0.2153268,12.77292981,0,4616.753784
173.7193,0.2152145,12.77292981,0,4609.96284
173.8194,0.2151022,12.77292981,0,4603.171896
173.9194,0.21499,12.77292981,0,4596.387048
174.0194,0.2148778,12.77292981,0,4589.6022
174.1194,0.2147656,12.77292981,0,4582.823448
174.2194,0.2146536,12.77292981,0,4576.044696
174.3194,0.2145416,12.77292981,0,4569.27204
174.4194,0.2144296,12.77292981,0,4562.499384
174.5194,0.2143177,12.77292981,0,4555.729776
174.6194,0.2142058,12.77292981,0,4548.963216
174.7194,0.214094,12.77292981,0,4542.202752
174.8194,0.2139823,12.77292981,0,4535.442288
174.9194,0.2138706,12.77292981,0,4528.684872
175.0194,0.213759,12.77292981,0,4521.930504
175.1194,0.2136476,12.77292981,0,4515.179184
175.2194,0.2135362,12.77292981,0,4508.430912
175.3194,0.2134249,12.77292981,0,4501.685688
175.4194,0.2133137,12.77292981,0,4494.943512
175.5195,0.2132025,12.77292981,0,4488.204384
175.6195,0.2130915,12.77292981,0,4481.468304
175.7195,0.2129806,12.77292981,0,4474.735272
175.8195,0.2128697,12.77292981,0,4468.005288
175.9195,0.212759,12.77292981,0,4461.275304
176.0195,0.2126484,12.77292981,0,4454.551416
176.1195,0.2125378,12.77292981,0,4447.830576
176.2195,0.2124275,12.77292981,0,4441.109736
176.3195,0.2123171,12.77292981,0,4434.394992
176.4195,0.2122069,12.77292981,0,4427.680248
176.5195,0.2120968,12.77292981,0,4420.9716
176.6195,0.2119868,12.77292981,0,4414.262952
176.7195,0.211877,12.77292981,0,4407.557352
176.8195,0.2117673,12.77292981,0,4400.8548
176.9195,0.2116576,12.77292981,0,4394.158344
177.0195,0.2115482,12.77292981,0,4387.461888
177.1196,0.2114388,12.77292981,0,4380.76848
177.2196,0.2113296,12.77292981,0,4374.07812
177.3196,0.2112205,12.77292981,0,4367.390808
177.4196,0.2111115,12.77292981,0,4360.706544
177.5196,0.2110027,12.77292981,0,4354.02228
177.6196,0.2108939,12.77292981,0,4347.344112
177.7196,0.2107854,12.77292981,0,4340.668992
177.8196,0.2106771,12.77292981,0,4333.99692
177.9196,0.2105688,12.77292981,0,4327.324848
178.0196,0.2104607,12.77292981,0,4320.658872
178.1196,0.2103527,12.77292981,0,4313.992896
178.2196,0.2102448,12.77292981,0,4307.333016
178.3196,0.210137,12.77292981,0,4300.673136
178.4196,0.2100294,12.77292981,0,4294.016304
178.5196,0.209922,12.77292981,0,4287.36252
178.6196,0.2098147,12.77292981,0,4280.711784
178.7197,0.2097076,12.77292981,0,4274.064096
178.8197,0.2096005,12.77292981,0,4267.419456
178.9197,0.2094937,12.77292981,0,4260.777864
179.0197,0.209387,12.77292981,0,4254.13932
179.1197,0.2092804,12.77292981,0,4247.503824
179.2197,0.209174,12.77292981,0,4240.868328
179.3197,0.2090677,12.77292981,0,4234.238928
179.4197,0.2089616,12.77292981,0,4227.609528
179.5197,0.2088556,12.77292981,0,4220.983176
179.6197,0.2087497,12.77292981,0,4214.36292
179.7197,0.2086441,12.77292981,0,4207.742664
179.8197,0.2085386,12.77292981,0,4201.125456
179.9197,0.2084332,12.77292981,0,4194.511296
180.0197,0.2083279,12.77292981,0,4187.900184
180.1197,0.2082229,12.77292981,0,4181.29212
180.2197,0.208118,12.77292981,0,4174.684056
180.3197,0.2080132,12.77292981,0,4168.082088
180.4198,0.2079086,12.77292981,0,4161.48012
180.5198,0.2078041,12.77292981,0,4154.884248
180.6198,0.2076998,12.77292981,0,4148.288376
180.7198,0.2075956,12.77292981,0,4141.695552
180.8198,0.2074916,12.77292981,0,4135.105776
180.9198,0.2073877,12.77292981,0,4128.519048
181.0198,0.207284,12.77292981,0,4121.935368
181.1198,0.2071805,12.77292981,0,4115.354736
181.2198,0.207077,12.77292981,0,4108.777152
181.3198,0.2069739,12.77292981,0,4102.199568
181.4198,0.2068708,12.77292981,0,4095.62808
181.5198,0.2067679,12.77292981,0,4089.056592
181.6198,0.2066651,12.77292981,0,4082.488152
181.7198,0.2065625,12.77292981,0,4075.925808
181.8198,0.2064601,12.77292981,0,4069.360416
181.9198,0.2063577,12.77292981,0,4062.80112
182.0199,0.2062556,12.77292981,0,4056.244872
182.1199,0.2061536,12.77292981,0,4049.691672
182.2199,0.2060517,12.77292981,0,4043.138472
182.3199,0.20595,12.77292981,0,4036.591368
182.4199,0.2058484,12.77292981,0,4030.044264
182.5199,0.2057471,12.77292981,0,4023.500208
182.6199,0.2056459,12.77292981,0,4016.9592
182.7199,0.2055448,12.77292981,0,4010.42124
182.8199,0.2054438,12.77292981,0,4003.886328
182.9199,0.2053431,12.77292981,0,3997.351416
183.0199,0.2052424,12.77292981,0,3990.8226
183.1199,0.2051419,12.77292981,0,3984.293784
183.2199,0.2050416,12.77292981,0,3977.768016
183.3199,0.2049415,12.77292981,0,3971.248344
183.4199,0.2048415,12.77292981,0,3964.725624
183.5199,0.2047417,12.77292981,0,3958.209
183.6199,0.204642,12.77292981,0,3951.695424
183.72,0.2045425,12.77292981,0,3945.184896
183.82,0.2044431,12.77292981,0,3938.674368
183.92,0.2043438,12.77292981,0,3932.166888
184.02,0.2042448,12.77292981,0,3925.662456
184.12,0.2041459,12.77292981,0,3919.161072
184.22,0.2040471,12.77292981,0,3912.662736
184.32,0.2039484,12.77292981,0,3906.167448
184.42,0.20385,12.77292981,0,3899.67216
184.52,0.2037516,12.77292981,0,3893.182968
184.62,0.2036535,12.77292981,0,3886.693776
184.72,0.2035555,12.77292981,0,3880.207632
184.82,0.2034576,12.77292981,0,3873.724536
184.92,0.2033599,12.77292981,0,3867.244488
185.02,0.2032623,12.77292981,0,3860.76444
185.12,0.2031649,12.77292981,0,3854.290488
185.22,0.2030676,12.77292981,0,3847.816536
185.3201,0.2029705,12.77292981,0,3841.345632
185.4201,0.2028735,12.77292981,0,3834.877776
185.5201,0.2027767,12.77292981,0,3828.412968
185.6201,0.2026801,12.77292981,0,3821.951208
185.7201,0.2025835,12.77292981,0,3815.489448
185.8201,0.2024872,12.77292981,0,3809.030736
185.9201,0.2023909,12.77292981,0,3802.575072
186.0201,0.2022948,12.77292981,0,3796.122456
186.1201,0.2021989,12.77292981,0,3789.672888
186.2201,0.2021031,12.77292981,0,3783.226368
186.3201,0.2020075,12.77292981,0,3776.779848
186.4201,0.201912,12.77292981,0,3770.336376
186.5201,0.2018166,12.77292981,0,3763.895952
186.6201,0.2017214,12.77292981,0,3757.458576
186.7201,0.2016264,12.77292981,0,3751.024248
186.8201,0.2015314,12.77292981,0,3744.58992
186.9202,0.2014366,12.77292981,0,3738.161688
187.0202,0.201342,12.77292981,0,3731.733456
187.1202,0.2012476,12.77292981,0,3725.308272
187.2202,0.2011533,12.77292981,0,3718.886136
187.3202,0.201059,12.77292981,0,3712.464
187.4202,0.200965,12.77292981,0,3706.04796
187.5202,0.2008712,12.77292981,0,3699.63192
187.6202,0.2007774,12.77292981,0,3693.218928
187.7202,0.2006837,12.77292981,0,3686.808984
187.8202,0.2005903,12.77292981,0,3680.39904
187.9202,0.200497,12.77292981,0,3673.995192
188.0202,0.2004038,12.77292981,0,3667.591344
188.1202,0.2003107,12.77292981,0,3661.190544
188.2202,0.2002178,12.77292981,0,3654.792792
188.3202,0.200125,12.77292981,0,3648.39504
188.4202,0.2000324,12.77292981,0,3642.003384
188.5202,0.1999399,12.77292981,0,3635.611728
188.6203,0.1998476,12.77292981,0,3629.22312
188.7203,0.1997554,12.77292981,0,3622.83756
188.8203,0.1996633,12.77292981,0,3616.452
188.9203,0.1995714,12.77292981,0,3610.072536
189.0203,0.1994797,12.77292981,0,3603.693072
189.1203,0.199388,12.77292981,0,3597.316656
189.2203,0.1992965,12.77292981,0,3590.943288
189.3203,0.1992051,12.77292981,0,3584.572968
189.4203,0.1991138,12.77292981,0,3578.202648
189.5203,0.1990227,12.77292981,0,3571.835376
189.6203,0.1989318,12.77292981,0,3565.471152
189.7203,0.198841,12.77292981,0,3559.109976
189.8203,0.1987503,12.77292981,0,3552.7488
189.9203,0.1986597,12.77292981,0,3546.390672
190.0203,0.1985692,12.77292981,0,3540.035592
190.1203,0.198479,12.77292981,0,3533.68356
190.2204,0.1983889,12.77292981,0,3527.334576
190.3204,0.1982989,12.77292981,0,3520.985592
190.4204,0.198209,12.77292981,0,3514.639656
190.5204,0.1981192,12.77292981,0,3508.296768
190.6204,0.1980295,12.77292981,0,3501.956928
190.7204,0.1979401,12.77292981,0,3495.617088
190.8204,0.1978508,12.77292981,0,3489.283344
190.9204,0.1977616,12.77292981,0,3482.9496
191.0204,0.1976725,12.77292981,0,3476.615856
191.1204,0.1975835,12.77292981,0,3470.288208
191.2204,0.1974946,12.77292981,0,3463.96056
191.3204,0.197406,12.77292981,0,3457.63596
191.4204,0.1973175,12.77292981,0,3451.314408
191.5204,0.197229,12.77292981,0,3444.992856
191.6204,0.1971407,12.77292981,0,3438.6774
191.7204,0.1970526,12.77292981,0,3432.361944
191.8204,0.1969645,12.77292981,0,3426.049536
191.9205,0.1968765,12.77292981,0,3419.737128
192.0205,0.1967887,12.77292981,0,3413.430816
192.1205,0.1967011,12.77292981,0,3407.124504
192.2205,0.1966136,12.77292981,0,3400.82124
192.3205,0.1965262,12.77292981,0,3394.517976
192.4205,0.1964389,12.77292981,0,3388.220808
192.5205,0.1963518,12.77292981,0,3381.92364
192.6205,0.1962647,12.77292981,0,3375.62952
192.7205,0.1961778,12.77292981,0,3369.3354
192.8205,0.1960911,12.77292981,0,3363.047376
192.9205,0.1960045,12.77292981,0,3356.759352
193.0205,0.195918,12.77292981,0,3350.474376
193.1205,0.1958316,12.77292981,0,3344.1894
193.2205,0.1957454,12.77292981,0,3337.91052
193.3205,0.1956593,12.77292981,0,3331.63164
193.4205,0.1955733,12.77292981,0,3325.35276
193.5206,0.1954874,12.77292981,0,3319.079976
193.6206,0.1954016,12.77292981,0,3312.807192
193.7206,0.1953159,12.77292981,0,3306.537456
193.8206,0.1952303,12.77292981,0,3300.270768
193.9206,0.1951449,12.77292981,0,3294.007128
194.0206,0.1950597,12.77292981,0,3287.743488
194.1206,0.1949746,12.77292981,0,3281.482896
194.2206,0.1948896,12.77292981,0,3275.225352
194.3206,0.1948047,12.77292981,0,3268.967808
194.4206,0.1947199,12.77292981,0,3262.713312
194.5206,0.1946353,12.77292981,0,3256.461864
194.6206,0.1945507,12.77292981,0,3250.213464
194.7206,0.1944663,12.77292981,0,3243.965064
194.8206,0.194382,12.77292981,0,3237.719712
194.9206,0.1942978,12.77292981,0,3231.477408
195.0206,0.1942137,12.77292981,0,3225.235104
195.1207,0.1941298,12.77292981,0,3218.998896
195.2207,0.1940459,12.77292981,0,3212.75964
195.3207,0.1939622,12.77292981,0,3206.52648
195.4207,0.1938786,12.77292981,0,3200.296368
195.5207,0.1937951,12.77292981,0,3194.066256
195.6207,0.1937117,12.77292981,0,3187.839192
195.7207,0.1936284,12.77292981,0,3181.612128
195.8207,0.1935453,12.77292981,0,3175.388112
195.9207,0.1934623,12.77292981,0,3169.167144
196.0207,0.1933795,12.77292981,0,3162.949224
196.1207,0.1932967,12.77292981,0,3156.731304
196.2207,0.1932141,12.77292981,0,3150.516432
196.3207,0.1931316,12.77292981,0,3144.304608
196.4207,0.1930491,12.77292981,0,3138.095832
196.5207,0.1929668,12.77292981,0,3131.887056
196.6207,0.1928847,12.77292981,0,3125.681328
196.7207,0.1928026,12.77292981,0,3119.478648
196.8208,0.1927207,12.77292981,0,3113.275968
196.9208,0.1926389,12.77292981,0,3107.076336
197.0208,0.1925572,12.77292981,0,3100.879752
197.1208,0.1924757,12.77292981,0,3094.683168
197.2208,0.1923942,12.77292981,0,3088.489632
197.3208,0.1923128,12.77292981,0,3082.299144
197.4208,0.1922315,12.77292981,0,3076.111704
197.5208,0.1921503,12.77292981,0,3069.924264
197.6208,0.1920693,12.77292981,0,3063.739872
197.7208,0.1919884,12.77292981,0,3057.558528
197.8208,0.1919075,12.77292981,0,3051.377184
197.9208,0.1918268,12.77292981,0,3045.198888
198.0208,0.1917461,12.77292981,0,3039.022726
198.1208,0.1916656,12.77292981,0,3032.848697
198.2208,0.1915852,12.77292981,0,3026.676802
198.3208,0.1915049,12.77292981,0,3020.50704
198.4209,0.1914247,12.77292981,0,3014.339107
198.5209,0.1913446,12.77292981,0,3008.173613
198.6209,0.1912646,12.77292981,0,3002.009947
198.7209,0.1911848,12.77292981,0,2995.848415
198.8209,0.191105,12.77292981,0,2989.689017
198.9209,0.1910254,12.77292981,0,2983.531752
199.0209,0.1909459,12.77292981,0,2977.376621
199.1209,0.1908665,12.77292981,0,2971.223318
199.2209,0.1907872,12.77292981,0,2965.072454
199.3209,0.190708,12.77292981,0,2958.923419
199.4209,0.1906289,12.77292981,0,2952.776518
199.5209,0.19055,12.77292981,0,2946.63175
199.6209,0.1904712,12.77292981,0,2940.48881
199.7209,0.1903925,12.77292981,0,2934.34831
199.8209,0.1903138,12.77292981,0,2928.209638
199.9209,0.1902353,12.77292981,0,2922.073099
200.021,0.1901569,12.77292981,0,2915.938999
200.121,0.1900785,12.77292981,0,2909.806423
200.221,0.1900003,12.77292981,0,2903.675981
200.321,0.1899221,12.77292981,0,2897.547672
200.421,0.1898441,12.77292981,0,2891.421192
200.521,0.1897662,12.77292981,0,2885.296846
200.621,0.1896884,12.77292981,0,2879.174633
200.721,0.1896107,12.77292981,0,2873.054554
200.821,0.1895331,12.77292981,0,2866.936608
200.921,0.1894557,12.77292981,0,2860.820491
201.021,0.1893783,12.77292981,0,2854.706203
201.121,0.189301,12.77292981,0,2848.594049
201.221,0.1892237,12.77292981,0,2842.484028
201.321,0.1891466,12.77292981,0,2836.375836
201.421,0.1890696,12.77292981,0,2830.269778
201.521,0.1889928,12.77292981,0,2824.165853
201.621,0.188916,12.77292981,0,2818.063757
201.7211,0.1888393,12.77292981,0,2811.964099
201.8211,0.1887628,12.77292981,0,2805.865966
201.9211,0.1886863,12.77292981,0,2799.769966
202.0211,0.18861,12.77292981,0,2793.676099
202.1211,0.1885337,12.77292981,0,2787.583757
202.2211,0.1884575,12.77292981,0,2781.493853
202.3211,0.1883814,12.77292981,0,2775.405778
202.4211,0.1883055,12.77292981,0,2769.319531
202.5211,0.1882296,12.77292981,0,2763.235418
202.6211,0.1881538,12.77292981,0,2757.153439
202.7211,0.1880782,12.77292981,0,2751.073289
202.8211,0.1880027,12.77292981,0,2744.995272
202.9211,0.1879272,12.77292981,0,2738.919084
203.0211,0.1878518,12.77292981,0,2732.844725
203.1211,0.1877765,12.77292981,0,2726.772499
203.2211,0.1877013,12.77292981,0,2720.702407
203.3212,0.1876263,12.77292981,0,2714.634144
203.4212,0.1875513,12.77292981,0,2708.568014
203.5212,0.1874764,12.77292981,0,2702.503409
203.6212,0.1874016,12.77292981,0,2696.441242
203.7212,0.1873268,12.77292981,0,2690.380598
203.8212,0.1872523,12.77292981,0,2684.322089
203.9212,0.1871778,12.77292981,0,2678.265713
204.0212,0.1871034,12.77292981,0,2672.211166
204.1212,0.187029,12.77292981,0,2666.158447
204.2212,0.1869548,12.77292981,0,2660.107862
204.3212,0.1868807,12.77292981,0,2654.059106
204.4212,0.1868066,12.77292981,0,2648.012179
204.5212,0.1867327,12.77292981,0,2641.967386
204.6212,0.1866589,12.77292981,0,2635.924421
204.7212,0.1865851,12.77292981,0,2629.88359
204.8212,0.1865115,12.77292981,0,2623.844282
204.9212,0.1864379,12.77292981,0,2617.806804
205.0213,0.1863645,12.77292981,0,2611.771764
205.1213,0.1862911,12.77292981,0,2605.738248
205.2213,0.1862179,12.77292981,0,2599.706866
205.3213,0.1861448,12.77292981,0,2593.677007
205.4213,0.1860716,12.77292981,0,2587.649587
205.5213,0.1859987,12.77292981,0,2581.623996
205.6213,0.1859258,12.77292981,0,2575.599929
205.7213,0.185853,12.77292981,0,2569.577995
205.8213,0.1857804,12.77292981,0,2563.55789
205.9213,0.1857077,12.77292981,0,2557.539919
206.0213,0.1856352,12.77292981,0,2551.523777
206.1213,0.1855627,12.77292981,0,2545.509158
206.2213,0.1854904,12.77292981,0,2539.496978
206.3213,0.1854182,12.77292981,0,2533.486322
206.4213,0.185346,12.77292981,0,2527.477495
206.5213,0.1852739,12.77292981,0,2521.470802
206.6214,0.185202,12.77292981,0,2515.465937
206.7214,0.1851301,12.77292981,0,2509.462901
206.8214,0.1850584,12.77292981,0,2503.461694
206.9214,0.1849867,12.77292981,0,2497.462315
207.0214,0.1849151,12.77292981,0,2491.46507
207.1214,0.1848435,12.77292981,0,2485.46935
207.2214,0.1847721,12.77292981,0,2479.475762
207.3214,0.1847008,12.77292981,0,2473.484004
207.4214,0.1846295,12.77292981,0,2467.494074
207.5214,0.1845583,12.77292981,0,2461.505974
207.6214,0.1844873,12.77292981,0,2455.519702
207.7214,0.1844163,12.77292981,0,2449.535563
207.8214,0.1843454,12.77292981,0,2443.552949
207.9214,0.1842746,12.77292981,0,2437.572163
208.0214,0.1842039,12.77292981,0,2431.593206
208.1214,0.1841333,12.77292981,0,2425.616383
208.2215,0.1840627,12.77292981,0,2419.641389
208.3215,0.1839922,12.77292981,0,2413.667918
208.4215,0.1839219,12.77292981,0,2407.696582
208.5215,0.1838516,12.77292981,0,2401.726769
208.6215,0.1837814,12.77292981,0,2395.75909
208.7215,0.1837112,12.77292981,0,2389.792934
208.8215,0.1836412,12.77292981,0,2383.828913
208.9215,0.1835713,12.77292981,0,2377.866415
209.0215,0.1835014,12.77292981,0,2371.906051
209.1215,0.1834317,12.77292981,0,2365.947516
209.2215,0.183362,12.77292981,0,2359.990505
209.3215,0.1832924,12.77292981,0,2354.035627
209.4215,0.1832228,12.77292981,0,2348.082274
209.5215,0.1831534,12.77292981,0,2342.131054
209.6215,0.1830841,12.77292981,0,2336.181358
209.7215,0.1830149,12.77292981,0,2330.233795
209.8215,0.1829457,12.77292981,0,2324.287757
209.9216,0.1828766,12.77292981,0,2318.343547
210.0216,0.1828076,12.77292981,0,2312.401166
210.1216,0.1827387,12.77292981,0,2306.46031
210.2216,0.1826698,12.77292981,0,2300.521586
210.3216,0.1826011,12.77292981,0,2294.584692
210.4216,0.1825324,12.77292981,0,2288.649626
210.5216,0.1824638,12.77292981,0,2282.71639
210.6216,0.1823953,12.77292981,0,2276.784677
210.7216,0.1823269,12.77292981,0,2270.855098
210.8216,0.1822586,12.77292981,0,2264.927042
210.9216,0.1821903,12.77292981,0,2259.000816
211.0216,0.1821221,12.77292981,0,2253.076418
211.1216,0.182054,12.77292981,0,2247.15385
211.2216,0.1819861,12.77292981,0,2241.232805
211.3216,0.1819181,12.77292981,0,2235.313589
211.4216,0.1818503,12.77292981,0,2229.396202
211.5217,0.1817826,12.77292981,0,2223.480643
211.6217,0.1817149,12.77292981,0,2217.566609
211.7217,0.1816473,12.77292981,0,2211.654708
211.8217,0.1815798,12.77292981,0,2205.744331
211.9217,0.1815123,12.77292981,0,2199.836088
212.0217,0.1814449,12.77292981,0,2193.929064
212.1217,0.1813776,12.77292981,0,2188.024174
212.2217,0.1813105,12.77292981,0,2182.120807
212.3217,0.1812433,12.77292981,0,2176.21927
212.4217,0.1811763,12.77292981,0,2170.319561
212.5217,0.1811094,12.77292981,0,2164.421376
212.6217,0.1810425,12.77292981,0,2158.52502
212.7217,0.1809757,12.77292981,0,2152.630798
212.8217,0.180909,12.77292981,0,2146.737794
212.9217,0.1808423,12.77292981,0,2140.84662
213.0217,0.1807757,12.77292981,0,2134.957579
213.1217,0.1807093,12.77292981,0,2129.069758
213.2218,0.1806429,12.77292981,0,2123.18407
213.3218,0.1805766,12.77292981,0,2117.299906
213.4218,0.1805103,12.77292981,0,2111.41757
213.5218,0.1804442,12.77292981,0,2105.536759
213.6218,0.1803781,12.77292981,0,2099.657777
213.7218,0.1803121,12.77292981,0,2093.780623
213.8218,0.1802462,12.77292981,0,2087.905298
213.9218,0.1801804,12.77292981,0,2082.031498
214.0218,0.1801146,12.77292981,0,2076.159221
214.1218,0.1800489,12.77292981,0,2070.289078
214.2218,0.1799833,12.77292981,0,2064.420458
214.3218,0.1799177,12.77292981,0,2058.553363
214.4218,0.1798523,12.77292981,0,2052.688402
214.5218,0.1797868,12.77292981,0,2046.824659
214.6218,0.1797215,12.77292981,0,2040.96305
214.7218,0.1796564,12.77292981,0,2035.102966
214.8219,0.1795912,12.77292981,0,2029.244405
214.9219,0.1795261,12.77292981,0,2023.387673
215.0219,0.1794611,12.77292981,0,2017.53277
215.1219,0.1793962,12.77292981,0,2011.67939
215.2219,0.1793313,12.77292981,0,2005.82784
215.3219,0.1792665,12.77292981,0,1999.977814
215.4219,0.1792018,12.77292981,0,1994.129616
215.5219,0.1791372,12.77292981,0,1988.282942
215.6219,0.1790726,12.77292981,0,1982.438098
215.7219,0.1790081,12.77292981,0,1976.595082
215.8219,0.1789437,12.77292981,0,1970.75359
215.9219,0.1788793,12.77292981,0,1964.913622
216.0219,0.178815,12.77292981,0,1959.075482
216.1219,0.1787509,12.77292981,0,1953.238867
216.2219,0.1786867,12.77292981,0,1947.404081
216.3219,0.1786227,12.77292981,0,1941.570818
216.422,0.1785587,12.77292981,0,1935.739385
216.522,0.1784948,12.77292981,0,1929.90978
216.622,0.178431,12.77292981,0,1924.081699
216.722,0.1783673,12.77292981,0,1918.255142
216.822,0.1783036,12.77292981,0,1912.43011
216.922,0.17824,12.77292981,0,1906.606906
217.022,0.1781765,12.77292981,0,1900.78553
217.122,0.1781131,12.77292981,0,1894.965679
217.222,0.1780497,12.77292981,0,1889.147352
217.322,0.1779864,12.77292981,0,1883.330854
217.422,0.1779231,12.77292981,0,1877.516184
217.522,0.17786,12.77292981,0,1871.702734
217.622,0.1777969,12.77292981,0,1865.891112
217.722,0.1777338,12.77292981,0,1860.081319
217.822,0.1776709,12.77292981,0,1854.27305
217.922,0.1776081,12.77292981,0,1848.466306
218.022,0.1775453,12.77292981,0,1842.66139
218.1221,0.1774825,12.77292981,0,1836.857998
218.2221,0.1774198,12.77292981,0,1831.05613
218.3221,0.1773573,12.77292981,0,1825.25609
218.4221,0.1772947,12.77292981,0,1819.457575
218.5221,0.1772323,12.77292981,0,1813.660584
218.6221,0.1771699,12.77292981,0,1807.865422
218.7221,0.1771076,12.77292981,0,1802.071783
218.8221,0.1770454,12.77292981,0,1796.279669
218.9221,0.1769832,12.77292981,0,1790.489383
219.0221,0.1769211,12.77292981,0,1784.700317
219.1221,0.1768591,12.77292981,0,1778.913384
219.2221,0.1767972,12.77292981,0,1773.12767
219.3221,0.1767353,12.77292981,0,1767.343786
219.4221,0.1766734,12.77292981,0,1761.561425
219.5221,0.1766117,12.77292981,0,1755.780893
219.6221,0.17655,12.77292981,0,1750.00158
219.7222,0.1764883,12.77292981,0,1744.224096
219.8222,0.1764268,12.77292981,0,1738.448136
219.9222,0.1763653,12.77292981,0,1732.674005
220.0222,0.1763039,12.77292981,0,1726.901398
220.1222,0.1762426,12.77292981,0,1721.13001
220.2222,0.1761813,12.77292981,0,1715.360755
220.3222,0.1761201,12.77292981,0,1709.59272
220.4222,0.176059,12.77292981,0,1703.826209
220.5222,0.1759979,12.77292981,0,1698.061526
220.6222,0.1759369,12.77292981,0,1692.298673
220.7222,0.1758759,12.77292981,0,1686.537038
220.8222,0.1758151,12.77292981,0,1680.776928
220.9222,0.1757543,12.77292981,0,1675.018646
221.0222,0.1756936,12.77292981,0,1669.261889
221.1222,0.175633,12.77292981,0,1663.506655
221.2222,0.1755724,12.77292981,0,1657.752946
221.3223,0.1755119,12.77292981,0,1652.001065
221.4223,0.1754514,12.77292981,0,1646.250403
221.5223,0.175391,12.77292981,0,1640.50157
221.6223,0.1753307,12.77292981,0,1634.754262
221.7223,0.1752704,12.77292981,0,1629.008477
221.8223,0.1752102,12.77292981,0,1623.264216
221.9223,0.1751501,12.77292981,0,1617.521784
222.0223,0.17509,12.77292981,0,1611.780571
222.1223,0.17503,12.77292981,0,1606.041187
222.2223,0.1749701,12.77292981,0,1600.303022
222.3223,0.1749102,12.77292981,0,1594.566686
222.4223,0.1748504,12.77292981,0,1588.831874
222.5223,0.1747906,12.77292981,0,1583.098586
222.6223,0.174731,12.77292981,0,1577.366822
222.7223,0.1746714,12.77292981,0,1571.636887
222.8223,0.1746118,12.77292981,0,1565.908171
222.9223,0.1745524,12.77292981,0,1560.181284
223.0224,0.174493,12.77292981,0,1554.455616
223.1224,0.1744336,12.77292981,0,1548.731777
223.2224,0.1743743,12.77292981,0,1543.009157
223.3224,0.1743151,12.77292981,0,1537.288366
223.4224,0.1742559,12.77292981,0,1531.569098
223.5224,0.1741968,12.77292981,0,1525.85105
223.6224,0.1741378,12.77292981,0,1520.134831
223.7224,0.1740788,12.77292981,0,1514.420136
223.8224,0.1740199,12.77292981,0,1508.706965
223.9224,0.1739611,12.77292981,0,1502.995013
224.0224,0.1739023,12.77292981,0,1497.285194
224.1224,0.1738436,12.77292981,0,1491.576595
224.2224,0.1737849,12.77292981,0,1485.869215
224.3224,0.1737263,12.77292981,0,1480.163664
224.4224,0.1736678,12.77292981,0,1474.459637
224.5224,0.1736094,12.77292981,0,1468.757134
224.6225,0.173551,12.77292981,0,1463.056154
224.7225,0.1734927,12.77292981,0,1457.356699
224.8225,0.1734344,12.77292981,0,1451.658768
224.9225,0.1733762,12.77292981,0,1445.962361
225.0225,0.173318,12.77292981,0,1440.267478
225.1225,0.17326,12.77292981,0,1434.574118
225.2225,0.1732019,12.77292981,0,1428.882283
225.3225,0.173144,12.77292981,0,1423.191667
225.4225,0.1730861,12.77292981,0,1417.50288
225.5225,0.1730283,12.77292981,0,1411.815312
225.6225,0.1729705,12.77292981,0,1406.129573
225.7225,0.1729127,12.77292981,0,1400.445358
225.8225,0.1728552,12.77292981,0,1394.762362
225.9225,0.1727976,12.77292981,0,1389.081194
226.0225,0.1727401,12.77292981,0,1383.401246
226.1225,0.1726826,12.77292981,0,1377.722822
226.2225,0.1726252,12.77292981,0,1372.045922
226.3226,0.1725678,12.77292981,0,1366.370546
226.4226,0.1725106,12.77292981,0,1360.696694
226.5226,0.1724533,12.77292981,0,1355.024062
226.6226,0.1723962,12.77292981,0,1349.353258
226.7226,0.1723391,12.77292981,0,1343.683673
226.8226,0.172282,12.77292981,0,1338.015612
226.9226,0.172225,12.77292981,0,1332.34938
227.0226,0.1721681,12.77292981,0,1326.684367
227.1226,0.1721112,12.77292981,0,1321.020878
227.2226,0.1720544,12.77292981,0,1315.358609
227.3226,0.1719976,12.77292981,0,1309.698168
227.4226,0.171941,12.77292981,0,1304.039251
227.5226,0.1718843,12.77292981,0,1298.381554
227.6226,0.1718277,12.77292981,0,1292.725685
227.7226,0.1717712,12.77292981,0,1287.071035
227.8226,0.1717147,12.77292981,0,1281.417605
227.9227,0.1716583,12.77292981,0,1275.766003
228.0227,0.171602,12.77292981,0,1270.115621
228.1227,0.1715457,12.77292981,0,1264.467067
228.2227,0.1714895,12.77292981,0,1258.819733
228.3227,0.1714333,12.77292981,0,1253.173922
228.4227,0.1713772,12.77292981,0,1247.529636
228.5227,0.1713211,12.77292981,0,1241.886569
228.6227,0.1712652,12.77292981,0,1236.245026
228.7227,0.1712093,12.77292981,0,1230.605006
228.8227,0.1711534,12.77292981,0,1224.966511
228.9227,0.1710975,12.77292981,0,1219.32954
229.0227,0.1710418,12.77292981,0,1213.693788
229.1227,0.1709861,12.77292981,0,1208.05956
229.2227,0.1709305,12.77292981,0,1202.426856
229.3227,0.170875,12.77292981,0,1196.795371
229.4227,0.1708195,12.77292981,0,1191.16541
229.5228,0.170764,12.77292981,0,1185.536974
229.6228,0.1707085,12.77292981,0,1179.910061
229.7228,0.1706531,12.77292981,0,1174.284672
229.8228,0.1705979,12.77292981,0,1168.660502
229.9228,0.1705427,12.77292981,0,1163.037857
230.0228,0.1704875,12.77292981,0,1157.41643
230.1228,0.1704323,12.77292981,0,1151.796833
230.2228,0.1703773,12.77292981,0,1146.17815
230.3228,0.1703222,12.77292981,0,1140.561295
230.4228,0.1702673,12.77292981,0,1134.945965
230.5228,0.1702123,12.77292981,0,1129.331854
230.6228,0.1701575,12.77292981,0,1123.718962
230.7228,0.1701028,12.77292981,0,1118.107898
230.8228,0.1700481,12.77292981,0,1112.498054
230.9228,0.1699934,12.77292981,0,1106.889734
231.0228,0.1699387,12.77292981,0,1101.282634
231.1228,0.1698842,12.77292981,0,1095.677057
231.2229,0.1698297,12.77292981,0,1090.073004
231.3229,0.1697752,12.77292981,0,1084.470475
231.4229,0.1697208,12.77292981,0,1078.869166
231.5229,0.1696665,12.77292981,0,1073.269075
231.6229,0.1696122,12.77292981,0,1067.670814
231.7229,0.169558,12.77292981,0,1062.073771
231.8229,0.1695038,12.77292981,0,1056.477948
231.9229,0.1694497,12.77292981,0,1050.883649
232.0229,0.1693956,12.77292981,0,1045.290874
232.1229,0.1693416,12.77292981,0,1039.699622
232.2229,0.1692877,12.77292981,0,1034.10959
232.3229,0.1692338,12.77292981,0,1028.520778
232.4229,0.16918,12.77292981,0,1022.933794
232.5229,0.1691262,12.77292981,0,1017.347724
232.6229,0.1690725,12.77292981,0,1011.763483
232.7229,0.1690188,12.77292981,0,1006.180462
232.823,0.1689652,12.77292981,0,1000.598659
232.923,0.1689116,12.77292981,0,995.0183808
233.023,0.1688581,12.77292981,0,989.4396264
233.123,0.1688046,12.77292981,0,983.8620912
233.223,0.1687512,12.77292981,0,978.28608
233.323,0.1686979,12.77292981,0,972.7115928
233.423,0.1686445,12.77292981,0,967.13802
233.523,0.1685913,12.77292981,0,961.566276
233.623,0.1685381,12.77292981,0,955.9957512
233.723,0.168485,12.77292981,0,950.4264456
233.823,0.1684319,12.77292981,0,944.858664
233.923,0.1683788,12.77292981,0,939.2924064
234.023,0.1683258,12.77292981,0,933.727368
234.123,0.1682729,12.77292981,0,928.1635488
234.223,0.16822,12.77292981,0,922.6015584
234.323,0.1681671,12.77292981,0,917.0404824
234.423,0.1681144,12.77292981,0,911.4809304
234.5231,0.1680616,12.77292981,0,905.9229024
234.6231,0.168009,12.77292981,0,900.3660936
234.7231,0.1679564,12.77292981,0,894.8108088
234.8231,0.1679037,12.77292981,0,889.2567432
234.9231,0.1678512,12.77292981,0,883.7038968
235.0231,0.1677987,12.77292981,0,878.1525744
235.1231,0.1677463,12.77292981,0,872.602776
235.2231,0.1676939,12.77292981,0,867.0541968
235.3231,0.1676416,12.77292981,0,861.5068368
235.4231,0.1675893,12.77292981,0,855.9610008
235.5231,0.1675372,12.77292981,0,850.4166888
235.6231,0.167485,12.77292981,0,844.8732912
235.7231,0.1674329,12.77292981,0,839.3317224
235.8231,0.1673809,12.77292981,0,833.791068
235.9231,0.1673288,12.77292981,0,828.2522424
236.0231,0.1672769,12.77292981,0,822.7143312
236.1232,0.1672249,12.77292981,0,817.177944
236.2232,0.1671731,12.77292981,0,811.642776
236.3232,0.1671213,12.77292981,0,806.109132
236.4232,0.1670696,12.77292981,0,800.5767072
236.5232,0.1670179,12.77292981,0,795.0458064
236.6232,0.1669662,12.77292981,0,789.5161248
236.7232,0.1669146,12.77292981,0,783.9879672
236.8232,0.166863,12.77292981,0,778.4610288
236.9232,0.1668115,12.77292981,0,772.9353096
237.0232,0.16676,12.77292981,0,767.4111144
237.1232,0.1667087,12.77292981,0,761.8881384
237.2232,0.1666573,12.77292981,0,756.3663816
237.3232,0.1666061,12.77292981,0,750.8461488
237.4232,0.1665548,12.77292981,0,745.3271352
237.5232,0.1665036,12.77292981,0,739.8093408
237.6232,0.1664525,12.77292981,0,734.2930704
237.7233,0.1664013,12.77292981,0,728.7780192
237.8233,0.1663503,12.77292981,0,723.264492
237.9233,0.1662993,12.77292981,0,717.752184
238.0233,0.1662483,12.77292981,0,712.2410952
238.1233,0.1661974,12.77292981,0,706.7315304
238.2233,0.1661465,12.77292981,0,701.2231848
238.3233,0.1660957,12.77292981,0,695.7160584
238.4233,0.1660449,12.77292981,0,690.210456
238.5233,0.1659942,12.77292981,0,684.7060728
238.6233,0.1659436,12.77292981,0,679.2029088
238.7233,0.1658929,12.77292981,0,673.700964
238.8233,0.1658424,12.77292981,0,668.2005432
238.9233,0.1657919,12.77292981,0,662.7016464
239.0233,0.1657414,12.77292981,0,657.203664
239.1233,0.165691,12.77292981,0,651.7072056
239.2233,0.1656406,12.77292981,0,646.2119664
239.3233,0.1655903,12.77292981,0,640.7179464
239.4234,0.16554,12.77292981,0,635.2254504
239.5234,0.1654898,12.77292981,0,629.7341736
239.6234,0.1654396,12.77292981,0,624.244116
239.7234,0.1653895,12.77292981,0,618.7555824
239.8234,0.1653394,12.77292981,0,613.2679632
239.9234,0.1652893,12.77292981,0,607.781868
240.0234,0.1652394,12.77292981,0,602.2972968
240.1234,0.1651894,12.77292981,0,596.81364
240.2234,0.1651395,12.77292981,0,591.3315072
240.3234,0.1650897,12.77292981,0,585.8505936
240.4234,0.1650399,12.77292981,0,580.3708992
240.5234,0.1649902,12.77292981,0,574.8927288
240.6234,0.1649405,12.77292981,0,569.4154728
240.7234,0.1648908,12.77292981,0,563.9400456
240.8234,0.1648412,12.77292981,0,558.4655328
240.9234,0.1647916,12.77292981,0,552.9922392
241.0235,0.1647421,12.77292981,0,547.5204696
241.1235,0.1646926,12.77292981,0,542.0499192
241.2235,0.1646432,12.77292981,0,536.580588
241.3235,0.1645938,12.77292981,0,531.112476
241.4235,0.1645445,12.77292981,0,525.645888
241.5235,0.1644952,12.77292981,0,520.1805192
241.6235,0.164446,12.77292981,0,514.7160648
241.7235,0.1643968,12.77292981,0,509.2534392
241.8235,0.1643476,12.77292981,0,503.791728
241.9235,0.1642986,12.77292981,0,498.331236
242.0235,0.1642495,12.77292981,0,492.872268
242.1235,0.1642005,12.77292981,0,487.4145192
242.2235,0.1641516,12.77292981,0,481.9579896
242.3235,0.1641026,12.77292981,0,476.5026792
242.4235,0.1640538,12.77292981,0,471.048588
242.5235,0.164005,12.77292981,0,465.5960208
242.6236,0.1639562,12.77292981,0,460.144368
242.7236,0.1639075,12.77292981,0,454.6942392
242.8236,0.1638588,12.77292981,0,449.2453296
242.9236,0.1638101,12.77292981,0,443.7976392
243.0236,0.1637615,12.77292981,0,438.351168
243.1236,0.1637129,12.77292981,0,432.9062208
243.2236,0.1636645,12.77292981,0,427.462188
243.3236,0.163616,12.77292981,0,422.0196792
243.4236,0.1635676,12.77292981,0,416.5783896
243.5236,0.1635192,12.77292981,0,411.1383192
243.6236,0.1634709,12.77292981,0,405.699468
243.7236,0.1634226,12.77292981,0,400.261836
243.8236,0.1633744,12.77292981,0,394.8254232
243.9236,0.1633262,12.77292981,0,389.3902296
244.0236,0.163278,12.77292981,0,383.95656
244.1236,0.1632299,12.77292981,0,378.5238048
244.2236,0.1631819,12.77292981,0,373.0925736
244.3237,0.1631339,12.77292981,0,367.6625616
244.4237,0.1630859,12.77292981,0,362.2337688
244.5237,0.163038,12.77292981,0,356.8058904
244.6237,0.1629901,12.77292981,0,351.379536
244.7237,0.1629423,12.77292981,0,345.9544008
244.8237,0.1628945,12.77292981,0,340.5307896
244.9237,0.1628467,12.77292981,0,335.1080928
245.0237,0.162799,12.77292981,0,329.6866152
245.1237,0.1627514,12.77292981,0,324.2663568
245.2237,0.1627037,12.77292981,0,318.8476224
245.3237,0.1626562,12.77292981,0,313.4298024
245.4237,0.1626087,12.77292981,0,308.0135064
245.5237,0.1625611,12.77292981,0,302.5981858
245.6237,0.1549322,12.77292981,0,297.436794
245.7237,0.1440439,12.77292981,0,292.6378094
245.8237,0.1307094,12.77292981,0,288.282827
245.9238,0.1161406,12.77292981,0,284.4130558
246.0238,0.1015802,12.77292981,0,281.0282822
246.1238,0.08798812,12.77292981,0,278.0962891
246.2238,0.0759159,12.77292981,0,275.5664796
246.3238,0.06555362,12.77292981,0,273.3819475
246.4238,0.056851,12.77292981,0,271.4873412
246.5238,0.04963402,12.77292981,0,269.8332221
246.6238,0.04368561,12.77292981,0,268.3773144
246.7238,0.03879054,12.77292981,0,267.0845052
246.8238,0.03475604,12.77292981,0,265.9261738
246.9238,0.03141834,12.77292981,0,264.8790334
247.0238,0.02864227,12.77292981,0,263.9243998
247.1238,0.02631817,12.77292981,0,263.0472463
247.2238,0.02435786,12.77292981,0,262.2354115
247.3238,0.02269084,12.77292981,0,261.4791113
247.4238,0.02126091,12.77292981,0,260.7704818
247.5238,0.02002333,12.77292981,0,260.1030917
247.6239,0.0192579,12.77292981,0,259.4612134
247.7239,0.01877028,12.77292981,0,258.8355809
247.8239,0.01845392,12.77292981,0,258.2204945
247.9239,0.01824626,12.77292981,0,257.612327
248.0239,0.01810889,12.77292981,0,257.0087011
248.1239,0.01801752,12.77292981,0,256.4081537
248.2239,0.01795649,12.77292981,0,255.8096179
248.3239,0.01791558,12.77292981,0,255.2124538
248.4239,0.01788805,12.77292981,0,254.6161735
248.5239,0.01786947,12.77292981,0,254.0205334
248.6239,0.01785684,12.77292981,0,253.4253199
248.7239,0.0178482,12.77292981,0,252.8303808
248.8239,0.01784223,12.77292981,0,252.2356246
248.9239,0.01783805,12.77292981,0,251.6410207
249.0239,0.01783506,12.77292981,0,251.0465083
249.1239,0.01783287,12.77292981,0,250.4520569
249.224,0.01783123,12.77292981,0,249.8576359
249.324,0.01782994,12.77292981,0,249.2632759
249.424,0.01782889,12.77292981,0,248.6689464
249.524,0.01782801,12.77292981,0,248.0746474
249.624,0.01782723,12.77292981,0,247.4803483
249.724,0.01782653,12.77292981,0,246.8860798
249.824,0.01782588,12.77292981,0,246.2918417
249.924,0.01782525,12.77292981,0,245.6976036
250.024,0.01782465,12.77292981,0,245.103396
250.124,0.01782406,12.77292981,0,244.5091884
250.224,0.01782348,12.77292981,0,243.9150113
250.324,0.01782291,12.77292981,0,243.3208646
250.424,0.01782234,12.77292981,0,242.7266875
250.524,0.01782178,12.77292981,0,242.1325409
250.624,0.01782122,12.77292981,0,241.5384247
250.724,0.01782067,12.77292981,0,240.944339
250.8241,0.0178201,12.77292981,0,240.3502229
250.9241,0.01781955,12.77292981,0,239.7561372
251.0241,0.01781899,12.77292981,0,239.162082
251.1241,0.01781844,12.77292981,0,238.5680268
251.2241,0.01781787,12.77292981,0,237.9740021
251.3241,0.01781732,12.77292981,0,237.3799774
251.4241,0.01781676,12.77292981,0,236.7859526
251.5241,0.01781621,12.77292981,0,236.1919584
251.6241,0.01781564,12.77292981,0,235.5979946
251.7241,0.01781509,12.77292981,0,235.0040309
251.8241,0.01781453,12.77292981,0,234.4100671
251.9241,0.01781397,12.77292981,0,233.8161338
252.0241,0.01781341,12.77292981,0,233.2222006
252.1241,0.01781286,12.77292981,0,232.6282978
252.2241,0.0178123,12.77292981,0,232.0344254
252.3241,0.01781175,12.77292981,0,231.4405226
252.4241,0.01781119,12.77292981,0,230.8466808
252.5242,0.01781064,12.77292981,0,230.252839
252.6242,0.01781008,12.77292981,0,229.6589971
252.7242,0.01780953,12.77292981,0,229.0651553
252.8242,0.01780897,12.77292981,0,228.4713439
252.9242,0.01780841,12.77292981,0,227.877563
253.0242,0.01780785,12.77292981,0,227.2837822
253.1242,0.0178073,12.77292981,0,226.6900013
253.2242,0.01780674,12.77292981,0,226.0962509
253.3242,0.01780619,12.77292981,0,225.502531
253.4242,0.01780563,12.77292981,0,224.908811
253.5242,0.01780508,12.77292981,0,224.3151216
253.6242,0.01780452,12.77292981,0,223.7214017
253.7242,0.01780397,12.77292981,0,223.1277427
253.8242,0.01780341,12.77292981,0,222.5340838
253.9242,0.01780286,12.77292981,0,221.9404248
254.0242,0.0178023,12.77292981,0,221.3467963
254.1243,0.01780174,12.77292981,0,220.7531678
254.2243,0.01780118,12.77292981,0,220.1595698
254.3243,0.01780063,12.77292981,0,219.5659718
254.4243,0.01780007,12.77292981,0,218.9724043
254.5243,0.01779952,12.77292981,0,218.3788368
254.6243,0.01779896,12.77292981,0,217.7852998
254.7243,0.01779841,12.77292981,0,217.1917627
254.8243,0.01779785,12.77292981,0,216.5982257
254.9243,0.0177973,12.77292981,0,216.0047191
255.0243,0.01779674,12.77292981,0,215.411243
255.1243,0.01779619,12.77292981,0,214.817767
255.2243,0.01779563,12.77292981,0,214.2242909
255.3243,0.01779508,12.77292981,0,213.6308453
255.4243,0.01779452,12.77292981,0,213.0374302
255.5243,0.01779397,12.77292981,0,212.444015
255.6243,0.01779341,12.77292981,0,211.8505999
255.7243,0.01779286,12.77292981,0,211.2572153
255.8244,0.0177923,12.77292981,0,210.6638306
255.9244,0.01779175,12.77292981,0,210.0704765
256.0244,0.0177912,12.77292981,0,209.4771223
256.1244,0.01779064,12.77292981,0,208.8837986
256.2244,0.01779008,12.77292981,0,208.290475
256.3244,0.01778953,12.77292981,0,207.6971513
256.4244,0.01778898,12.77292981,0,207.1038886
256.5244,0.01778842,12.77292981,0,206.5105954
256.6244,0.01778787,12.77292981,0,205.9173326
256.7244,0.01778731,12.77292981,0,205.3240699
256.8244,0.01778676,12.77292981,0,204.7308377
256.9244,0.0177862,12.77292981,0,204.1376359
257.0244,0.01778565,12.77292981,0,203.5444342
257.1244,0.01778509,12.77292981,0,202.9512324
257.2244,0.01778454,12.77292981,0,202.3580611
257.3244,0.01778398,12.77292981,0,201.7649203
257.4244,0.01778343,12.77292981,0,201.171749
257.5244,0.01778287,12.77292981,0,200.5786082
257.6245,0.01778232,12.77292981,0,199.9854979
257.7245,0.01778177,12.77292981,0,199.3924181
257.8245,0.01778121,12.77292981,0,198.7993078
257.9245,0.01778066,12.77292981,0,198.2062279
258.0245,0.01778011,12.77292981,0,197.6131786
258.1245,0.01777956,12.77292981,0,197.0201292
258.2245,0.017779,12.77292981,0,196.4271103
258.3245,0.01777845,12.77292981,0,195.834061
258.4245,0.01777789,12.77292981,0,195.2410726
258.5245,0.01777734,12.77292981,0,194.6480842
258.6245,0.01777678,12.77292981,0,194.0551262
258.7245,0.01777623,12.77292981,0,193.4621378
258.8245,0.01777568,12.77292981,0,192.8691799
258.9245,0.01777513,12.77292981,0,192.2762525
259.0245,0.01777458,12.77292981,0,191.6833555
259.1245,0.01777402,12.77292981,0,191.0904281
259.2245,0.01777347,12.77292981,0,190.4975311
259.3246,0.01777291,12.77292981,0,189.9046646
259.4246,0.01777236,12.77292981,0,189.3117982
259.5246,0.0177718,12.77292981,0,188.7189622
259.6246,0.01777126,12.77292981,0,188.1261262
259.7246,0.01777071,12.77292981,0,187.5333206
259.8246,0.01777015,12.77292981,0,186.9405151
259.9246,0.0177696,12.77292981,0,186.3477401
260.0246,0.01776905,12.77292981,0,185.754965
260.1246,0.0177685,12.77292981,0,185.16219
260.2246,0.01776794,12.77292981,0,184.5694454
260.3246,0.01776739,12.77292981,0,183.9767009
260.4246,0.01776684,12.77292981,0,183.3839868
260.5246,0.01776629,12.77292981,0,182.7912727
260.6246,0.01776573,12.77292981,0,182.1985891
260.7246,0.01776519,12.77292981,0,181.6059055
260.8246,0.01776464,12.77292981,0,181.0132524
260.9247,0.01776408,12.77292981,0,180.4205993
261.0247,0.01776353,12.77292981,0,179.8279766
261.1247,0.01776297,12.77292981,0,179.235354
261.2247,0.01776242,12.77292981,0,178.6427618
261.3247,0.01776187,12.77292981,0,178.0501697
261.4247,0.01776132,12.77292981,0,177.4575775
261.5247,0.01776077,12.77292981,0,176.8650158
261.6247,0.01776021,12.77292981,0,176.2724846
261.7247,0.01775967,12.77292981,0,175.679923
261.8247,0.01775911,12.77292981,0,175.0874222
261.9247,0.01775856,12.77292981,0,174.4949215
262.0247,0.01775801,12.77292981,0,173.9024208
262.1247,0.01775746,12.77292981,0,173.3099506
262.2247,0.01775691,12.77292981,0,172.7174803
262.3247,0.01775635,12.77292981,0,172.1250406
262.4247,0.01775581,12.77292981,0,171.5326008
262.5247,0.01775525,12.77292981,0,170.940161
262.6248,0.01775471,12.77292981,0,170.3477518
262.7248,0.01775415,12.77292981,0,169.755373
262.8248,0.0177536,12.77292981,0,169.1629942
262.9248,0.01775305,12.77292981,0,168.5706458
263.0248,0.0177525,12.77292981,0,167.9782975
263.1248,0.01775195,12.77292981,0,167.3859492
263.2248,0.0177514,12.77292981,0,166.7936314
263.3248,0.01775085,12.77292981,0,166.201344
263.4248,0.01775029,12.77292981,0,165.6090262
263.5248,0.01774975,12.77292981,0,165.0167693
263.6248,0.01774919,12.77292981,0,164.4244819
263.7248,0.01774864,12.77292981,0,163.8322555
263.8248,0.0177481,12.77292981,0,163.2399986
263.9248,0.01774754,12.77292981,0,162.6477722
264.0248,0.01774699,12.77292981,0,162.0555763
264.1248,0.01774645,12.77292981,0,161.4633804
264.2249,0.01774589,12.77292981,0,160.871215
264.3249,0.01774535,12.77292981,0,160.2790495
264.4249,0.01774479,12.77292981,0,159.6868841
264.5249,0.01774425,12.77292981,0,159.0947491
264.6249,0.01774369,12.77292981,0,158.5026446
264.7249,0.01774315,12.77292981,0,157.9105402
264.8249,0.0177426,12.77292981,0,157.3184357
264.9249,0.01774205,12.77292981,0,156.7263617
265.0249,0.0177415,12.77292981,0,156.1342877
265.1249,0.01774095,12.77292981,0,155.5422442
265.2249,0.0177404,12.77292981,0,154.9502311
265.3249,0.01773985,12.77292981,0,154.3581876
265.4249,0.0177393,12.77292981,0,153.7661746
265.5249,0.01773875,12.77292981,0,153.174192
265.6249,0.0177382,12.77292981,0,152.5822094
265.7249,0.01773765,12.77292981,0,151.9902574
265.825,0.01773711,12.77292981,0,151.3983053
265.925,0.01773655,12.77292981,0,150.8063532
266.025,0.017736,12.77292981,0,150.2144316
266.125,0.01773546,12.77292981,0,149.62251
266.225,0.01773491,12.77292981,0,149.0306189
266.325,0.01773436,12.77292981,0,148.4387582
266.425,0.0177338,12.77292981,0,147.8468976
266.525,0.01773326,12.77292981,0,147.255037
266.625,0.01773271,12.77292981,0,146.6632068
266.725,0.01773216,12.77292981,0,146.0713766
266.825,0.01773161,12.77292981,0,145.479577
266.925,0.01773106,12.77292981,0,144.8877773
267.025,0.01773051,12.77292981,0,144.2959776
267.125,0.01772996,12.77292981,0,143.7042389
267.225,0.01772941,12.77292981,0,143.1124697
267.325,0.01772887,12.77292981,0,142.520731
267.425,0.01772832,12.77292981,0,141.9290227
267.5251,0.01772777,12.77292981,0,141.337284
267.6251,0.01772722,12.77292981,0,140.7456062
267.7251,0.01772667,12.77292981,0,140.1539285
267.8251,0.01772613,12.77292981,0,139.5622507
267.9251,0.01772559,12.77292981,0,138.9706034
268.0251,0.01772503,12.77292981,0,138.3789562
268.1251,0.01772449,12.77292981,0,137.7873394
268.2251,0.01772393,12.77292981,0,137.1957226
268.3251,0.01772339,12.77292981,0,136.6041058
268.4251,0.01772284,12.77292981,0,136.0125499
268.5251,0.01772229,12.77292981,0,135.4209636
268.6251,0.01772175,12.77292981,0,134.8294078
268.7251,0.0177212,12.77292981,0,134.2378519
268.8251,0.01772065,12.77292981,0,133.6463266
268.9251,0.0177201,12.77292981,0,133.0548317
269.0251,0.01771955,12.77292981,0,132.4633368
269.1252,0.01771901,12.77292981,0,131.8718419
269.2252,0.01771845,12.77292981,0,131.2803775
269.3252,0.01771791,12.77292981,0,130.6889131
269.4252,0.01771736,12.77292981,0,130.0974792
269.5252,0.01771681,12.77292981,0,129.5060453
269.6252,0.01771627,12.77292981,0,128.9146418
269.7252,0.01771572,12.77292981,0,128.3232384
269.8252,0.01771517,12.77292981,0,127.7318654
269.9252,0.01771463,12.77292981,0,127.1404925
270.0252,0.01771408,12.77292981,0,126.5491195
270.1252,0.01771353,12.77292981,0,125.957777
270.2252,0.01771299,12.77292981,0,125.366465
270.3252,0.01771244,12.77292981,0,124.775153
270.4252,0.01771189,12.77292981,0,124.183841
270.5252,0.01771135,12.77292981,0,123.5925595
270.6252,0.01771079,12.77292981,0,123.001278
270.7253,0.01771025,12.77292981,0,122.410027
270.8253,0.01770971,12.77292981,0,121.8187759
270.9253,0.01770916,12.77292981,0,121.2275554
271.0253,0.01770861,12.77292981,0,120.6363348
271.1253,0.01770806,12.77292981,0,120.0451142
271.2253,0.01770752,12.77292981,0,119.4539242
271.3253,0.01770697,12.77292981,0,118.8627646
271.4253,0.01770642,12.77292981,0,118.271605
271.5253,0.01770588,12.77292981,0,117.6804454
271.6253,0.01770534,12.77292981,0,117.0893162
271.7253,0.01770478,12.77292981,0,116.4982176
271.8253,0.01770424,12.77292981,0,115.907119
271.9253,0.0177037,12.77292981,0,115.3160203
272.0253,0.01770315,12.77292981,0,114.7249522
272.1253,0.0177026,12.77292981,0,114.133884
272.2253,0.01770206,12.77292981,0,113.5428463
272.3253,0.01770151,12.77292981,0,112.9518086
272.4254,0.01770097,12.77292981,0,112.3608014
272.5254,0.01770042,12.77292981,0,111.7697942
272.6254,0.01769987,12.77292981,0,111.1788175
272.7254,0.01769933,12.77292981,0,110.5878408
272.8254,0.01769878,12.77292981,0,109.9968641
272.9254,0.01769823,12.77292981,0,109.4059178
273.0254,0.01769769,12.77292981,0,108.8149716
273.1254,0.01769714,12.77292981,0,108.2240558
273.2254,0.0176966,12.77292981,0,107.6331706
273.3254,0.01769606,12.77292981,0,107.0422548
273.4254,0.01769551,12.77292981,0,106.4514
273.5254,0.01769496,12.77292981,0,105.8605147
273.6254,0.01769442,12.77292981,0,105.2696904
273.7254,0.01769387,12.77292981,0,104.6788356
273.8254,0.01769333,12.77292981,0,104.0880113
273.9254,0.01769279,12.77292981,0,103.4972174
274.0255,0.01769223,12.77292981,0,102.9064236
274.1255,0.01769169,12.77292981,0,102.3156298
274.2255,0.01769115,12.77292981,0,101.7248664
274.3255,0.0176906,12.77292981,0,101.134103
274.4255,0.01769006,12.77292981,0,100.5433702
274.5255,0.01768952,12.77292981,0,99.95263728
274.6255,0.01768897,12.77292981,0,99.36193488
274.7255,0.01768843,12.77292981,0,98.77123248
274.8255,0.01768788,12.77292981,0,98.18056056
274.9255,0.01768733,12.77292981,0,97.58988864
275.0255,0.01768679,12.77292981,0,96.9992472
275.1255,0.01768625,12.77292981,0,96.40860576
275.2255,0.0176857,12.77292981,0,95.81796432
275.3255,0.01768516,12.77292981,0,95.22738384
275.4255,0.01768461,12.77292981,0,94.63677288
275.5255,0.01768406,12.77292981,0,94.0461924
275.6255,0.01768352,12.77292981,0,93.45561192
275.7256,0.01768298,12.77292981,0,92.86506192
275.8256,0.01768243,12.77292981,0,92.2745424
275.9256,0.01768189,12.77292981,0,91.68402288
276.0256,0.01768135,12.77292981,0,91.09350336
276.1256,0.0176808,12.77292981,0,90.50301432
276.2256,0.01768026,12.77292981,0,89.91252528
276.3256,0.01767972,12.77292981,0,89.32206672
276.4256,0.01767918,12.77292981,0,88.73160816
276.5256,0.01767863,12.77292981,0,88.1411496
276.6256,0.01767809,12.77292981,0,87.55072152
276.7256,0.01767754,12.77292981,0,86.96032392
276.8256,0.017677,12.77292981,0,86.36992632
276.9256,0.01767646,12.77292981,0,85.77952872
277.0256,0.01767592,12.77292981,0,85.1891616
277.1256,0.01767536,12.77292981,0,84.59879448
277.2256,0.01767482,12.77292981,0,84.00845784
277.3257,0.01767428,12.77292981,0,83.4181212
277.4257,0.01767373,12.77292981,0,82.82781504
277.5257,0.01767319,12.77292981,0,82.23750888
277.6257,0.01767265,12.77292981,0,81.6472332
277.7257,0.0176721,12.77292981,0,81.05695752
277.8257,0.01767156,12.77292981,0,80.46671232
277.9257,0.01767102,12.77292981,0,79.87646712
278.0257,0.01767047,12.77292981,0,79.28622192
278.1257,0.01766993,12.77292981,0,78.6960072
278.2257,0.01766939,12.77292981,0,78.10579248
278.3257,0.01766884,12.77292981,0,77.51560824
278.4257,0.0176683,12.77292981,0,76.92545448
278.5257,0.01766776,12.77292981,0,76.33527024
278.6257,0.01766722,12.77292981,0,75.74514696
278.7257,0.01766667,12.77292981,0,75.1549932
278.8257,0.01766613,12.77292981,0,74.5649004
278.9258,0.01766559,12.77292981,0,73.97477712
279.0258,0.01766504,12.77292981,0,73.38468432
279.1258,0.0176645,12.77292981,0,72.794622
279.2258,0.01766396,12.77292981,0,72.20455968
279.3258,0.01766342,12.77292981,0,71.61449736
279.4258,0.01766287,12.77292981,0,71.02446552
279.5258,0.01766233,12.77292981,0,70.43446416
279.6258,0.01766179,12.77292981,0,69.8444628
279.7258,0.01766125,12.77292981,0,69.25446144
279.8258,0.0176607,12.77292981,0,68.66449056
279.9258,0.01766016,12.77292981,0,68.07451968
280.0258,0.01765962,12.77292981,0,67.48457928
280.1258,0.01765907,12.77292981,0,66.89463888
280.2258,0.01765853,12.77292981,0,66.30469848
280.3258,0.01765799,12.77292981,0,65.71478856
280.4258,0.01765744,12.77292981,0,65.12490912
280.5258,0.0176569,12.77292981,0,64.53502968
280.6259,0.01765637,12.77292981,0,63.94515024
280.7259,0.01765583,12.77292981,0,63.35530128
280.8259,0.01765528,12.77292981,0,62.76545232
280.9259,0.01765474,12.77292981,0,62.17563384
281.0259,0.0176542,12.77292981,0,61.58584584
281.1259,0.01765365,12.77292981,0,60.99602736
281.2259,0.01765312,12.77292981,0,60.40623936
281.3259,0.01765258,12.77292981,0,59.81648184
281.4259,0.01765203,12.77292981,0,59.22672432
281.5259,0.01765149,12.77292981,0,58.63699728
281.6259,0.01765095,12.77292981,0,58.04727024
281.7259,0.01765041,12.77292981,0,57.4575432
281.8259,0.01764986,12.77292981,0,56.86784664
281.9259,0.01764932,12.77292981,0,56.27815008
282.0259,0.01764879,12.77292981,0,55.688484
282.1259,0.01764825,12.77292981,0,55.0988484
282.226,0.0176477,12.77292981,0,54.50918232
282.326,0.01764716,12.77292981,0,53.9195772
282.426,0.01764662,12.77292981,0,53.3299416
282.526,0.01764608,12.77292981,0,52.74033648
282.626,0.01764554,12.77292981,0,52.15076184
282.726,0.017645,12.77292981,0,51.5611872
282.826,0.01764446,12.77292981,0,50.97164304
282.926,0.01764391,12.77292981,0,50.3820684
283.026,0.01764338,12.77292981,0,49.79255472
283.126,0.01764285,12.77292981,0,49.20304104
283.226,0.0176423,12.77292981,0,48.61352736
283.326,0.01764176,12.77292981,0,48.02404416
283.426,0.01764122,12.77292981,0,47.43456096
283.526,0.01764068,12.77292981,0,46.84510824
283.626,0.01764014,12.77292981,0,46.25565552
283.726,0.0176396,12.77292981,0,45.66623328
283.826,0.01763906,12.77292981,0,45.07681104
283.9261,0.01763852,12.77292981,0,44.4873888
284.0261,0.01763798,12.77292981,0,43.89799704
284.1261,0.01763744,12.77292981,0,43.30863576
284.2261,0.0176369,12.77292981,0,42.71927448
284.3261,0.01763636,12.77292981,0,42.1299132
284.4261,0.01763582,12.77292981,0,41.5405824
284.5261,0.01763528,12.77292981,0,40.9512516
284.6261,0.01763474,12.77292981,0,40.36195128
284.7261,0.0176342,12.77292981,0,39.77265096
284.8261,0.01763366,12.77292981,0,39.18338112
284.9261,0.01763312,12.77292981,0,38.59411128
285.0261,0.01763258,12.77292981,0,38.00484144
285.1261,0.01763204,12.77292981,0,37.41560208
285.2261,0.0176315,12.77292981,0,36.8263932
285.3261,0.01763096,12.77292981,0,36.23718432
285.4261,0.01763043,12.77292981,0,35.64797544
285.5262,0.01762989,12.77292981,0,35.05879704
285.6262,0.01762935,12.77292981,0,34.46961864
285.7262,0.01762881,12.77292981,0,33.88047072
285.8262,0.01762827,12.77292981,0,33.2913228
285.9262,0.01762773,12.77292981,0,32.70220536
286.0262,0.01762719,12.77292981,0,32.11308792
286.1262,0.01762666,12.77292981,0,31.52400096
286.2262,0.01762612,12.77292981,0,30.934914
286.3262,0.01762557,12.77292981,0,30.34583923
286.4262,0.01762503,12.77292981,0,29.75678275
286.5262,0.0176245,12.77292981,0,29.16773542
286.6262,0.01762396,12.77292981,0,28.57870637
286.7262,0.01762342,12.77292981,0,27.98968951
286.8262,0.01762288,12.77292981,0,27.40068485
286.9262,0.01762234,12.77292981,0,26.81169542
287.0262,0.01762181,12.77292981,0,26.22272124
287.1263,0.01762127,12.77292981,0,25.63375925
287.2263,0.01762072,12.77292981,0,25.04480945
287.3263,0.01762019,12.77292981,0,24.45587794
287.4263,0.01761966,12.77292981,0,23.86695862
287.5263,0.01761912,12.77292981,0,23.27805149
287.6263,0.01761857,12.77292981,0,22.6891596
287.7263,0.01761804,12.77292981,0,22.1002799
287.8263,0.0176175,12.77292981,0,21.5114185
287.9263,0.01761696,12.77292981,0,20.92256623
288.0263,0.01761642,12.77292981,0,20.33373226
288.1263,0.01761589,12.77292981,0,19.74490742
288.2263,0.01761535,12.77292981,0,19.15610088
288.3263,0.01761481,12.77292981,0,18.56730653
288.4263,0.01761428,12.77292981,0,17.97852437
288.5263,0.01761374,12.77292981,0,17.3897605
288.6263,0.0176132,12.77292981,0,16.80100577
288.7263,0.01761266,12.77292981,0,16.21226933
288.8264,0.01761213,12.77292981,0,15.62354508
288.9264,0.01761158,12.77292981,0,15.03483302
289.0264,0.01761105,12.77292981,0,14.44613621
289.1264,0.01761052,12.77292981,0,13.85745158
289.2264,0.01760998,12.77292981,0,13.2687822
289.3264,0.01760943,12.77292981,0,12.68012806
289.4264,0.0176089,12.77292981,0,12.0914861
289.5264,0.01760836,12.77292981,0,11.50285634
289.6264,0.01760783,12.77292981,0,10.91424182
289.7264,0.01760729,12.77292981,0,10.32564254
289.8264,0.01760676,12.77292981,0,9.737055456
289.9264,0.01760621,12.77292981,0,9.148483608
290.0264,0.01760568,12.77292981,0,8.559927
290.1264,0.01760514,12.77292981,0,7.971382584
290.2264,0.01760461,12.77292981,0,7.38285036
290.3264,0.01760407,12.77292981,0,6.794333376
290.4265,0.01760353,12.77292981,0,6.205831632
290.5265,0.017603,12.77292981,0,5.61734208
290.6265,0.01760246,12.77292981,0,5.028867768
290.7265,0.01760193,12.77292981,0,4.440405648
290.8265,0.01760138,12.77292981,0,3.851958768
290.9265,0.01760085,12.77292981,0,3.26352408
291.0265,0.01760031,12.77292981,0,2.675104022
291.1265,0.01759978,12.77292981,0,2.086697986
291.2265,0.01759925,12.77292981,0,1.498305665
291.3265,0.0175987,12.77292981,0,0.90992767
